record,focus,pred,prob,correct,set_id,subject,exercise,set_nr
2,1,1,0.62498343,True,2,0,0,3
11,0,0,9.878106e-05,True,11,0,2,4
12,1,1,0.99519134,True,12,1,0,1
13,0,1,0.8748939,False,13,1,0,2
9,0,0,0.057424795,True,9,0,2,2
10,1,1,0.53439623,True,10,0,2,3
16,1,1,0.9887628,True,16,1,1,1
21,0,0,0.35790783,True,21,1,2,2
3,0,0,0.00049015984,True,3,0,0,4
4,1,0,0.49004593,False,4,0,1,1
12,1,1,0.9103846,True,12,1,0,1
21,0,0,0.4427862,True,21,1,2,2
0,1,1,0.99884504,True,0,0,0,1
7,0,0,0.00067728234,True,7,0,1,4
15,0,0,0.0022491266,True,15,1,0,4
18,1,1,0.9746317,True,18,1,1,3
2,1,1,0.73538435,True,2,0,0,3
5,0,0,0.24334732,True,5,0,1,2
12,1,1,0.94229555,True,12,1,0,1
15,0,0,0.0012456549,True,15,1,0,4
1,0,0,0.20364736,True,1,0,0,2
4,1,0,0.13882281,False,4,0,1,1
18,1,1,0.91806215,True,18,1,1,3
19,0,0,0.011967627,True,19,1,1,4
1,0,0,0.0964625,True,1,0,0,2
8,1,1,0.97896266,True,8,0,2,1
16,1,1,0.99682164,True,16,1,1,1
19,0,0,0.27738875,True,19,1,1,4
2,1,1,0.6224446,True,2,0,0,3
5,0,0,0.4131186,True,5,0,1,2
18,1,1,0.9952654,True,18,1,1,3
19,0,0,0.11983667,True,19,1,1,4
4,1,0,0.20884551,False,4,0,1,1
7,0,0,0.001478262,True,7,0,1,4
14,1,0,0.008680963,False,14,1,0,3
21,0,0,0.38482106,True,21,1,2,2
6,1,1,0.9996089,True,6,0,1,3
11,0,0,0.115778625,True,11,0,2,4
14,1,0,0.013390258,False,14,1,0,3
23,0,0,0.1624615,True,23,1,2,4
6,1,1,0.9994645,True,6,0,1,3
9,0,0,0.1118503,True,9,0,2,2
18,1,1,0.99718755,True,18,1,1,3
21,0,0,0.38902104,True,21,1,2,2
1,0,0,0.052922033,True,1,0,0,2
2,1,1,0.99579006,True,2,0,0,3
18,1,1,0.978948,True,18,1,1,3
21,0,1,0.5877336,False,21,1,2,2
0,1,1,0.9974422,True,0,0,0,1
9,0,0,0.17092493,True,9,0,2,2
12,1,1,0.8372026,True,12,1,0,1
21,0,0,0.31000406,True,21,1,2,2
2,1,1,0.99467146,True,2,0,0,3
9,0,0,0.009544532,True,9,0,2,2
21,0,0,0.17285156,True,21,1,2,2
22,1,1,0.60258174,True,22,1,2,3
1,0,0,0.15254048,True,1,0,0,2
10,1,1,0.9140241,True,10,0,2,3
19,0,0,0.21506532,True,19,1,1,4
22,1,0,0.17137814,False,22,1,2,3
1,0,0,0.26335096,True,1,0,0,2
2,1,1,0.8524505,True,2,0,0,3
18,1,1,0.9961322,True,18,1,1,3
19,0,0,0.003080508,True,19,1,1,4
3,0,0,0.0017164792,True,3,0,0,4
4,1,1,0.55670464,True,4,0,1,1
19,0,0,0.14514829,True,19,1,1,4
20,1,1,0.9687359,True,20,1,2,1
4,1,1,0.66209996,True,4,0,1,1
11,0,0,0.0010426465,True,11,0,2,4
15,0,0,0.00059274054,True,15,1,0,4
22,1,0,0.051988516,False,22,1,2,3
1,0,0,0.24708623,True,1,0,0,2
6,1,1,0.9500343,True,6,0,1,3
20,1,1,0.93047374,True,20,1,2,1
23,0,0,0.006682409,True,23,1,2,4
4,1,1,0.64486045,True,4,0,1,1
7,0,0,0.00018000523,True,7,0,1,4
12,1,1,0.987943,True,12,1,0,1
17,0,0,0.0075993473,True,17,1,1,2
7,0,0,0.00428935,True,7,0,1,4
8,1,1,0.9878722,True,8,0,2,1
13,0,1,0.98545337,False,13,1,0,2
22,1,0,0.09017859,False,22,1,2,3
4,1,0,0.31696934,False,4,0,1,1
9,0,0,0.07861226,True,9,0,2,2
15,0,0,0.0030311977,True,15,1,0,4
18,1,1,0.9010551,True,18,1,1,3
3,0,0,0.0011379637,True,3,0,0,4
10,1,1,0.6068498,True,10,0,2,3
12,1,1,0.98889345,True,12,1,0,1
23,0,0,0.071848035,True,23,1,2,4
6,1,1,0.9959151,True,6,0,1,3
11,0,0,0.00226254,True,11,0,2,4
17,0,0,0.009537593,True,17,1,1,2
18,1,1,0.99329686,True,18,1,1,3
0,1,1,0.998489,True,0,0,0,1
7,0,0,0.0014176242,True,7,0,1,4
17,0,0,0.034420803,True,17,1,1,2
20,1,1,0.8694974,True,20,1,2,1
4,1,1,0.60472786,True,4,0,1,1
11,0,0,0.0020716945,True,11,0,2,4
19,0,0,0.0029620654,True,19,1,1,4
20,1,1,0.8565247,True,20,1,2,1
0,1,1,0.9996489,True,0,0,0,1
5,0,0,0.4703436,True,5,0,1,2
14,1,0,0.15767872,False,14,1,0,3
23,0,0,0.13348527,True,23,1,2,4
1,0,0,0.00030015362,True,1,0,0,2
2,1,1,0.70475,True,2,0,0,3
14,1,0,0.016271261,False,14,1,0,3
15,0,0,0.0004786309,True,15,1,0,4
8,1,1,0.99223197,True,8,0,2,1
9,0,0,0.01142051,True,9,0,2,2
13,0,1,0.96209276,False,13,1,0,2
20,1,1,0.9417277,True,20,1,2,1
0,1,1,0.99976355,True,0,0,0,1
7,0,0,0.00042837462,True,7,0,1,4
13,0,1,0.909066,False,13,1,0,2
22,1,0,0.21180731,False,22,1,2,3
0,1,1,0.999215,True,0,0,0,1
1,0,0,0.014536249,True,1,0,0,2
13,0,1,0.77915335,False,13,1,0,2
22,1,0,0.14236182,False,22,1,2,3
6,1,1,0.99913204,True,6,0,1,3
9,0,0,0.078908384,True,9,0,2,2
12,1,1,0.9428844,True,12,1,0,1
17,0,0,0.011429089,True,17,1,1,2
1,0,0,0.022745421,True,1,0,0,2
8,1,1,0.8996974,True,8,0,2,1
12,1,1,0.92760074,True,12,1,0,1
15,0,0,0.0006720156,True,15,1,0,4
3,0,0,0.013300128,True,3,0,0,4
10,1,1,0.7857662,True,10,0,2,3
14,1,0,0.13040745,False,14,1,0,3
15,0,0,0.0009362079,True,15,1,0,4
0,1,1,0.9998241,True,0,0,0,1
3,0,0,0.08918293,True,3,0,0,4
13,0,1,0.9992339,False,13,1,0,2
20,1,1,0.9358285,True,20,1,2,1
4,1,0,0.1726205,False,4,0,1,1
11,0,0,0.014416138,True,11,0,2,4
13,0,1,0.9871009,False,13,1,0,2
20,1,1,0.5855029,True,20,1,2,1
5,0,0,0.26378405,True,5,0,1,2
8,1,1,0.97649854,True,8,0,2,1
19,0,0,0.11645886,True,19,1,1,4
20,1,1,0.8796468,True,20,1,2,1
1,0,0,0.007447131,True,1,0,0,2
10,1,1,0.71225065,True,10,0,2,3
12,1,1,0.72280586,True,12,1,0,1
21,0,0,0.3236587,True,21,1,2,2
0,1,1,0.99470955,True,0,0,0,1
5,0,0,0.026026731,True,5,0,1,2
16,1,1,0.8929373,True,16,1,1,1
17,0,0,0.001992977,True,17,1,1,2
1,0,0,0.029094733,True,1,0,0,2
6,1,1,0.9993742,True,6,0,1,3
21,0,0,0.2469173,True,21,1,2,2
22,1,1,0.839794,True,22,1,2,3
6,1,1,0.999029,True,6,0,1,3
7,0,0,0.0013358956,True,7,0,1,4
12,1,1,0.97345006,True,12,1,0,1
15,0,0,0.0033227233,True,15,1,0,4
4,1,0,0.0626528,False,4,0,1,1
9,0,0,0.25381836,True,9,0,2,2
17,0,0,0.020743703,True,17,1,1,2
18,1,0,0.4098812,False,18,1,1,3
3,0,0,0.0055759563,True,3,0,0,4
8,1,1,0.9737967,True,8,0,2,1
20,1,1,0.95188314,True,20,1,2,1
23,0,0,0.014357729,True,23,1,2,4
4,1,0,0.2596248,False,4,0,1,1
7,0,0,0.0007178411,True,7,0,1,4
16,1,1,0.99330586,True,16,1,1,1
23,0,0,0.01712108,True,23,1,2,4
2,1,1,0.8488706,True,2,0,0,3
5,0,1,0.6214782,False,5,0,1,2
19,0,0,0.23376177,True,19,1,1,4
20,1,1,0.91411227,True,20,1,2,1
3,0,0,0.0017839576,True,3,0,0,4
4,1,0,0.45617536,False,4,0,1,1
12,1,1,0.98331,True,12,1,0,1
19,0,0,0.22522321,True,19,1,1,4
2,1,1,0.8368763,True,2,0,0,3
11,0,0,0.0024293717,True,11,0,2,4
15,0,0,0.0022987318,True,15,1,0,4
20,1,1,0.9883201,True,20,1,2,1
2,1,1,0.9742109,True,2,0,0,3
11,0,0,0.00025133643,True,11,0,2,4
15,0,0,0.0016505657,True,15,1,0,4
22,1,0,0.09570289,False,22,1,2,3
7,0,0,0.009220655,True,7,0,1,4
8,1,1,0.93008554,True,8,0,2,1
19,0,0,0.38435036,True,19,1,1,4
20,1,1,0.8153884,True,20,1,2,1
2,1,1,0.98795223,True,2,0,0,3
5,0,0,0.17773683,True,5,0,1,2
21,0,0,0.10690153,True,21,1,2,2
22,1,0,0.31686133,False,22,1,2,3
6,1,1,0.99552464,True,6,0,1,3
7,0,0,0.0058526983,True,7,0,1,4
21,0,0,0.23824158,True,21,1,2,2
22,1,1,0.67118084,True,22,1,2,3
1,0,0,0.26474944,True,1,0,0,2
2,1,1,0.975387,True,2,0,0,3
16,1,1,0.99756837,True,16,1,1,1
23,0,0,0.085278854,True,23,1,2,4
0,1,1,0.9953613,True,0,0,0,1
11,0,0,0.019176982,True,11,0,2,4
12,1,1,0.914578,True,12,1,0,1
21,0,1,0.55942047,False,21,1,2,2
2,1,1,0.9803442,True,2,0,0,3
7,0,0,0.006960472,True,7,0,1,4
17,0,0,0.017851507,True,17,1,1,2
22,1,0,0.08169946,False,22,1,2,3
6,1,1,0.96704817,True,6,0,1,3
9,0,0,0.011840751,True,9,0,2,2
12,1,1,0.8361606,True,12,1,0,1
23,0,0,0.0116348695,True,23,1,2,4
7,0,0,0.10049439,True,7,0,1,4
10,1,1,0.7508522,True,10,0,2,3
21,0,0,0.31123096,True,21,1,2,2
22,1,1,0.8019293,True,22,1,2,3
2,1,1,0.6765534,True,2,0,0,3
11,0,0,0.004276112,True,11,0,2,4
18,1,1,0.97374046,True,18,1,1,3
23,0,0,0.0050119055,True,23,1,2,4
6,1,1,0.998167,True,6,0,1,3
7,0,0,0.0017372981,True,7,0,1,4
12,1,1,0.976277,True,12,1,0,1
23,0,0,0.028731488,True,23,1,2,4
8,1,1,0.8970441,True,8,0,2,1
11,0,0,0.013811184,True,11,0,2,4
12,1,1,0.988426,True,12,1,0,1
23,0,0,0.07878051,True,23,1,2,4
2,1,1,0.9781307,True,2,0,0,3
5,0,0,0.20371051,True,5,0,1,2
16,1,0,0.4440037,False,16,1,1,1
21,0,1,0.55661154,False,21,1,2,2
1,0,0,0.25528565,True,1,0,0,2
10,1,1,0.95107013,True,10,0,2,3
16,1,1,0.9985533,True,16,1,1,1
19,0,0,0.06873156,True,19,1,1,4
0,1,1,0.99909115,True,0,0,0,1
5,0,1,0.57757705,False,5,0,1,2
14,1,0,0.10062824,False,14,1,0,3
17,0,0,0.0440112,True,17,1,1,2
4,1,0,0.22629115,False,4,0,1,1
9,0,0,0.07670881,True,9,0,2,2
13,0,1,0.7956014,False,13,1,0,2
16,1,1,0.9945069,True,16,1,1,1
4,1,0,0.0731069,False,4,0,1,1
9,0,0,0.0028816003,True,9,0,2,2
14,1,0,0.03211328,False,14,1,0,3
19,0,0,0.0036435015,True,19,1,1,4
1,0,0,0.00074440776,True,1,0,0,2
8,1,1,0.9987283,True,8,0,2,1
14,1,0,0.25147778,False,14,1,0,3
15,0,0,0.0022678804,True,15,1,0,4
1,0,0,0.00022860168,True,1,0,0,2
2,1,0,0.4384369,False,2,0,0,3
13,0,0,0.39446223,True,13,1,0,2
14,1,0,0.47958893,False,14,1,0,3
7,0,0,0.0020866718,True,7,0,1,4
10,1,0,0.17284137,False,10,0,2,3
13,0,1,0.98542,False,13,1,0,2
20,1,1,0.91643596,True,20,1,2,1
3,0,0,0.00043587893,True,3,0,0,4
4,1,0,0.14762288,False,4,0,1,1
14,1,0,0.038739067,False,14,1,0,3
15,0,0,0.00015061739,True,15,1,0,4
9,0,0,0.035322078,True,9,0,2,2
10,1,1,0.5097476,True,10,0,2,3
20,1,1,0.8978478,True,20,1,2,1
23,0,0,0.013214095,True,23,1,2,4
1,0,0,0.17018476,True,1,0,0,2
2,1,1,0.71368843,True,2,0,0,3
16,1,1,0.9946854,True,16,1,1,1
19,0,0,0.0026538812,True,19,1,1,4
4,1,0,0.41620374,False,4,0,1,1
5,0,0,0.0280608,True,5,0,1,2
17,0,0,0.24442153,True,17,1,1,2
20,1,0,0.3919608,False,20,1,2,1
2,1,1,0.98996997,True,2,0,0,3
9,0,0,0.20189333,True,9,0,2,2
20,1,1,0.988681,True,20,1,2,1
21,0,0,0.4474364,True,21,1,2,2
2,1,1,0.95981115,True,2,0,0,3
9,0,0,0.03232334,True,9,0,2,2
14,1,0,0.2830004,False,14,1,0,3
15,0,0,0.00041378927,True,15,1,0,4
0,1,1,0.99941814,True,0,0,0,1
7,0,0,0.0059317974,True,7,0,1,4
18,1,1,0.9980903,True,18,1,1,3
21,0,0,0.45431957,True,21,1,2,2
1,0,0,0.04809908,True,1,0,0,2
10,1,1,0.9159144,True,10,0,2,3
16,1,1,0.9800672,True,16,1,1,1
21,0,1,0.79884416,False,21,1,2,2
0,1,1,0.9993786,True,0,0,0,1
3,0,0,0.01389567,True,3,0,0,4
14,1,0,0.012118379,False,14,1,0,3
19,0,0,0.02840747,True,19,1,1,4
6,1,1,0.99722046,True,6,0,1,3
7,0,0,0.003917588,True,7,0,1,4
14,1,0,0.1090655,False,14,1,0,3
23,0,0,0.09937106,True,23,1,2,4
9,0,0,0.01823176,True,9,0,2,2
10,1,1,0.79609644,True,10,0,2,3
13,0,0,0.3765207,True,13,1,0,2
22,1,0,0.055428766,False,22,1,2,3
0,1,1,0.99780726,True,0,0,0,1
7,0,0,0.0022417298,True,7,0,1,4
12,1,1,0.7962265,True,12,1,0,1
19,0,0,0.26719382,True,19,1,1,4
0,1,1,0.9995239,True,0,0,0,1
3,0,0,0.00092865614,True,3,0,0,4
14,1,0,0.08322934,False,14,1,0,3
23,0,0,0.07140585,True,23,1,2,4
10,1,1,0.9809733,True,10,0,2,3
11,0,0,0.0032030833,True,11,0,2,4
15,0,0,0.0038542137,True,15,1,0,4
22,1,0,0.120065086,False,22,1,2,3
4,1,1,0.713759,True,4,0,1,1
5,0,0,0.123785555,True,5,0,1,2
14,1,0,0.2547242,False,14,1,0,3
15,0,0,0.00026857032,True,15,1,0,4
3,0,0,0.28296643,True,3,0,0,4
8,1,1,0.6499723,True,8,0,2,1
14,1,0,0.15442519,False,14,1,0,3
19,0,0,0.43803048,True,19,1,1,4
5,0,0,0.39395964,True,5,0,1,2
8,1,1,0.9116344,True,8,0,2,1
21,0,0,0.30388913,True,21,1,2,2
22,1,0,0.4225299,False,22,1,2,3
3,0,0,0.07428449,True,3,0,0,4
8,1,1,0.9941521,True,8,0,2,1
14,1,0,0.067153,False,14,1,0,3
15,0,0,0.00039351775,True,15,1,0,4
5,0,0,0.027284991,True,5,0,1,2
10,1,1,0.78755116,True,10,0,2,3
12,1,1,0.9988911,True,12,1,0,1
13,0,1,0.9974856,False,13,1,0,2
0,1,1,0.9987746,True,0,0,0,1
11,0,0,0.009262977,True,11,0,2,4
14,1,0,0.07935216,False,14,1,0,3
15,0,0,0.00077605085,True,15,1,0,4
1,0,0,0.25743407,True,1,0,0,2
4,1,0,0.34004277,False,4,0,1,1
22,1,0,0.09961933,False,22,1,2,3
23,0,0,0.00085739605,True,23,1,2,4
1,0,0,0.01645521,True,1,0,0,2
10,1,0,0.47305188,False,10,0,2,3
13,0,1,0.8264699,False,13,1,0,2
14,1,1,0.6660163,True,14,1,0,3
6,1,1,0.9882603,True,6,0,1,3
9,0,0,0.0029305907,True,9,0,2,2
12,1,1,0.97716343,True,12,1,0,1
19,0,0,0.010466946,True,19,1,1,4
0,1,1,0.9991607,True,0,0,0,1
7,0,0,0.004452585,True,7,0,1,4
18,1,1,0.99759865,True,18,1,1,3
23,0,0,0.0029288726,True,23,1,2,4
3,0,0,0.008100299,True,3,0,0,4
6,1,1,0.99816877,True,6,0,1,3
12,1,1,0.9961234,True,12,1,0,1
13,0,1,0.8671464,False,13,1,0,2
0,1,1,0.99469817,True,0,0,0,1
5,0,0,0.12392776,True,5,0,1,2
14,1,0,0.14896968,False,14,1,0,3
21,0,0,0.47721696,True,21,1,2,2
8,1,1,0.9278228,True,8,0,2,1
11,0,0,0.0025994247,True,11,0,2,4
22,1,0,0.13818505,False,22,1,2,3
23,0,0,0.0070784665,True,23,1,2,4
1,0,0,0.23916341,True,1,0,0,2
10,1,1,0.8911063,True,10,0,2,3
15,0,0,0.0013814182,True,15,1,0,4
18,1,1,0.98899007,True,18,1,1,3
0,1,1,0.99909854,True,0,0,0,1
9,0,0,0.036490496,True,9,0,2,2
14,1,0,0.20199311,False,14,1,0,3
17,0,0,0.09404537,True,17,1,1,2
0,1,1,0.9990715,True,0,0,0,1
7,0,0,0.0021450405,True,7,0,1,4
18,1,1,0.999156,True,18,1,1,3
19,0,0,0.046082504,True,19,1,1,4
3,0,0,0.012133243,True,3,0,0,4
8,1,1,0.9580865,True,8,0,2,1
15,0,0,0.0035034444,True,15,1,0,4
20,1,1,0.96892065,True,20,1,2,1
2,1,1,0.986849,True,2,0,0,3
3,0,0,0.118521996,True,3,0,0,4
15,0,0,0.0061444486,True,15,1,0,4
22,1,0,0.13109119,False,22,1,2,3
3,0,0,0.0009986938,True,3,0,0,4
4,1,1,0.6046388,True,4,0,1,1
16,1,1,0.9913266,True,16,1,1,1
21,0,1,0.62342525,False,21,1,2,2
1,0,1,0.5087025,False,1,0,0,2
6,1,1,0.9957687,True,6,0,1,3
12,1,1,0.99421257,True,12,1,0,1
23,0,0,0.22757885,True,23,1,2,4
8,1,1,0.9720079,True,8,0,2,1
9,0,0,0.009103166,True,9,0,2,2
19,0,0,0.0033158557,True,19,1,1,4
20,1,1,0.9555114,True,20,1,2,1
5,0,0,0.06538223,True,5,0,1,2
10,1,0,0.002953565,False,10,0,2,3
20,1,0,0.17206511,False,20,1,2,1
21,0,0,0.13060763,True,21,1,2,2
0,1,1,0.99979055,True,0,0,0,1
9,0,0,0.112627625,True,9,0,2,2
15,0,0,0.004614506,True,15,1,0,4
16,1,1,0.9948889,True,16,1,1,1
2,1,1,0.9367614,True,2,0,0,3
9,0,0,0.100654885,True,9,0,2,2
13,0,1,0.99611115,False,13,1,0,2
18,1,1,0.9946839,True,18,1,1,3
0,1,1,0.99805033,True,0,0,0,1
7,0,0,0.0020238257,True,7,0,1,4
21,0,0,0.038110305,True,21,1,2,2
22,1,0,0.12714757,False,22,1,2,3
9,0,0,0.0021133397,True,9,0,2,2
10,1,0,0.4294741,False,10,0,2,3
14,1,0,0.1635862,False,14,1,0,3
15,0,0,0.00089222554,True,15,1,0,4
1,0,0,0.26728967,True,1,0,0,2
10,1,0,0.43043163,False,10,0,2,3
18,1,1,0.9701649,True,18,1,1,3
19,0,0,0.0027418365,True,19,1,1,4
3,0,0,0.018124528,True,3,0,0,4
6,1,1,0.9990953,True,6,0,1,3
16,1,1,0.9981336,True,16,1,1,1
17,0,0,0.008158119,True,17,1,1,2
1,0,0,0.30602518,True,1,0,0,2
10,1,0,0.4901583,False,10,0,2,3
16,1,1,0.99438643,True,16,1,1,1
23,0,0,0.006748128,True,23,1,2,4
5,0,0,0.35037234,True,5,0,1,2
8,1,1,0.9890265,True,8,0,2,1
17,0,0,0.004905264,True,17,1,1,2
18,1,1,0.9874195,True,18,1,1,3
2,1,1,0.9281067,True,2,0,0,3
9,0,0,0.14470235,True,9,0,2,2
17,0,0,0.13517065,True,17,1,1,2
18,1,1,0.98369265,True,18,1,1,3
9,0,0,0.048733167,True,9,0,2,2
10,1,1,0.6239072,True,10,0,2,3
15,0,0,0.0025871005,True,15,1,0,4
20,1,1,0.9780222,True,20,1,2,1
6,1,1,0.9990112,True,6,0,1,3
9,0,0,0.007965533,True,9,0,2,2
14,1,0,0.10008893,False,14,1,0,3
19,0,0,0.22753409,True,19,1,1,4
7,0,0,0.002761975,True,7,0,1,4
10,1,1,0.7438885,True,10,0,2,3
12,1,1,0.8795327,True,12,1,0,1
15,0,0,0.0013730916,True,15,1,0,4
1,0,0,0.01752989,True,1,0,0,2
10,1,1,0.5140706,True,10,0,2,3
14,1,0,0.034791503,False,14,1,0,3
21,0,0,0.464971,True,21,1,2,2
8,1,1,0.99444085,True,8,0,2,1
9,0,0,0.0285534,True,9,0,2,2
20,1,1,0.9989734,True,20,1,2,1
21,0,1,0.5301044,False,21,1,2,2
3,0,0,0.005176104,True,3,0,0,4
4,1,0,0.3344836,False,4,0,1,1
14,1,0,0.16769254,False,14,1,0,3
17,0,0,0.01358912,True,17,1,1,2
0,1,1,0.9997233,True,0,0,0,1
9,0,0,0.23093206,True,9,0,2,2
13,0,1,0.6486374,False,13,1,0,2
14,1,1,0.78762454,True,14,1,0,3
2,1,1,0.78838205,True,2,0,0,3
5,0,1,0.7083441,False,5,0,1,2
16,1,1,0.9964632,True,16,1,1,1
17,0,0,0.07616336,True,17,1,1,2
4,1,0,0.06729782,False,4,0,1,1
11,0,0,0.0057687173,True,11,0,2,4
12,1,1,0.98442453,True,12,1,0,1
17,0,0,0.0012596848,True,17,1,1,2
0,1,1,0.99887985,True,0,0,0,1
1,0,0,0.0377272,True,1,0,0,2
17,0,0,0.072960064,True,17,1,1,2
18,1,1,0.9977909,True,18,1,1,3
10,1,1,0.9527785,True,10,0,2,3
11,0,0,0.0010039113,True,11,0,2,4
22,1,0,0.102233924,False,22,1,2,3
23,0,0,0.011845056,True,23,1,2,4
3,0,0,0.002283635,True,3,0,0,4
8,1,1,0.9529678,True,8,0,2,1
17,0,0,0.054250933,True,17,1,1,2
18,1,1,0.9933797,True,18,1,1,3
4,1,0,0.4322129,False,4,0,1,1
5,0,0,0.0032709774,True,5,0,1,2
14,1,0,0.13673498,False,14,1,0,3
21,0,0,0.3419504,True,21,1,2,2
0,1,1,0.9992472,True,0,0,0,1
3,0,0,0.0013061337,True,3,0,0,4
19,0,0,0.1259787,True,19,1,1,4
22,1,0,0.16615677,False,22,1,2,3
1,0,0,0.2478958,True,1,0,0,2
4,1,1,0.6093544,True,4,0,1,1
13,0,1,0.7899297,False,13,1,0,2
16,1,1,0.99915457,True,16,1,1,1
3,0,0,0.0749912,True,3,0,0,4
8,1,1,0.9967898,True,8,0,2,1
13,0,1,0.8348839,False,13,1,0,2
14,1,1,0.7967399,True,14,1,0,3
0,1,1,0.9995755,True,0,0,0,1
11,0,0,0.005644017,True,11,0,2,4
19,0,0,0.13309361,True,19,1,1,4
22,1,0,0.15132631,False,22,1,2,3
2,1,1,0.68796223,True,2,0,0,3
9,0,1,0.5066833,False,9,0,2,2
22,1,0,0.17634632,False,22,1,2,3
23,0,0,0.004583722,True,23,1,2,4
8,1,1,0.9302389,True,8,0,2,1
11,0,0,0.008862379,True,11,0,2,4
18,1,1,0.98187774,True,18,1,1,3
23,0,0,0.009565142,True,23,1,2,4
0,1,1,0.99883556,True,0,0,0,1
7,0,0,0.001368725,True,7,0,1,4
19,0,0,0.011561259,True,19,1,1,4
20,1,1,0.98575324,True,20,1,2,1
0,1,1,0.99916816,True,0,0,0,1
7,0,0,0.008016396,True,7,0,1,4
17,0,0,0.003285483,True,17,1,1,2
22,1,0,0.12832555,False,22,1,2,3
4,1,0,0.32196194,False,4,0,1,1
5,0,0,0.0018281197,True,5,0,1,2
22,1,0,0.4549823,False,22,1,2,3
23,0,0,0.05505038,True,23,1,2,4
1,0,0,0.23146462,True,1,0,0,2
6,1,1,0.99872065,True,6,0,1,3
16,1,1,0.99873805,True,16,1,1,1
17,0,0,0.0076891445,True,17,1,1,2
8,1,1,0.9821368,True,8,0,2,1
11,0,0,0.13437474,True,11,0,2,4
14,1,0,0.0051368102,False,14,1,0,3
19,0,0,0.17879754,True,19,1,1,4
0,1,1,0.9998899,True,0,0,0,1
5,0,0,0.2630272,True,5,0,1,2
12,1,1,0.9335334,True,12,1,0,1
23,0,0,0.014624826,True,23,1,2,4
3,0,0,0.018341227,True,3,0,0,4
8,1,1,0.9891546,True,8,0,2,1
12,1,1,0.9986175,True,12,1,0,1
13,0,1,0.9806503,False,13,1,0,2
1,0,0,0.03997077,True,1,0,0,2
2,1,1,0.90776,True,2,0,0,3
15,0,0,0.0012022784,True,15,1,0,4
20,1,1,0.9928732,True,20,1,2,1
4,1,0,0.17454007,False,4,0,1,1
9,0,0,0.09692216,True,9,0,2,2
18,1,1,0.84188014,True,18,1,1,3
23,0,0,0.0014291117,True,23,1,2,4
1,0,0,0.004165685,True,1,0,0,2
2,1,1,0.9689113,True,2,0,0,3
12,1,1,0.6504446,True,12,1,0,1
21,0,0,0.47233155,True,21,1,2,2
6,1,1,0.99846095,True,6,0,1,3
7,0,0,0.0021287967,True,7,0,1,4
13,0,1,0.9862288,False,13,1,0,2
18,1,1,0.9966347,True,18,1,1,3
0,1,1,0.9992417,True,0,0,0,1
3,0,0,0.15601876,True,3,0,0,4
14,1,0,0.07564354,False,14,1,0,3
15,0,0,0.0014849986,True,15,1,0,4
9,0,0,0.07485012,True,9,0,2,2
10,1,1,0.95861626,True,10,0,2,3
15,0,0,0.0012624838,True,15,1,0,4
22,1,0,0.083882965,False,22,1,2,3
2,1,1,0.9148195,True,2,0,0,3
3,0,0,0.000953841,True,3,0,0,4
17,0,0,0.0476509,True,17,1,1,2
20,1,1,0.91616225,True,20,1,2,1
1,0,0,0.13465016,True,1,0,0,2
8,1,1,0.9852467,True,8,0,2,1
13,0,1,0.9793703,False,13,1,0,2
16,1,1,0.991156,True,16,1,1,1
7,0,0,0.03751482,True,7,0,1,4
10,1,1,0.8445537,True,10,0,2,3
16,1,0,0.149831,False,16,1,1,1
21,0,0,0.39517558,True,21,1,2,2
9,0,0,0.008995101,True,9,0,2,2
10,1,0,0.31123465,False,10,0,2,3
20,1,1,0.99489975,True,20,1,2,1
21,0,0,0.4470507,True,21,1,2,2
0,1,1,0.99695426,True,0,0,0,1
7,0,0,0.001968912,True,7,0,1,4
14,1,0,0.0022211785,False,14,1,0,3
17,0,0,0.0042833914,True,17,1,1,2
4,1,0,0.3246597,False,4,0,1,1
9,0,0,0.020003155,True,9,0,2,2
14,1,0,0.10023643,False,14,1,0,3
21,0,1,0.50375897,False,21,1,2,2
8,1,1,0.9872991,True,8,0,2,1
11,0,0,0.026815668,True,11,0,2,4
17,0,0,0.28751335,True,17,1,1,2
20,1,1,0.9729817,True,20,1,2,1
0,1,1,0.99934167,True,0,0,0,1
7,0,0,0.0013732379,True,7,0,1,4
22,1,0,0.121421255,False,22,1,2,3
23,0,0,0.00090026046,True,23,1,2,4
8,1,1,0.997104,True,8,0,2,1
11,0,0,0.0017750674,True,11,0,2,4
14,1,0,0.053792045,False,14,1,0,3
17,0,0,0.0069176806,True,17,1,1,2
0,1,1,0.99892455,True,0,0,0,1
5,0,0,0.24135467,True,5,0,1,2
20,1,1,0.986618,True,20,1,2,1
21,0,0,0.3884875,True,21,1,2,2
9,0,0,0.0026075616,True,9,0,2,2
10,1,1,0.67808,True,10,0,2,3
14,1,0,0.16977507,False,14,1,0,3
23,0,0,0.10184757,True,23,1,2,4
0,1,1,0.99766624,True,0,0,0,1
7,0,0,0.0036030896,True,7,0,1,4
16,1,1,0.92843753,True,16,1,1,1
19,0,0,0.060136456,True,19,1,1,4
7,0,0,0.008035315,True,7,0,1,4
10,1,1,0.7799887,True,10,0,2,3
18,1,1,0.9860561,True,18,1,1,3
21,0,1,0.5373445,False,21,1,2,2
0,1,1,0.9972125,True,0,0,0,1
7,0,0,0.0038972246,True,7,0,1,4
12,1,1,0.61375296,True,12,1,0,1
17,0,0,0.03214798,True,17,1,1,2
5,0,0,0.12677544,True,5,0,1,2
8,1,1,0.9784128,True,8,0,2,1
18,1,1,0.9917414,True,18,1,1,3
21,0,0,0.23239513,True,21,1,2,2
2,1,1,0.5061159,True,2,0,0,3
9,0,0,0.021355424,True,9,0,2,2
20,1,1,0.89358085,True,20,1,2,1
23,0,0,0.0015996239,True,23,1,2,4
0,1,1,0.9992061,True,0,0,0,1
3,0,0,0.0060586133,True,3,0,0,4
12,1,1,0.99782366,True,12,1,0,1
13,0,1,0.96353555,False,13,1,0,2
1,0,0,0.36741078,True,1,0,0,2
4,1,0,0.45212287,False,4,0,1,1
18,1,1,0.7857037,True,18,1,1,3
23,0,0,0.013290868,True,23,1,2,4
7,0,0,0.007710638,True,7,0,1,4
10,1,1,0.84000224,True,10,0,2,3
13,0,1,0.8094441,False,13,1,0,2
22,1,1,0.62974966,True,22,1,2,3
1,0,0,0.25170004,True,1,0,0,2
6,1,1,0.9995178,True,6,0,1,3
16,1,1,0.923609,True,16,1,1,1
21,0,0,0.38474125,True,21,1,2,2
6,1,1,0.9988531,True,6,0,1,3
7,0,0,0.0012971448,True,7,0,1,4
13,0,1,0.98909676,False,13,1,0,2
16,1,1,0.9985023,True,16,1,1,1
2,1,1,0.8205247,True,2,0,0,3
7,0,0,0.0020027733,True,7,0,1,4
12,1,1,0.9907641,True,12,1,0,1
13,0,1,0.61040014,False,13,1,0,2
0,1,1,0.9989147,True,0,0,0,1
11,0,0,0.0044453535,True,11,0,2,4
12,1,1,0.99849117,True,12,1,0,1
13,0,1,0.9941549,False,13,1,0,2
9,0,0,0.037851673,True,9,0,2,2
10,1,1,0.8878535,True,10,0,2,3
21,0,0,0.27816567,True,21,1,2,2
22,1,1,0.59428066,True,22,1,2,3
1,0,0,0.20835033,True,1,0,0,2
10,1,1,0.96102047,True,10,0,2,3
22,1,0,0.09688822,False,22,1,2,3
23,0,0,0.044142634,True,23,1,2,4
6,1,1,0.9973568,True,6,0,1,3
9,0,0,0.005389368,True,9,0,2,2
14,1,0,0.070789814,False,14,1,0,3
21,0,0,0.44458836,True,21,1,2,2
6,1,1,0.9979153,True,6,0,1,3
7,0,0,0.0013894221,True,7,0,1,4
16,1,1,0.9958173,True,16,1,1,1
23,0,0,0.07064563,True,23,1,2,4
3,0,0,0.004623496,True,3,0,0,4
8,1,1,0.97665286,True,8,0,2,1
18,1,1,0.9988146,True,18,1,1,3
23,0,0,0.014790215,True,23,1,2,4
0,1,1,0.9992828,True,0,0,0,1
1,0,0,0.0009676166,True,1,0,0,2
14,1,0,0.1419295,False,14,1,0,3
21,0,0,0.33732292,True,21,1,2,2
5,0,0,0.18404305,True,5,0,1,2
10,1,0,0.011727129,False,10,0,2,3
16,1,1,0.99198776,True,16,1,1,1
19,0,0,0.020680146,True,19,1,1,4
4,1,0,0.21345107,False,4,0,1,1
11,0,0,0.00035149566,True,11,0,2,4
16,1,1,0.99394494,True,16,1,1,1
23,0,0,0.014755237,True,23,1,2,4
3,0,0,0.011218812,True,3,0,0,4
8,1,1,0.9946993,True,8,0,2,1
13,0,1,0.9197601,False,13,1,0,2
20,1,1,0.9230889,True,20,1,2,1
8,1,1,0.98480177,True,8,0,2,1
11,0,0,0.008545975,True,11,0,2,4
13,0,1,0.9966683,False,13,1,0,2
22,1,0,0.2228235,False,22,1,2,3
2,1,1,0.7805632,True,2,0,0,3
5,0,0,0.3688279,True,5,0,1,2
16,1,1,0.99484783,True,16,1,1,1
23,0,0,0.0069863196,True,23,1,2,4
5,0,1,0.59711957,False,5,0,1,2
6,1,1,0.998801,True,6,0,1,3
14,1,0,0.14919725,False,14,1,0,3
17,0,0,0.013482193,True,17,1,1,2
3,0,0,0.0031220599,True,3,0,0,4
10,1,1,0.91433686,True,10,0,2,3
22,1,0,0.15435657,False,22,1,2,3
23,0,0,0.003952076,True,23,1,2,4
8,1,1,0.99169016,True,8,0,2,1
9,0,0,0.0020354723,True,9,0,2,2
13,0,1,0.99332464,False,13,1,0,2
16,1,1,0.9983876,True,16,1,1,1
2,1,1,0.99894863,True,2,0,0,3
7,0,0,0.0071825334,True,7,0,1,4
20,1,1,0.99884814,True,20,1,2,1
21,0,1,0.6032522,False,21,1,2,2
5,0,0,0.2667176,True,5,0,1,2
10,1,1,0.9593595,True,10,0,2,3
22,1,0,0.12897888,False,22,1,2,3
23,0,0,0.005296281,True,23,1,2,4
1,0,0,0.3482765,True,1,0,0,2
8,1,1,0.9843953,True,8,0,2,1
20,1,1,0.9870781,True,20,1,2,1
21,0,0,0.39910376,True,21,1,2,2
0,1,1,0.99926496,True,0,0,0,1
9,0,0,0.05687987,True,9,0,2,2
22,1,0,0.13195553,False,22,1,2,3
23,0,0,0.0031989235,True,23,1,2,4
5,0,0,0.25638938,True,5,0,1,2
8,1,1,0.9949313,True,8,0,2,1
12,1,1,0.9234619,True,12,1,0,1
21,0,1,0.6234832,False,21,1,2,2
4,1,0,0.3581509,False,4,0,1,1
7,0,0,0.00011630944,True,7,0,1,4
18,1,1,0.7528744,True,18,1,1,3
23,0,0,0.004182323,True,23,1,2,4
0,1,1,0.99809885,True,0,0,0,1
11,0,0,0.0023712018,True,11,0,2,4
12,1,1,0.8140049,True,12,1,0,1
23,0,0,0.0006894114,True,23,1,2,4
4,1,0,0.29297122,False,4,0,1,1
7,0,0,0.00093430356,True,7,0,1,4
14,1,0,0.03460179,False,14,1,0,3
17,0,0,0.019621156,True,17,1,1,2
4,1,0,0.11382026,False,4,0,1,1
7,0,0,0.0003302197,True,7,0,1,4
14,1,0,0.008266503,False,14,1,0,3
15,0,0,0.0001633316,True,15,1,0,4
6,1,1,0.9973654,True,6,0,1,3
7,0,0,0.0012042075,True,7,0,1,4
16,1,1,0.99395144,True,16,1,1,1
19,0,0,0.020866808,True,19,1,1,4
1,0,0,0.025451208,True,1,0,0,2
6,1,1,0.99890053,True,6,0,1,3
14,1,0,0.2518642,False,14,1,0,3
19,0,0,0.0705593,True,19,1,1,4
5,0,0,0.16669308,True,5,0,1,2
6,1,1,0.999405,True,6,0,1,3
21,0,0,0.13540964,True,21,1,2,2
22,1,0,0.41218308,False,22,1,2,3
7,0,0,0.0016155076,True,7,0,1,4
10,1,1,0.97984207,True,10,0,2,3
18,1,1,0.99522537,True,18,1,1,3
19,0,0,0.0051097395,True,19,1,1,4
6,1,1,0.9997024,True,6,0,1,3
9,0,0,0.11787241,True,9,0,2,2
12,1,1,0.9639287,True,12,1,0,1
21,0,1,0.7611098,False,21,1,2,2
2,1,1,0.9757346,True,2,0,0,3
11,0,0,0.0119381035,True,11,0,2,4
13,0,1,0.9933579,False,13,1,0,2
20,1,1,0.9746905,True,20,1,2,1
7,0,0,0.00048025497,True,7,0,1,4
8,1,1,0.85192645,True,8,0,2,1
20,1,1,0.7348785,True,20,1,2,1
23,0,0,0.0021610707,True,23,1,2,4
0,1,1,0.99886495,True,0,0,0,1
9,0,0,0.055549007,True,9,0,2,2
12,1,1,0.965669,True,12,1,0,1
17,0,0,0.016523287,True,17,1,1,2
6,1,1,0.99214,True,6,0,1,3
9,0,0,0.034154505,True,9,0,2,2
13,0,1,0.96664894,False,13,1,0,2
18,1,1,0.89362806,True,18,1,1,3
1,0,0,0.0011869193,True,1,0,0,2
10,1,1,0.854434,True,10,0,2,3
14,1,0,0.13514233,False,14,1,0,3
19,0,0,0.0042815115,True,19,1,1,4
1,0,0,0.022749122,True,1,0,0,2
8,1,1,0.9927212,True,8,0,2,1
12,1,1,0.9982361,True,12,1,0,1
13,0,1,0.984573,False,13,1,0,2
2,1,1,0.8238495,True,2,0,0,3
7,0,0,0.0010219258,True,7,0,1,4
17,0,0,0.09115587,True,17,1,1,2
20,1,1,0.765243,True,20,1,2,1
2,1,1,0.7635251,True,2,0,0,3
11,0,0,0.004265279,True,11,0,2,4
13,0,1,0.8735397,False,13,1,0,2
16,1,1,0.9946652,True,16,1,1,1
3,0,0,0.0067405463,True,3,0,0,4
8,1,1,0.9969968,True,8,0,2,1
16,1,1,0.71806586,True,16,1,1,1
21,0,1,0.5274653,False,21,1,2,2
1,0,0,0.036828935,True,1,0,0,2
4,1,0,0.40893894,False,4,0,1,1
12,1,1,0.9514169,True,12,1,0,1
17,0,0,0.23846258,True,17,1,1,2
5,0,1,0.7181898,False,5,0,1,2
10,1,1,0.58517766,True,10,0,2,3
14,1,0,0.18718058,False,14,1,0,3
15,0,0,0.00028712724,True,15,1,0,4
6,1,1,0.99949664,True,6,0,1,3
9,0,0,0.14264934,True,9,0,2,2
14,1,0,0.052315243,False,14,1,0,3
17,0,0,0.40776458,True,17,1,1,2
0,1,1,0.9983291,True,0,0,0,1
3,0,0,0.007535662,True,3,0,0,4
16,1,1,0.9907187,True,16,1,1,1
19,0,0,0.0198238,True,19,1,1,4
6,1,1,0.9983803,True,6,0,1,3
11,0,0,0.0070080687,True,11,0,2,4
20,1,1,0.9920198,True,20,1,2,1
21,0,1,0.79239917,False,21,1,2,2
0,1,1,0.99941325,True,0,0,0,1
9,0,0,0.012634944,True,9,0,2,2
19,0,0,0.0080900565,True,19,1,1,4
20,1,1,0.94578475,True,20,1,2,1
0,1,1,0.9951754,True,0,0,0,1
7,0,0,0.012999468,True,7,0,1,4
15,0,0,0.0066153416,True,15,1,0,4
20,1,1,0.95127326,True,20,1,2,1
7,0,0,0.014046254,True,7,0,1,4
8,1,1,0.88480854,True,8,0,2,1
17,0,0,0.024597246,True,17,1,1,2
22,1,0,0.13865106,False,22,1,2,3
9,0,0,0.11602788,True,9,0,2,2
10,1,1,0.65295976,True,10,0,2,3
12,1,1,0.8941168,True,12,1,0,1
17,0,0,0.047111556,True,17,1,1,2
0,1,1,0.9994968,True,0,0,0,1
3,0,0,0.005255659,True,3,0,0,4
13,0,1,0.8476005,False,13,1,0,2
22,1,0,0.13520437,False,22,1,2,3
2,1,1,0.6263834,True,2,0,0,3
9,0,0,0.004406859,True,9,0,2,2
14,1,0,0.046987563,False,14,1,0,3
17,0,0,0.022959927,True,17,1,1,2
0,1,1,0.99840534,True,0,0,0,1
1,0,0,0.257406,True,1,0,0,2
18,1,1,0.94972247,True,18,1,1,3
19,0,0,0.0012636402,True,19,1,1,4
5,0,1,0.5970213,False,5,0,1,2
10,1,1,0.9352736,True,10,0,2,3
13,0,1,0.9551159,False,13,1,0,2
20,1,1,0.9364356,True,20,1,2,1
1,0,0,0.20689109,True,1,0,0,2
6,1,1,0.99849945,True,6,0,1,3
18,1,1,0.9942068,True,18,1,1,3
23,0,0,0.08063758,True,23,1,2,4
9,0,0,0.29887116,True,9,0,2,2
10,1,1,0.9170098,True,10,0,2,3
18,1,1,0.88719916,True,18,1,1,3
21,0,0,0.38674116,True,21,1,2,2
1,0,0,0.43565717,True,1,0,0,2
2,1,1,0.91450006,True,2,0,0,3
16,1,1,0.9986021,True,16,1,1,1
17,0,0,0.0018310414,True,17,1,1,2
4,1,0,0.4346175,False,4,0,1,1
11,0,0,0.013664822,True,11,0,2,4
16,1,1,0.99877524,True,16,1,1,1
17,0,0,0.0014568924,True,17,1,1,2
0,1,1,0.9985813,True,0,0,0,1
1,0,0,0.24368761,True,1,0,0,2
15,0,0,0.0035638195,True,15,1,0,4
20,1,1,0.9337041,True,20,1,2,1
0,1,1,0.9988305,True,0,0,0,1
1,0,0,0.004505453,True,1,0,0,2
12,1,1,0.9964081,True,12,1,0,1
13,0,1,0.932056,False,13,1,0,2
4,1,0,0.23611416,False,4,0,1,1
5,0,0,0.012192824,True,5,0,1,2
16,1,1,0.9947945,True,16,1,1,1
17,0,0,0.018032406,True,17,1,1,2
3,0,0,0.00807186,True,3,0,0,4
4,1,1,0.57918024,True,4,0,1,1
13,0,1,0.86997867,False,13,1,0,2
16,1,1,0.99750197,True,16,1,1,1
1,0,0,0.018765783,True,1,0,0,2
2,1,1,0.96910733,True,2,0,0,3
17,0,0,0.02539261,True,17,1,1,2
22,1,0,0.14899671,False,22,1,2,3
0,1,1,0.9992335,True,0,0,0,1
1,0,0,0.24491501,True,1,0,0,2
16,1,1,0.9994086,True,16,1,1,1
17,0,0,0.12037418,True,17,1,1,2
1,0,0,0.22047314,True,1,0,0,2
4,1,0,0.30570018,False,4,0,1,1
12,1,1,0.9858053,True,12,1,0,1
19,0,0,0.012462254,True,19,1,1,4
9,0,0,0.10692155,True,9,0,2,2
10,1,1,0.897124,True,10,0,2,3
17,0,0,0.07204423,True,17,1,1,2
22,1,0,0.115583606,False,22,1,2,3
8,1,1,0.9881577,True,8,0,2,1
11,0,0,0.003419171,True,11,0,2,4
15,0,0,0.0025088296,True,15,1,0,4
20,1,1,0.97596496,True,20,1,2,1
4,1,0,0.4348916,False,4,0,1,1
9,0,0,0.004442826,True,9,0,2,2
15,0,0,0.0010500733,True,15,1,0,4
20,1,1,0.9029462,True,20,1,2,1
3,0,0,0.002071672,True,3,0,0,4
4,1,1,0.7746457,True,4,0,1,1
12,1,1,0.99009913,True,12,1,0,1
17,0,0,0.10075411,True,17,1,1,2
4,1,0,0.34048322,False,4,0,1,1
9,0,0,0.15508805,True,9,0,2,2
17,0,0,0.0068302923,True,17,1,1,2
22,1,0,0.07542463,False,22,1,2,3
3,0,0,0.002247945,True,3,0,0,4
8,1,1,0.95670307,True,8,0,2,1
16,1,1,0.997815,True,16,1,1,1
17,0,0,0.17636794,True,17,1,1,2
3,0,0,0.2734575,True,3,0,0,4
6,1,1,0.99756956,True,6,0,1,3
14,1,1,0.6217229,True,14,1,0,3
15,0,0,0.0016708326,True,15,1,0,4
5,0,0,0.4671916,True,5,0,1,2
8,1,1,0.9891882,True,8,0,2,1
12,1,1,0.99779266,True,12,1,0,1
13,0,1,0.9029284,False,13,1,0,2
3,0,0,0.0064710425,True,3,0,0,4
8,1,1,0.896687,True,8,0,2,1
12,1,1,0.97087985,True,12,1,0,1
19,0,0,0.0049751997,True,19,1,1,4
5,0,0,0.17560102,True,5,0,1,2
6,1,1,0.9991811,True,6,0,1,3
20,1,1,0.9832881,True,20,1,2,1
21,0,0,0.40074456,True,21,1,2,2
3,0,0,0.07590873,True,3,0,0,4
10,1,1,0.64663124,True,10,0,2,3
14,1,0,0.036498293,False,14,1,0,3
17,0,0,0.06453642,True,17,1,1,2
6,1,1,0.99953115,True,6,0,1,3
7,0,0,0.0016510366,True,7,0,1,4
20,1,1,0.9966471,True,20,1,2,1
21,0,0,0.42358077,True,21,1,2,2
4,1,0,0.29481527,False,4,0,1,1
7,0,0,0.00086510286,True,7,0,1,4
13,0,1,0.5805982,False,13,1,0,2
14,1,1,0.7070119,True,14,1,0,3
3,0,0,0.0011247175,True,3,0,0,4
4,1,0,0.38933948,False,4,0,1,1
12,1,1,0.99295086,True,12,1,0,1
23,0,0,0.029112859,True,23,1,2,4
3,0,0,0.0030370797,True,3,0,0,4
10,1,1,0.56670755,True,10,0,2,3
16,1,1,0.9709128,True,16,1,1,1
21,0,0,0.38008416,True,21,1,2,2
8,1,1,0.8168826,True,8,0,2,1
11,0,0,0.029250018,True,11,0,2,4
20,1,1,0.9822205,True,20,1,2,1
23,0,0,0.1772164,True,23,1,2,4
4,1,1,0.853446,True,4,0,1,1
5,0,0,0.0026814882,True,5,0,1,2
12,1,1,0.9958403,True,12,1,0,1
23,0,0,0.025293104,True,23,1,2,4
9,0,0,0.18803753,True,9,0,2,2
10,1,0,0.14291243,False,10,0,2,3
12,1,1,0.8906953,True,12,1,0,1
15,0,0,0.0027317982,True,15,1,0,4
7,0,0,0.0042193383,True,7,0,1,4
10,1,0,0.4559427,False,10,0,2,3
14,1,0,0.11683131,False,14,1,0,3
21,0,0,0.27134472,True,21,1,2,2
0,1,1,0.9991595,True,0,0,0,1
9,0,0,0.006231037,True,9,0,2,2
20,1,1,0.9336052,True,20,1,2,1
23,0,0,0.0037087845,True,23,1,2,4
3,0,0,0.0022280896,True,3,0,0,4
8,1,1,0.9834493,True,8,0,2,1
19,0,0,0.041502878,True,19,1,1,4
20,1,1,0.9082818,True,20,1,2,1
5,0,1,0.5024421,False,5,0,1,2
6,1,1,0.99954176,True,6,0,1,3
18,1,1,0.94014066,True,18,1,1,3
23,0,0,0.00709145,True,23,1,2,4
1,0,0,0.2546555,True,1,0,0,2
2,1,1,0.99863946,True,2,0,0,3
16,1,1,0.9898978,True,16,1,1,1
21,0,0,0.48536888,True,21,1,2,2
2,1,1,0.9643775,True,2,0,0,3
9,0,0,0.0056014257,True,9,0,2,2
14,1,0,0.06876443,False,14,1,0,3
23,0,0,0.02112837,True,23,1,2,4
2,1,1,0.90753603,True,2,0,0,3
11,0,0,0.004412515,True,11,0,2,4
14,1,0,0.11583562,False,14,1,0,3
21,0,0,0.27669126,True,21,1,2,2
6,1,1,0.9959921,True,6,0,1,3
11,0,0,0.06561875,True,11,0,2,4
16,1,1,0.96904254,True,16,1,1,1
23,0,0,0.025935244,True,23,1,2,4
4,1,0,0.15950215,False,4,0,1,1
5,0,0,0.0028616462,True,5,0,1,2
17,0,0,0.0050379983,True,17,1,1,2
22,1,0,0.04493102,False,22,1,2,3
6,1,1,0.9966166,True,6,0,1,3
9,0,0,0.050528485,True,9,0,2,2
13,0,1,0.99678314,False,13,1,0,2
16,1,1,0.9946471,True,16,1,1,1
3,0,0,0.0025508497,True,3,0,0,4
10,1,1,0.6106488,True,10,0,2,3
18,1,1,0.9903564,True,18,1,1,3
23,0,0,0.0028455942,True,23,1,2,4
2,1,1,0.8457681,True,2,0,0,3
9,0,0,0.05095285,True,9,0,2,2
19,0,0,0.0030083496,True,19,1,1,4
20,1,1,0.99072176,True,20,1,2,1
6,1,1,0.997861,True,6,0,1,3
11,0,0,0.0030291812,True,11,0,2,4
13,0,1,0.95346886,False,13,1,0,2
22,1,0,0.2669994,False,22,1,2,3
5,0,0,0.0029085348,True,5,0,1,2
8,1,1,0.97514254,True,8,0,2,1
16,1,1,0.98890823,True,16,1,1,1
17,0,0,0.0029013162,True,17,1,1,2
0,1,1,0.9981563,True,0,0,0,1
5,0,0,0.13698563,True,5,0,1,2
15,0,0,0.004010378,True,15,1,0,4
22,1,0,0.13185695,False,22,1,2,3
4,1,0,0.37907988,False,4,0,1,1
9,0,0,0.005761708,True,9,0,2,2
17,0,0,0.30491027,True,17,1,1,2
20,1,1,0.7675257,True,20,1,2,1
3,0,0,0.011813262,True,3,0,0,4
10,1,1,0.87605953,True,10,0,2,3
13,0,1,0.9798368,False,13,1,0,2
18,1,1,0.9952141,True,18,1,1,3
10,1,0,0.24064142,False,10,0,2,3
11,0,0,0.00068526727,True,11,0,2,4
15,0,0,0.001071556,True,15,1,0,4
16,1,1,0.54988974,True,16,1,1,1
2,1,1,0.801653,True,2,0,0,3
5,0,0,0.32301283,True,5,0,1,2
13,0,1,0.9246353,False,13,1,0,2
18,1,1,0.9766641,True,18,1,1,3
1,0,0,0.28256655,True,1,0,0,2
8,1,1,0.76217234,True,8,0,2,1
16,1,1,0.9961561,True,16,1,1,1
23,0,0,0.13023305,True,23,1,2,4
1,0,0,0.24374388,True,1,0,0,2
6,1,1,0.99969006,True,6,0,1,3
20,1,1,0.98853844,True,20,1,2,1
21,0,0,0.3809661,True,21,1,2,2
0,1,1,0.99838895,True,0,0,0,1
11,0,0,0.013065508,True,11,0,2,4
13,0,1,0.99697906,False,13,1,0,2
18,1,1,0.9872035,True,18,1,1,3
8,1,1,0.990168,True,8,0,2,1
9,0,0,0.043651342,True,9,0,2,2
18,1,1,0.9940885,True,18,1,1,3
21,0,0,0.28230637,True,21,1,2,2
6,1,1,0.9985775,True,6,0,1,3
9,0,0,0.023708154,True,9,0,2,2
18,1,1,0.9932385,True,18,1,1,3
19,0,0,0.018453943,True,19,1,1,4
10,1,0,0.29543707,False,10,0,2,3
11,0,0,0.003803482,True,11,0,2,4
17,0,0,0.004636587,True,17,1,1,2
18,1,1,0.99197924,True,18,1,1,3
4,1,0,0.09541846,False,4,0,1,1
11,0,0,0.016982267,True,11,0,2,4
14,1,0,0.06559219,False,14,1,0,3
15,0,0,0.00033854262,True,15,1,0,4
1,0,0,0.0024975864,True,1,0,0,2
6,1,1,0.9977466,True,6,0,1,3
14,1,0,0.31723028,False,14,1,0,3
15,0,0,0.00106044,True,15,1,0,4
2,1,1,0.97024083,True,2,0,0,3
11,0,0,0.0029945197,True,11,0,2,4
19,0,0,0.047570817,True,19,1,1,4
22,1,0,0.13461794,False,22,1,2,3
4,1,0,0.10345895,False,4,0,1,1
11,0,0,0.0014215154,True,11,0,2,4
18,1,1,0.8894216,True,18,1,1,3
21,0,0,0.40497053,True,21,1,2,2
0,1,1,0.99857986,True,0,0,0,1
1,0,0,0.0002632781,True,1,0,0,2
14,1,0,0.04834171,False,14,1,0,3
23,0,0,0.01333178,True,23,1,2,4
3,0,0,0.0038420013,True,3,0,0,4
4,1,0,0.36468363,False,4,0,1,1
18,1,1,0.8701239,True,18,1,1,3
19,0,0,0.05025311,True,19,1,1,4
0,1,1,0.99588335,True,0,0,0,1
5,0,0,0.20894371,True,5,0,1,2
15,0,0,0.001933693,True,15,1,0,4
20,1,1,0.93334585,True,20,1,2,1
0,1,1,0.9992629,True,0,0,0,1
9,0,0,0.25048316,True,9,0,2,2
16,1,1,0.99884105,True,16,1,1,1
17,0,0,0.17660874,True,17,1,1,2
3,0,0,0.0029338568,True,3,0,0,4
6,1,1,0.99972326,True,6,0,1,3
12,1,1,0.99614227,True,12,1,0,1
21,0,1,0.72740364,False,21,1,2,2
6,1,1,0.9968426,True,6,0,1,3
9,0,0,0.006639809,True,9,0,2,2
12,1,1,0.96196353,True,12,1,0,1
15,0,0,0.004059367,True,15,1,0,4
4,1,0,0.34766012,False,4,0,1,1
11,0,0,0.008094634,True,11,0,2,4
12,1,1,0.9969087,True,12,1,0,1
13,0,1,0.6483498,False,13,1,0,2
1,0,0,0.0031909104,True,1,0,0,2
8,1,1,0.9975098,True,8,0,2,1
14,1,0,0.0542679,False,14,1,0,3
17,0,0,0.20218728,True,17,1,1,2
1,0,0,0.18491583,True,1,0,0,2
2,1,1,0.91543216,True,2,0,0,3
17,0,0,0.014281783,True,17,1,1,2
18,1,1,0.95518374,True,18,1,1,3
5,0,0,0.4565833,True,5,0,1,2
10,1,1,0.9763678,True,10,0,2,3
15,0,0,0.0078591285,True,15,1,0,4
20,1,1,0.9831155,True,20,1,2,1
10,1,1,0.57897735,True,10,0,2,3
11,0,0,0.0017463608,True,11,0,2,4
12,1,1,0.80930954,True,12,1,0,1
19,0,0,0.004512911,True,19,1,1,4
7,0,0,0.0014305769,True,7,0,1,4
10,1,1,0.5191491,True,10,0,2,3
12,1,1,0.69448704,True,12,1,0,1
19,0,0,0.002589739,True,19,1,1,4
0,1,1,0.99765104,True,0,0,0,1
3,0,0,0.02131522,True,3,0,0,4
15,0,0,0.0017571014,True,15,1,0,4
20,1,1,0.9852839,True,20,1,2,1
2,1,1,0.9236451,True,2,0,0,3
7,0,0,0.0004839433,True,7,0,1,4
15,0,0,0.006930821,True,15,1,0,4
18,1,1,0.9652808,True,18,1,1,3
1,0,0,0.01447537,True,1,0,0,2
4,1,1,0.58746123,True,4,0,1,1
16,1,1,0.9931295,True,16,1,1,1
21,0,1,0.5358057,False,21,1,2,2
5,0,0,0.34524515,True,5,0,1,2
6,1,1,0.99318606,True,6,0,1,3
18,1,1,0.97528195,True,18,1,1,3
21,0,0,0.15361346,True,21,1,2,2
2,1,1,0.97397,True,2,0,0,3
3,0,0,0.0029413477,True,3,0,0,4
12,1,1,0.9979853,True,12,1,0,1
13,0,1,0.9327223,False,13,1,0,2
2,1,1,0.8726016,True,2,0,0,3
9,0,0,0.015944194,True,9,0,2,2
12,1,1,0.75584817,True,12,1,0,1
23,0,0,0.07995948,True,23,1,2,4
0,1,1,0.9984893,True,0,0,0,1
7,0,0,0.0012412107,True,7,0,1,4
17,0,0,0.04977294,True,17,1,1,2
18,1,1,0.9986054,True,18,1,1,3
0,1,1,0.99926156,True,0,0,0,1
11,0,0,0.0048048887,True,11,0,2,4
18,1,1,0.98019934,True,18,1,1,3
23,0,0,0.060319837,True,23,1,2,4
0,1,1,0.9984736,True,0,0,0,1
1,0,0,0.00047447524,True,1,0,0,2
20,1,1,0.9341563,True,20,1,2,1
23,0,0,0.027409393,True,23,1,2,4
6,1,1,0.9980148,True,6,0,1,3
9,0,0,0.0034539215,True,9,0,2,2
13,0,1,0.8509035,False,13,1,0,2
22,1,0,0.1396621,False,22,1,2,3
4,1,0,0.31100485,False,4,0,1,1
5,0,0,0.0057571228,True,5,0,1,2
13,0,1,0.7767929,False,13,1,0,2
14,1,1,0.7640715,True,14,1,0,3
0,1,1,0.99876034,True,0,0,0,1
1,0,0,0.07281215,True,1,0,0,2
12,1,1,0.94475883,True,12,1,0,1
17,0,0,0.081120536,True,17,1,1,2
2,1,1,0.7367705,True,2,0,0,3
9,0,0,0.0026771724,True,9,0,2,2
12,1,1,0.9340571,True,12,1,0,1
15,0,0,0.0058066295,True,15,1,0,4
0,1,1,0.9993048,True,0,0,0,1
1,0,0,0.07427664,True,1,0,0,2
16,1,1,0.9968982,True,16,1,1,1
23,0,0,0.028231815,True,23,1,2,4
0,1,1,0.99972737,True,0,0,0,1
9,0,0,0.016795363,True,9,0,2,2
13,0,1,0.9889474,False,13,1,0,2
16,1,1,0.9989157,True,16,1,1,1
1,0,0,0.42770353,True,1,0,0,2
6,1,1,0.9937363,True,6,0,1,3
17,0,0,0.102062464,True,17,1,1,2
20,1,1,0.89688134,True,20,1,2,1
4,1,1,0.5094451,True,4,0,1,1
7,0,0,0.0010097458,True,7,0,1,4
15,0,0,0.0016859105,True,15,1,0,4
16,1,1,0.9977741,True,16,1,1,1
4,1,0,0.1422512,False,4,0,1,1
11,0,0,0.00092924025,True,11,0,2,4
15,0,0,0.002781436,True,15,1,0,4
18,1,1,0.9221187,True,18,1,1,3
3,0,0,0.0030404618,True,3,0,0,4
4,1,0,0.38354036,False,4,0,1,1
15,0,0,0.0025348293,True,15,1,0,4
20,1,1,0.8001467,True,20,1,2,1
6,1,1,0.99965334,True,6,0,1,3
9,0,0,0.03167824,True,9,0,2,2
21,0,1,0.6659056,False,21,1,2,2
22,1,1,0.89990264,True,22,1,2,3
8,1,1,0.9592509,True,8,0,2,1
11,0,0,0.014373283,True,11,0,2,4
18,1,1,0.9953635,True,18,1,1,3
21,0,0,0.48905122,True,21,1,2,2
5,0,0,0.32711318,True,5,0,1,2
6,1,1,0.999645,True,6,0,1,3
13,0,1,0.9459504,False,13,1,0,2
18,1,1,0.9951237,True,18,1,1,3
6,1,1,0.9875474,True,6,0,1,3
11,0,0,0.0003651689,True,11,0,2,4
12,1,1,0.96316767,True,12,1,0,1
15,0,0,0.0034539755,True,15,1,0,4
1,0,0,0.31145087,True,1,0,0,2
6,1,1,0.9969661,True,6,0,1,3
17,0,0,0.0049097217,True,17,1,1,2
18,1,1,0.9899117,True,18,1,1,3
3,0,0,0.008942486,True,3,0,0,4
6,1,1,0.9993892,True,6,0,1,3
19,0,0,0.015838748,True,19,1,1,4
22,1,0,0.26747522,False,22,1,2,3
3,0,0,0.023440568,True,3,0,0,4
8,1,1,0.9271408,True,8,0,2,1
17,0,0,0.16657592,True,17,1,1,2
22,1,0,0.3857398,False,22,1,2,3
2,1,1,0.97947,True,2,0,0,3
7,0,0,0.0029189899,True,7,0,1,4
14,1,0,0.15393487,False,14,1,0,3
15,0,0,0.00029379554,True,15,1,0,4
0,1,1,0.9988597,True,0,0,0,1
1,0,0,0.07884405,True,1,0,0,2
20,1,1,0.98638,True,20,1,2,1
21,0,0,0.36802822,True,21,1,2,2
5,0,0,0.09236114,True,5,0,1,2
6,1,1,0.9992942,True,6,0,1,3
15,0,0,0.0008338811,True,15,1,0,4
22,1,0,0.1227844,False,22,1,2,3
5,0,0,0.32737988,True,5,0,1,2
10,1,1,0.952428,True,10,0,2,3
13,0,1,0.78810334,False,13,1,0,2
22,1,0,0.13498624,False,22,1,2,3
10,1,1,0.87014484,True,10,0,2,3
11,0,0,0.0058609378,True,11,0,2,4
20,1,1,0.9622438,True,20,1,2,1
23,0,0,0.014074334,True,23,1,2,4
2,1,1,0.9932977,True,2,0,0,3
7,0,0,0.001412071,True,7,0,1,4
13,0,1,0.8852405,False,13,1,0,2
22,1,0,0.13839164,False,22,1,2,3
3,0,0,0.0017592441,True,3,0,0,4
4,1,0,0.19002737,False,4,0,1,1
13,0,1,0.9415883,False,13,1,0,2
20,1,1,0.7794186,True,20,1,2,1
3,0,0,0.0061977166,True,3,0,0,4
4,1,0,0.08527583,False,4,0,1,1
13,0,1,0.78700197,False,13,1,0,2
14,1,1,0.8117127,True,14,1,0,3
6,1,1,0.999172,True,6,0,1,3
7,0,0,0.0026113908,True,7,0,1,4
17,0,0,0.002654979,True,17,1,1,2
18,1,1,0.995661,True,18,1,1,3
4,1,0,0.14925806,False,4,0,1,1
11,0,0,0.0012981428,True,11,0,2,4
20,1,1,0.6217766,True,20,1,2,1
21,0,0,0.2693795,True,21,1,2,2
2,1,1,0.80651104,True,2,0,0,3
3,0,0,0.019000761,True,3,0,0,4
20,1,1,0.974547,True,20,1,2,1
23,0,0,0.024949033,True,23,1,2,4
7,0,0,0.00069174776,True,7,0,1,4
10,1,1,0.6804066,True,10,0,2,3
17,0,0,0.054844923,True,17,1,1,2
18,1,1,0.9947604,True,18,1,1,3
1,0,0,0.3949348,True,1,0,0,2
6,1,1,0.99857366,True,6,0,1,3
17,0,0,0.0206961,True,17,1,1,2
22,1,0,0.124100044,False,22,1,2,3
6,1,1,0.9958688,True,6,0,1,3
11,0,0,0.0027852925,True,11,0,2,4
14,1,0,0.11292246,False,14,1,0,3
15,0,0,0.00013677546,True,15,1,0,4
0,1,1,0.99951434,True,0,0,0,1
7,0,0,0.0045072082,True,7,0,1,4
13,0,1,0.982239,False,13,1,0,2
20,1,1,0.9575339,True,20,1,2,1
0,1,1,0.99792343,True,0,0,0,1
5,0,0,0.21660165,True,5,0,1,2
16,1,1,0.85933137,True,16,1,1,1
21,0,0,0.47304487,True,21,1,2,2
9,0,0,0.00852652,True,9,0,2,2
10,1,1,0.56889653,True,10,0,2,3
14,1,0,0.17901552,False,14,1,0,3
19,0,0,0.079505466,True,19,1,1,4
1,0,0,0.23055336,True,1,0,0,2
10,1,1,0.5577729,True,10,0,2,3
12,1,1,0.9368308,True,12,1,0,1
23,0,0,0.0033987276,True,23,1,2,4
3,0,0,0.11283204,True,3,0,0,4
10,1,0,0.41917458,False,10,0,2,3
13,0,1,0.9910673,False,13,1,0,2
14,1,1,0.9232551,True,14,1,0,3
7,0,0,0.0020449832,True,7,0,1,4
10,1,0,0.40185446,False,10,0,2,3
20,1,1,0.98491424,True,20,1,2,1
21,0,0,0.46076185,True,21,1,2,2
8,1,1,0.99569166,True,8,0,2,1
11,0,0,0.05279242,True,11,0,2,4
14,1,0,0.026936486,False,14,1,0,3
21,0,0,0.35856032,True,21,1,2,2
4,1,0,0.47228384,False,4,0,1,1
9,0,0,0.0022389602,True,9,0,2,2
13,0,0,0.38449436,True,13,1,0,2
14,1,0,0.39780024,False,14,1,0,3
3,0,0,0.00057410845,True,3,0,0,4
8,1,1,0.9511341,True,8,0,2,1
12,1,1,0.81905395,True,12,1,0,1
23,0,0,0.022528239,True,23,1,2,4
7,0,0,0.0056819473,True,7,0,1,4
8,1,1,0.9233556,True,8,0,2,1
19,0,0,0.03577081,True,19,1,1,4
22,1,0,0.105778314,False,22,1,2,3
3,0,0,0.004395526,True,3,0,0,4
8,1,1,0.9541835,True,8,0,2,1
15,0,0,0.0011111463,True,15,1,0,4
22,1,0,0.09566864,False,22,1,2,3
0,1,1,0.99925095,True,0,0,0,1
9,0,0,0.0035713518,True,9,0,2,2
14,1,0,0.03468821,False,14,1,0,3
15,0,0,0.00026763158,True,15,1,0,4
7,0,0,0.0014541246,True,7,0,1,4
8,1,1,0.9632965,True,8,0,2,1
14,1,0,0.002534294,False,14,1,0,3
17,0,0,0.048093416,True,17,1,1,2
6,1,1,0.9973179,True,6,0,1,3
9,0,0,0.0029835992,True,9,0,2,2
14,1,0,0.08422098,False,14,1,0,3
23,0,0,0.09646206,True,23,1,2,4
8,1,1,0.97406244,True,8,0,2,1
11,0,0,0.039860286,True,11,0,2,4
14,1,0,0.24804176,False,14,1,0,3
23,0,0,0.07269045,True,23,1,2,4
5,0,0,0.26442608,True,5,0,1,2
6,1,1,0.9990263,True,6,0,1,3
12,1,1,0.98549193,True,12,1,0,1
19,0,0,0.030759566,True,19,1,1,4
0,1,1,0.9990632,True,0,0,0,1
7,0,0,0.0034244661,True,7,0,1,4
20,1,1,0.9819844,True,20,1,2,1
21,0,1,0.799634,False,21,1,2,2
2,1,0,0.46587732,False,2,0,0,3
5,0,0,0.34047154,True,5,0,1,2
15,0,0,0.0013810858,True,15,1,0,4
18,1,1,0.8956374,True,18,1,1,3
3,0,0,0.10880446,True,3,0,0,4
6,1,1,0.98999244,True,6,0,1,3
14,1,0,0.010401649,False,14,1,0,3
17,0,0,0.0063272677,True,17,1,1,2
7,0,0,0.004283697,True,7,0,1,4
8,1,1,0.9756955,True,8,0,2,1
12,1,1,0.97630346,True,12,1,0,1
17,0,0,0.08089181,True,17,1,1,2
4,1,0,0.00035229255,False,4,0,1,1
9,0,0,9.078067e-05,True,9,0,2,2
19,0,0,8.031161e-05,True,19,1,1,4
20,1,0,0.4765631,False,20,1,2,1
0,1,1,0.99939275,True,0,0,0,1
1,0,0,0.20173436,True,1,0,0,2
12,1,1,0.9894619,True,12,1,0,1
15,0,0,0.013923393,True,15,1,0,4
1,0,0,0.011044052,True,1,0,0,2
8,1,1,0.99594057,True,8,0,2,1
13,0,1,0.7627861,False,13,1,0,2
14,1,1,0.7276858,True,14,1,0,3
0,1,1,0.99827,True,0,0,0,1
5,0,0,0.19253898,True,5,0,1,2
18,1,1,0.9967868,True,18,1,1,3
21,0,1,0.53614247,False,21,1,2,2
3,0,0,0.0014770143,True,3,0,0,4
8,1,1,0.9337932,True,8,0,2,1
20,1,1,0.88434947,True,20,1,2,1
21,0,0,0.46891955,True,21,1,2,2
1,0,0,0.16845566,True,1,0,0,2
2,1,1,0.9337234,True,2,0,0,3
19,0,0,0.15878636,True,19,1,1,4
20,1,1,0.8121934,True,20,1,2,1
10,1,1,0.83049643,True,10,0,2,3
11,0,0,0.008563995,True,11,0,2,4
12,1,1,0.8230561,True,12,1,0,1
23,0,0,0.041698862,True,23,1,2,4
8,1,1,0.9589006,True,8,0,2,1
11,0,0,0.00053944753,True,11,0,2,4
18,1,1,0.95575005,True,18,1,1,3
19,0,0,0.0019511854,True,19,1,1,4
5,0,0,0.24816129,True,5,0,1,2
6,1,1,0.99860996,True,6,0,1,3
13,0,1,0.9240833,False,13,1,0,2
20,1,1,0.83750516,True,20,1,2,1
6,1,1,0.9856341,True,6,0,1,3
11,0,0,0.0013306162,True,11,0,2,4
16,1,1,0.94176316,True,16,1,1,1
17,0,0,0.0022766301,True,17,1,1,2
1,0,0,0.25410897,True,1,0,0,2
2,1,1,0.8783326,True,2,0,0,3
12,1,1,0.8764625,True,12,1,0,1
17,0,0,0.009403786,True,17,1,1,2
6,1,1,0.99962807,True,6,0,1,3
9,0,0,0.19075151,True,9,0,2,2
15,0,0,0.015153311,True,15,1,0,4
18,1,1,0.99529517,True,18,1,1,3
6,1,1,0.9974711,True,6,0,1,3
11,0,0,0.0013042209,True,11,0,2,4
20,1,1,0.97529763,True,20,1,2,1
23,0,0,0.06680669,True,23,1,2,4
4,1,0,0.12320536,False,4,0,1,1
9,0,0,0.04180545,True,9,0,2,2
14,1,0,0.0051539424,False,14,1,0,3
15,0,0,0.00018059378,True,15,1,0,4
1,0,0,0.018963499,True,1,0,0,2
2,1,1,0.88147354,True,2,0,0,3
20,1,1,0.94507205,True,20,1,2,1
23,0,0,0.0006383226,True,23,1,2,4
1,0,0,0.04878253,True,1,0,0,2
10,1,0,0.4851216,False,10,0,2,3
18,1,1,0.9976276,True,18,1,1,3
23,0,0,0.0043050866,True,23,1,2,4
8,1,1,0.9984613,True,8,0,2,1
11,0,0,0.021614676,True,11,0,2,4
12,1,1,0.93265027,True,12,1,0,1
21,0,0,0.4101597,True,21,1,2,2
6,1,1,0.9991369,True,6,0,1,3
9,0,0,0.043237112,True,9,0,2,2
19,0,0,0.009276439,True,19,1,1,4
20,1,1,0.99175155,True,20,1,2,1
6,1,1,0.9986162,True,6,0,1,3
11,0,0,0.0045189606,True,11,0,2,4
15,0,0,0.0016226203,True,15,1,0,4
16,1,1,0.9987039,True,16,1,1,1
1,0,0,0.024604108,True,1,0,0,2
10,1,1,0.62731636,True,10,0,2,3
13,0,1,0.837006,False,13,1,0,2
16,1,1,0.9995161,True,16,1,1,1
3,0,0,0.0022309658,True,3,0,0,4
4,1,0,0.018031903,False,4,0,1,1
14,1,0,0.009229387,False,14,1,0,3
23,0,0,0.09806077,True,23,1,2,4
0,1,1,0.9991497,True,0,0,0,1
3,0,0,0.009413891,True,3,0,0,4
12,1,1,0.9872268,True,12,1,0,1
17,0,0,0.013261044,True,17,1,1,2
0,1,1,0.9978109,True,0,0,0,1
11,0,0,0.03752803,True,11,0,2,4
13,0,1,0.7425046,False,13,1,0,2
16,1,1,0.5978016,True,16,1,1,1
0,1,1,0.99812585,True,0,0,0,1
5,0,0,0.12677133,True,5,0,1,2
13,0,1,0.6218096,False,13,1,0,2
14,1,1,0.6535753,True,14,1,0,3
2,1,1,0.97932464,True,2,0,0,3
3,0,0,0.047319654,True,3,0,0,4
14,1,0,0.034685537,False,14,1,0,3
15,0,0,0.0008036892,True,15,1,0,4
3,0,0,0.0021255915,True,3,0,0,4
8,1,1,0.97763854,True,8,0,2,1
14,1,0,0.025752738,False,14,1,0,3
23,0,0,0.005543127,True,23,1,2,4
0,1,1,0.9991658,True,0,0,0,1
9,0,0,0.062636726,True,9,0,2,2
12,1,1,0.98265547,True,12,1,0,1
19,0,0,0.00030167925,True,19,1,1,4
2,1,1,0.8470401,True,2,0,0,3
9,0,0,0.0055791335,True,9,0,2,2
14,1,0,0.21590996,False,14,1,0,3
19,0,0,0.024447491,True,19,1,1,4
6,1,1,0.99959636,True,6,0,1,3
11,0,0,0.0021934817,True,11,0,2,4
18,1,1,0.9957008,True,18,1,1,3
21,0,0,0.41115463,True,21,1,2,2
6,1,1,0.99882406,True,6,0,1,3
9,0,0,0.005428113,True,9,0,2,2
12,1,1,0.997206,True,12,1,0,1
13,0,1,0.96392864,False,13,1,0,2
3,0,0,0.004289396,True,3,0,0,4
4,1,0,0.15410064,False,4,0,1,1
14,1,0,0.028154802,False,14,1,0,3
19,0,0,0.0022921734,True,19,1,1,4
7,0,0,0.00023701068,True,7,0,1,4
8,1,1,0.95405704,True,8,0,2,1
16,1,1,0.6562806,True,16,1,1,1
21,0,0,0.3486826,True,21,1,2,2
5,0,0,0.26341718,True,5,0,1,2
10,1,1,0.9008872,True,10,0,2,3
14,1,0,0.037061263,False,14,1,0,3
21,0,0,0.25726497,True,21,1,2,2
2,1,1,0.9829599,True,2,0,0,3
3,0,0,0.0044873836,True,3,0,0,4
14,1,0,0.0053920834,False,14,1,0,3
23,0,0,0.08713775,True,23,1,2,4
2,1,1,0.99550295,True,2,0,0,3
7,0,0,0.0042965254,True,7,0,1,4
16,1,1,0.996357,True,16,1,1,1
21,0,0,0.31342337,True,21,1,2,2
1,0,0,0.0041342587,True,1,0,0,2
6,1,1,0.99512386,True,6,0,1,3
14,1,0,0.13897179,False,14,1,0,3
23,0,0,0.10992454,True,23,1,2,4
3,0,0,0.0010622214,True,3,0,0,4
6,1,1,0.9947374,True,6,0,1,3
16,1,1,0.9961798,True,16,1,1,1
23,0,0,0.03129215,True,23,1,2,4
9,0,0,0.16316727,True,9,0,2,2
10,1,1,0.85414153,True,10,0,2,3
18,1,1,0.81286806,True,18,1,1,3
23,0,0,0.0078079225,True,23,1,2,4
5,0,0,0.26295885,True,5,0,1,2
8,1,1,0.9291935,True,8,0,2,1
20,1,1,0.9128653,True,20,1,2,1
23,0,0,0.002900446,True,23,1,2,4
10,1,0,0.43445083,False,10,0,2,3
11,0,0,0.0059015173,True,11,0,2,4
19,0,0,0.21341923,True,19,1,1,4
22,1,0,0.08947497,False,22,1,2,3
4,1,1,0.6050228,True,4,0,1,1
5,0,0,0.04826436,True,5,0,1,2
19,0,0,0.04124294,True,19,1,1,4
22,1,0,0.12554939,False,22,1,2,3
1,0,0,0.10306975,True,1,0,0,2
2,1,1,0.6749539,True,2,0,0,3
12,1,1,0.8517077,True,12,1,0,1
19,0,0,0.028396856,True,19,1,1,4
7,0,0,0.006142056,True,7,0,1,4
8,1,1,0.9328871,True,8,0,2,1
15,0,0,0.0016472975,True,15,1,0,4
20,1,1,0.89359033,True,20,1,2,1
5,0,0,0.41612938,True,5,0,1,2
10,1,1,0.89049447,True,10,0,2,3
12,1,1,0.95190257,True,12,1,0,1
17,0,0,0.011205145,True,17,1,1,2
1,0,0,0.38051954,True,1,0,0,2
2,1,1,0.99622893,True,2,0,0,3
20,1,1,0.9219993,True,20,1,2,1
21,0,1,0.6396756,False,21,1,2,2
7,0,0,0.00019803188,True,7,0,1,4
8,1,1,0.95139384,True,8,0,2,1
13,0,1,0.9935984,False,13,1,0,2
16,1,1,0.9547832,True,16,1,1,1
5,0,1,0.65317905,False,5,0,1,2
8,1,1,0.96198183,True,8,0,2,1
14,1,0,0.04667197,False,14,1,0,3
17,0,0,0.00241658,True,17,1,1,2
10,1,1,0.7687097,True,10,0,2,3
11,0,0,0.0033903543,True,11,0,2,4
16,1,1,0.99799484,True,16,1,1,1
19,0,0,0.06984627,True,19,1,1,4
4,1,1,0.6513735,True,4,0,1,1
5,0,0,0.024103649,True,5,0,1,2
14,1,0,0.093546174,False,14,1,0,3
19,0,0,0.0009620861,True,19,1,1,4
0,1,1,0.9983072,True,0,0,0,1
11,0,0,0.0063086795,True,11,0,2,4
13,0,0,0.3653589,True,13,1,0,2
14,1,0,0.3457526,False,14,1,0,3
2,1,1,0.7147009,True,2,0,0,3
3,0,0,0.00034857966,True,3,0,0,4
18,1,1,0.8878972,True,18,1,1,3
19,0,0,0.0009818473,True,19,1,1,4
3,0,0,0.033825293,True,3,0,0,4
4,1,0,0.4274958,False,4,0,1,1
19,0,0,0.065387644,True,19,1,1,4
22,1,0,0.07164415,False,22,1,2,3
3,0,0,0.0018126892,True,3,0,0,4
6,1,1,0.9989753,True,6,0,1,3
17,0,0,0.009873838,True,17,1,1,2
22,1,0,0.14210795,False,22,1,2,3
2,1,1,0.95608675,True,2,0,0,3
7,0,0,0.0027641214,True,7,0,1,4
13,0,1,0.9748854,False,13,1,0,2
16,1,1,0.9917926,True,16,1,1,1
4,1,0,0.20390959,False,4,0,1,1
7,0,0,0.0022075102,True,7,0,1,4
19,0,0,0.1076398,True,19,1,1,4
22,1,0,0.08856884,False,22,1,2,3
9,0,0,0.023086235,True,9,0,2,2
10,1,1,0.9128142,True,10,0,2,3
13,0,1,0.9875859,False,13,1,0,2
20,1,1,0.9823035,True,20,1,2,1
6,1,1,0.9969397,True,6,0,1,3
7,0,0,0.0035275193,True,7,0,1,4
14,1,0,0.038514763,False,14,1,0,3
21,0,0,0.11398399,True,21,1,2,2
0,1,1,0.9985415,True,0,0,0,1
1,0,0,0.0010032817,True,1,0,0,2
13,0,1,0.9764078,False,13,1,0,2
20,1,1,0.8916667,True,20,1,2,1
0,1,1,0.9981524,True,0,0,0,1
1,0,0,0.0019481063,True,1,0,0,2
13,0,1,0.9950862,False,13,1,0,2
16,1,1,0.98789424,True,16,1,1,1
6,1,1,0.9961756,True,6,0,1,3
9,0,0,0.09853433,True,9,0,2,2
16,1,1,0.9178041,True,16,1,1,1
21,0,1,0.5255382,False,21,1,2,2
0,1,1,0.9992232,True,0,0,0,1
3,0,0,0.0021047588,True,3,0,0,4
15,0,0,0.0018935609,True,15,1,0,4
18,1,1,0.947212,True,18,1,1,3
1,0,0,0.010096893,True,1,0,0,2
6,1,1,0.9950976,True,6,0,1,3
16,1,1,0.9984854,True,16,1,1,1
19,0,0,0.16693561,True,19,1,1,4
2,1,1,0.5325414,True,2,0,0,3
9,0,0,0.19606629,True,9,0,2,2
15,0,0,0.005039905,True,15,1,0,4
18,1,1,0.83737755,True,18,1,1,3
5,0,0,0.21697181,True,5,0,1,2
6,1,1,0.99829197,True,6,0,1,3
18,1,1,0.9958799,True,18,1,1,3
19,0,0,0.0076267435,True,19,1,1,4
2,1,1,0.9933734,True,2,0,0,3
7,0,0,0.004335109,True,7,0,1,4
18,1,1,0.9983047,True,18,1,1,3
21,0,0,0.428393,True,21,1,2,2
1,0,0,0.27408785,True,1,0,0,2
6,1,1,0.9988774,True,6,0,1,3
15,0,0,0.007362359,True,15,1,0,4
22,1,0,0.20206255,False,22,1,2,3
0,1,1,0.9994367,True,0,0,0,1
1,0,0,0.00022181321,True,1,0,0,2
14,1,0,0.019081037,False,14,1,0,3
15,0,0,0.00027528318,True,15,1,0,4
4,1,0,0.32229888,False,4,0,1,1
9,0,0,0.08277714,True,9,0,2,2
12,1,1,0.9693295,True,12,1,0,1
17,0,0,0.105713226,True,17,1,1,2
0,1,1,0.9991355,True,0,0,0,1
11,0,0,0.00027913187,True,11,0,2,4
16,1,1,0.9986661,True,16,1,1,1
23,0,0,0.0010481395,True,23,1,2,4
9,0,0,0.043125853,True,9,0,2,2
10,1,1,0.93159527,True,10,0,2,3
14,1,0,0.41412443,False,14,1,0,3
17,0,0,0.0050553866,True,17,1,1,2
0,1,1,0.9987089,True,0,0,0,1
7,0,0,0.0015755452,True,7,0,1,4
13,0,1,0.89712125,False,13,1,0,2
18,1,1,0.9971028,True,18,1,1,3
2,1,1,0.95168424,True,2,0,0,3
3,0,0,0.00057591946,True,3,0,0,4
12,1,1,0.92293936,True,12,1,0,1
15,0,0,0.00263002,True,15,1,0,4
6,1,1,0.99948287,True,6,0,1,3
7,0,0,0.084648974,True,7,0,1,4
19,0,0,0.18629485,True,19,1,1,4
22,1,0,0.20604737,False,22,1,2,3
1,0,0,0.019200964,True,1,0,0,2
6,1,1,0.9974947,True,6,0,1,3
15,0,0,0.0033383728,True,15,1,0,4
20,1,1,0.72346514,True,20,1,2,1
0,1,1,0.99887526,True,0,0,0,1
5,0,0,0.26653275,True,5,0,1,2
17,0,0,0.014301304,True,17,1,1,2
20,1,1,0.8933303,True,20,1,2,1
0,1,1,0.99958897,True,0,0,0,1
1,0,0,0.3946596,True,1,0,0,2
22,1,0,0.113542736,False,22,1,2,3
23,0,0,0.000641095,True,23,1,2,4
10,1,1,0.9307414,True,10,0,2,3
11,0,0,0.0022121766,True,11,0,2,4
12,1,1,0.9978762,True,12,1,0,1
13,0,1,0.9381403,False,13,1,0,2
1,0,0,0.4372065,True,1,0,0,2
4,1,0,0.23551497,False,4,0,1,1
15,0,0,0.0007131129,True,15,1,0,4
20,1,1,0.6121691,True,20,1,2,1
2,1,1,0.8948402,True,2,0,0,3
5,0,0,0.3790302,True,5,0,1,2
19,0,0,0.18558274,True,19,1,1,4
22,1,0,0.34235832,False,22,1,2,3
1,0,0,0.0010215068,True,1,0,0,2
6,1,1,0.9981354,True,6,0,1,3
14,1,0,0.18082452,False,14,1,0,3
17,0,0,0.014904614,True,17,1,1,2
0,1,1,0.99976903,True,0,0,0,1
5,0,0,0.1650623,True,5,0,1,2
15,0,0,0.0009846909,True,15,1,0,4
18,1,1,0.99274117,True,18,1,1,3
5,0,1,0.7012695,False,5,0,1,2
10,1,1,0.8728321,True,10,0,2,3
14,1,0,0.21847574,False,14,1,0,3
17,0,0,0.03375326,True,17,1,1,2
2,1,1,0.8173792,True,2,0,0,3
5,0,0,0.18060328,True,5,0,1,2
13,0,1,0.9929698,False,13,1,0,2
20,1,1,0.92604524,True,20,1,2,1
1,0,0,0.28693607,True,1,0,0,2
2,1,1,0.99983406,True,2,0,0,3
21,0,1,0.5441915,False,21,1,2,2
22,1,1,0.72099996,True,22,1,2,3
7,0,0,0.0011702504,True,7,0,1,4
10,1,1,0.6170889,True,10,0,2,3
15,0,0,0.0009471775,True,15,1,0,4
18,1,1,0.90226316,True,18,1,1,3
0,1,1,0.9995749,True,0,0,0,1
11,0,0,0.0018472082,True,11,0,2,4
16,1,1,0.99890596,True,16,1,1,1
19,0,0,0.07152599,True,19,1,1,4
2,1,1,0.9382925,True,2,0,0,3
5,0,0,0.16636352,True,5,0,1,2
18,1,1,0.9391464,True,18,1,1,3
21,0,0,0.2846081,True,21,1,2,2
2,1,1,0.99213105,True,2,0,0,3
7,0,0,0.4521017,True,7,0,1,4
12,1,1,0.85620624,True,12,1,0,1
21,0,0,0.43230203,True,21,1,2,2
2,1,0,0.37629202,False,2,0,0,3
5,0,1,0.6586284,False,5,0,1,2
14,1,0,0.19526163,False,14,1,0,3
19,0,0,0.013374757,True,19,1,1,4
1,0,0,0.29080555,True,1,0,0,2
6,1,1,0.9936538,True,6,0,1,3
19,0,0,0.052200098,True,19,1,1,4
22,1,0,0.05707556,False,22,1,2,3
1,0,0,0.047380354,True,1,0,0,2
6,1,1,0.9986943,True,6,0,1,3
22,1,0,0.13646084,False,22,1,2,3
23,0,0,0.0026425915,True,23,1,2,4
10,1,1,0.6176498,True,10,0,2,3
11,0,0,0.001990498,True,11,0,2,4
14,1,0,0.007848167,False,14,1,0,3
19,0,0,0.0070967744,True,19,1,1,4
8,1,1,0.9516234,True,8,0,2,1
11,0,0,0.0018018443,True,11,0,2,4
15,0,0,0.00069560896,True,15,1,0,4
16,1,1,0.9969195,True,16,1,1,1
7,0,0,0.0023905416,True,7,0,1,4
10,1,1,0.654616,True,10,0,2,3
20,1,1,0.92435616,True,20,1,2,1
23,0,0,0.0021764366,True,23,1,2,4
9,0,0,0.09811521,True,9,0,2,2
10,1,1,0.5113271,True,10,0,2,3
12,1,1,0.6791532,True,12,1,0,1
23,0,0,0.002556188,True,23,1,2,4
1,0,0,0.28225613,True,1,0,0,2
2,1,1,0.7571061,True,2,0,0,3
12,1,1,0.84582573,True,12,1,0,1
15,0,0,0.013191307,True,15,1,0,4
3,0,0,0.00592589,True,3,0,0,4
4,1,1,0.55475295,True,4,0,1,1
16,1,1,0.99551713,True,16,1,1,1
19,0,0,0.1032356,True,19,1,1,4
7,0,0,0.0022677348,True,7,0,1,4
10,1,1,0.74622554,True,10,0,2,3
14,1,0,0.032043442,False,14,1,0,3
17,0,0,0.031053133,True,17,1,1,2
5,0,0,0.21547787,True,5,0,1,2
10,1,1,0.7438489,True,10,0,2,3
12,1,1,0.7792327,True,12,1,0,1
21,0,1,0.5406431,False,21,1,2,2
9,0,0,0.10646042,True,9,0,2,2
10,1,1,0.6212162,True,10,0,2,3
12,1,1,0.80036926,True,12,1,0,1
19,0,0,0.030217456,True,19,1,1,4
2,1,1,0.95535433,True,2,0,0,3
7,0,0,0.0028945426,True,7,0,1,4
12,1,1,0.8519209,True,12,1,0,1
17,0,0,0.0018687744,True,17,1,1,2
5,0,0,0.28431988,True,5,0,1,2
10,1,1,0.5378503,True,10,0,2,3
16,1,1,0.99539095,True,16,1,1,1
23,0,0,0.0023349281,True,23,1,2,4
3,0,0,0.0026491152,True,3,0,0,4
8,1,1,0.9938817,True,8,0,2,1
12,1,1,0.96308416,True,12,1,0,1
21,0,0,0.3977735,True,21,1,2,2
3,0,0,0.09215517,True,3,0,0,4
10,1,0,0.3725022,False,10,0,2,3
14,1,0,0.2506613,False,14,1,0,3
19,0,0,0.18411785,True,19,1,1,4
4,1,0,0.26140758,False,4,0,1,1
7,0,0,0.0021074184,True,7,0,1,4
12,1,1,0.96855223,True,12,1,0,1
21,0,1,0.5164215,False,21,1,2,2
4,1,0,0.22716957,False,4,0,1,1
7,0,0,0.0016440304,True,7,0,1,4
14,1,0,0.047834493,False,14,1,0,3
23,0,0,0.14930597,True,23,1,2,4
5,0,1,0.6201386,False,5,0,1,2
10,1,1,0.93614244,True,10,0,2,3
19,0,0,0.15285821,True,19,1,1,4
20,1,1,0.90603703,True,20,1,2,1
6,1,1,0.99899733,True,6,0,1,3
7,0,0,0.0013043946,True,7,0,1,4
13,0,1,0.9232614,False,13,1,0,2
22,1,0,0.20728432,False,22,1,2,3
2,1,1,0.7672927,True,2,0,0,3
9,0,0,0.023570813,True,9,0,2,2
16,1,1,0.9960347,True,16,1,1,1
17,0,0,0.07678897,True,17,1,1,2
5,0,0,0.03808326,True,5,0,1,2
10,1,1,0.8615093,True,10,0,2,3
15,0,0,0.0011776648,True,15,1,0,4
18,1,1,0.83899117,True,18,1,1,3
1,0,0,0.24987018,True,1,0,0,2
10,1,1,0.89600366,True,10,0,2,3
17,0,0,0.05310533,True,17,1,1,2
22,1,0,0.07429092,False,22,1,2,3
3,0,0,0.0023147422,True,3,0,0,4
8,1,1,0.96041185,True,8,0,2,1
18,1,1,0.9984041,True,18,1,1,3
19,0,0,0.0060600624,True,19,1,1,4
10,1,1,0.6747388,True,10,0,2,3
11,0,0,0.0004891702,True,11,0,2,4
12,1,1,0.9115554,True,12,1,0,1
17,0,0,0.003131429,True,17,1,1,2
4,1,0,0.23406115,False,4,0,1,1
11,0,0,0.003798809,True,11,0,2,4
12,1,1,0.8924711,True,12,1,0,1
19,0,0,0.12696528,True,19,1,1,4
6,1,1,0.99864095,True,6,0,1,3
11,0,0,0.0026002645,True,11,0,2,4
12,1,1,0.8606017,True,12,1,0,1
21,0,0,0.36930403,True,21,1,2,2
1,0,0,0.14601845,True,1,0,0,2
4,1,0,0.29141292,False,4,0,1,1
16,1,1,0.9898555,True,16,1,1,1
19,0,0,0.021306735,True,19,1,1,4
0,1,1,0.99833196,True,0,0,0,1
5,0,0,0.115894824,True,5,0,1,2
20,1,1,0.5910705,True,20,1,2,1
23,0,0,0.0037638242,True,23,1,2,4
7,0,0,0.005304879,True,7,0,1,4
8,1,1,0.9925468,True,8,0,2,1
14,1,0,0.14583409,False,14,1,0,3
19,0,0,0.018945932,True,19,1,1,4
4,1,0,0.27997938,False,4,0,1,1
9,0,0,0.003495351,True,9,0,2,2
16,1,1,0.9967799,True,16,1,1,1
23,0,0,0.0128260255,True,23,1,2,4
2,1,1,0.84024936,True,2,0,0,3
7,0,0,0.00048695775,True,7,0,1,4
14,1,0,0.38891685,False,14,1,0,3
17,0,0,0.009355516,True,17,1,1,2
4,1,0,0.39618108,False,4,0,1,1
9,0,0,0.08622624,True,9,0,2,2
15,0,0,0.00079352706,True,15,1,0,4
22,1,0,0.124288455,False,22,1,2,3
6,1,1,0.99817604,True,6,0,1,3
7,0,0,0.0007321928,True,7,0,1,4
18,1,1,0.9896253,True,18,1,1,3
19,0,0,0.0035782715,True,19,1,1,4
2,1,1,0.9919801,True,2,0,0,3
11,0,0,0.0020427061,True,11,0,2,4
22,1,0,0.12868817,False,22,1,2,3
23,0,0,0.0024561274,True,23,1,2,4
5,0,0,0.46083084,True,5,0,1,2
6,1,1,0.99783415,True,6,0,1,3
14,1,0,0.063453555,False,14,1,0,3
23,0,0,0.09308125,True,23,1,2,4
0,1,1,0.9996546,True,0,0,0,1
7,0,0,0.000403494,True,7,0,1,4
16,1,1,0.9974435,True,16,1,1,1
23,0,0,0.002774243,True,23,1,2,4
0,1,1,0.9991356,True,0,0,0,1
3,0,0,0.004782768,True,3,0,0,4
13,0,1,0.8595724,False,13,1,0,2
16,1,1,0.9669745,True,16,1,1,1
3,0,0,0.0026119112,True,3,0,0,4
10,1,1,0.9049149,True,10,0,2,3
16,1,1,0.9943347,True,16,1,1,1
23,0,0,0.009791666,True,23,1,2,4
3,0,0,0.0482099,True,3,0,0,4
10,1,1,0.52231663,True,10,0,2,3
14,1,0,0.0528702,False,14,1,0,3
21,0,0,0.41946977,True,21,1,2,2
10,1,1,0.73625076,True,10,0,2,3
11,0,0,0.01616683,True,11,0,2,4
18,1,1,0.9755105,True,18,1,1,3
23,0,0,0.002306901,True,23,1,2,4
1,0,0,0.06983438,True,1,0,0,2
8,1,1,0.9035452,True,8,0,2,1
19,0,0,0.20441182,True,19,1,1,4
22,1,0,0.09680748,False,22,1,2,3
8,1,1,0.87310284,True,8,0,2,1
9,0,0,0.0074368063,True,9,0,2,2
22,1,0,0.043944076,False,22,1,2,3
23,0,0,0.00401927,True,23,1,2,4
10,1,1,0.6297629,True,10,0,2,3
11,0,0,0.0028402214,True,11,0,2,4
16,1,1,0.9831563,True,16,1,1,1
21,0,0,0.45865178,True,21,1,2,2
5,0,0,0.34034726,True,5,0,1,2
10,1,1,0.9842559,True,10,0,2,3
16,1,1,0.9990758,True,16,1,1,1
17,0,0,0.008189731,True,17,1,1,2
7,0,0,0.027682494,True,7,0,1,4
8,1,1,0.98878175,True,8,0,2,1
20,1,1,0.98864555,True,20,1,2,1
21,0,1,0.6982544,False,21,1,2,2
5,0,0,0.42917702,True,5,0,1,2
8,1,1,0.88722,True,8,0,2,1
12,1,1,0.9820096,True,12,1,0,1
23,0,0,0.09749771,True,23,1,2,4
1,0,0,0.0008800292,True,1,0,0,2
2,1,1,0.9369358,True,2,0,0,3
14,1,0,0.017364174,False,14,1,0,3
17,0,0,0.0041854926,True,17,1,1,2
1,0,0,0.04540238,True,1,0,0,2
10,1,1,0.96518815,True,10,0,2,3
15,0,0,0.0016107922,True,15,1,0,4
20,1,1,0.8650987,True,20,1,2,1
2,1,1,0.8791414,True,2,0,0,3
9,0,0,0.0073678736,True,9,0,2,2
18,1,1,0.9904453,True,18,1,1,3
19,0,0,0.017007817,True,19,1,1,4
5,0,0,0.47229218,True,5,0,1,2
8,1,1,0.97402316,True,8,0,2,1
14,1,0,0.14141896,False,14,1,0,3
19,0,0,0.006464938,True,19,1,1,4
7,0,0,0.17791507,True,7,0,1,4
10,1,1,0.9926439,True,10,0,2,3
19,0,0,0.201592,True,19,1,1,4
22,1,0,0.197165,False,22,1,2,3
1,0,0,0.32741192,True,1,0,0,2
4,1,1,0.62180066,True,4,0,1,1
20,1,1,0.86734915,True,20,1,2,1
23,0,0,0.012747802,True,23,1,2,4
0,1,1,0.99915504,True,0,0,0,1
1,0,0,0.2671784,True,1,0,0,2
19,0,0,0.005159188,True,19,1,1,4
20,1,1,0.864308,True,20,1,2,1
1,0,0,0.057247497,True,1,0,0,2
10,1,1,0.668983,True,10,0,2,3
13,0,1,0.89671737,False,13,1,0,2
20,1,1,0.915481,True,20,1,2,1
3,0,0,0.005112864,True,3,0,0,4
6,1,1,0.9964419,True,6,0,1,3
18,1,1,0.99087125,True,18,1,1,3
19,0,0,0.016538247,True,19,1,1,4
3,0,0,0.005326077,True,3,0,0,4
8,1,1,0.9885172,True,8,0,2,1
13,0,1,0.8386753,False,13,1,0,2
18,1,1,0.983411,True,18,1,1,3
0,1,1,0.99903136,True,0,0,0,1
5,0,1,0.6227732,False,5,0,1,2
16,1,1,0.8501606,True,16,1,1,1
19,0,0,0.14060882,True,19,1,1,4
2,1,1,0.997781,True,2,0,0,3
3,0,0,0.004425674,True,3,0,0,4
16,1,1,0.73985237,True,16,1,1,1
21,0,1,0.70151645,False,21,1,2,2
3,0,0,0.001405403,True,3,0,0,4
8,1,1,0.97500384,True,8,0,2,1
12,1,1,0.88609535,True,12,1,0,1
15,0,0,0.0015702343,True,15,1,0,4
3,0,0,0.0011083016,True,3,0,0,4
10,1,1,0.9000076,True,10,0,2,3
12,1,1,0.9814383,True,12,1,0,1
21,0,1,0.602268,False,21,1,2,2
6,1,1,0.997362,True,6,0,1,3
7,0,0,0.0038505013,True,7,0,1,4
14,1,0,0.26044178,False,14,1,0,3
19,0,0,0.11880625,True,19,1,1,4
4,1,1,0.610922,True,4,0,1,1
7,0,0,0.0032147,True,7,0,1,4
19,0,0,0.16845971,True,19,1,1,4
20,1,1,0.749649,True,20,1,2,1
2,1,0,0.39589635,False,2,0,0,3
11,0,0,0.0017588662,True,11,0,2,4
14,1,0,0.011742698,False,14,1,0,3
15,0,0,0.00027747863,True,15,1,0,4
2,1,1,0.9227086,True,2,0,0,3
3,0,0,0.0007400799,True,3,0,0,4
16,1,1,0.9976615,True,16,1,1,1
19,0,0,0.016503934,True,19,1,1,4
1,0,0,0.44467118,True,1,0,0,2
4,1,0,0.15512322,False,4,0,1,1
15,0,0,0.00031747003,True,15,1,0,4
22,1,0,0.27288616,False,22,1,2,3
4,1,0,0.29511014,False,4,0,1,1
11,0,0,0.009696249,True,11,0,2,4
17,0,0,0.480304,True,17,1,1,2
18,1,1,0.93805957,True,18,1,1,3
1,0,0,0.073310554,True,1,0,0,2
2,1,1,0.7774665,True,2,0,0,3
13,0,1,0.9690059,False,13,1,0,2
18,1,1,0.99213123,True,18,1,1,3
4,1,0,0.32230586,False,4,0,1,1
7,0,0,0.0007078693,True,7,0,1,4
16,1,1,0.9880226,True,16,1,1,1
21,0,0,0.21080855,True,21,1,2,2
3,0,0,0.022794537,True,3,0,0,4
10,1,0,0.16617088,False,10,0,2,3
17,0,0,0.18290003,True,17,1,1,2
20,1,1,0.8148782,True,20,1,2,1
6,1,1,0.9997121,True,6,0,1,3
7,0,0,0.0053113434,True,7,0,1,4
12,1,1,0.9974071,True,12,1,0,1
13,0,1,0.9357803,False,13,1,0,2
2,1,1,0.99672264,True,2,0,0,3
5,0,0,0.26451057,True,5,0,1,2
12,1,1,0.9092144,True,12,1,0,1
21,0,1,0.58288765,False,21,1,2,2
2,1,1,0.66532785,True,2,0,0,3
9,0,0,0.0766715,True,9,0,2,2
12,1,1,0.8016273,True,12,1,0,1
19,0,0,0.011787679,True,19,1,1,4
1,0,0,0.17496286,True,1,0,0,2
4,1,0,0.2157003,False,4,0,1,1
12,1,1,0.99374574,True,12,1,0,1
15,0,0,0.0014288456,True,15,1,0,4
0,1,1,0.99775416,True,0,0,0,1
11,0,0,0.0041455533,True,11,0,2,4
18,1,1,0.99115443,True,18,1,1,3
21,0,0,0.47298917,True,21,1,2,2
2,1,1,0.986106,True,2,0,0,3
9,0,0,0.058256105,True,9,0,2,2
12,1,1,0.9996011,True,12,1,0,1
13,0,1,0.99772197,False,13,1,0,2
0,1,1,0.9989233,True,0,0,0,1
3,0,0,0.0010998698,True,3,0,0,4
16,1,1,0.9989561,True,16,1,1,1
23,0,0,0.042709313,True,23,1,2,4
4,1,0,0.002842927,False,4,0,1,1
9,0,0,0.27014595,True,9,0,2,2
18,1,0,0.48861757,False,18,1,1,3
21,0,1,0.53060764,False,21,1,2,2
0,1,1,0.9989549,True,0,0,0,1
9,0,0,0.039104015,True,9,0,2,2
18,1,1,0.99550337,True,18,1,1,3
21,0,0,0.46621463,True,21,1,2,2
2,1,1,0.9304317,True,2,0,0,3
11,0,0,0.002639579,True,11,0,2,4
20,1,1,0.9791536,True,20,1,2,1
23,0,0,0.04690065,True,23,1,2,4
2,1,1,0.80658174,True,2,0,0,3
7,0,0,0.0014691375,True,7,0,1,4
12,1,1,0.77908957,True,12,1,0,1
19,0,0,0.14705782,True,19,1,1,4
6,1,1,0.9956133,True,6,0,1,3
11,0,0,0.005937899,True,11,0,2,4
12,1,1,0.9678449,True,12,1,0,1
19,0,0,0.29870495,True,19,1,1,4
3,0,0,0.026791833,True,3,0,0,4
4,1,1,0.78948325,True,4,0,1,1
13,0,1,0.9145445,False,13,1,0,2
22,1,0,0.19628847,False,22,1,2,3
0,1,1,0.99878937,True,0,0,0,1
5,0,0,0.20160232,True,5,0,1,2
13,0,1,0.9940248,False,13,1,0,2
20,1,1,0.6187117,True,20,1,2,1
0,1,1,0.99922466,True,0,0,0,1
5,0,1,0.7811716,False,5,0,1,2
14,1,0,0.0050277477,False,14,1,0,3
15,0,0,0.0005459171,True,15,1,0,4
4,1,0,0.21825112,False,4,0,1,1
9,0,0,0.005023486,True,9,0,2,2
12,1,1,0.9906056,True,12,1,0,1
23,0,0,0.00159492,True,23,1,2,4
1,0,0,0.027008694,True,1,0,0,2
2,1,1,0.85450065,True,2,0,0,3
18,1,1,0.99705845,True,18,1,1,3
23,0,0,0.005216478,True,23,1,2,4
6,1,1,0.99884015,True,6,0,1,3
7,0,0,0.0013463405,True,7,0,1,4
13,0,1,0.6788569,False,13,1,0,2
14,1,1,0.5633986,True,14,1,0,3
2,1,1,0.9832734,True,2,0,0,3
3,0,0,0.007522016,True,3,0,0,4
19,0,0,0.053024385,True,19,1,1,4
22,1,0,0.1491196,False,22,1,2,3
2,1,1,0.9413557,True,2,0,0,3
11,0,0,0.3081629,True,11,0,2,4
13,0,1,0.7187351,False,13,1,0,2
22,1,0,0.14701216,False,22,1,2,3
8,1,1,0.99455905,True,8,0,2,1
9,0,0,0.0361865,True,9,0,2,2
16,1,1,0.9256279,True,16,1,1,1
21,0,0,0.45392317,True,21,1,2,2
4,1,1,0.53793484,True,4,0,1,1
7,0,0,0.0016561429,True,7,0,1,4
14,1,0,0.018055167,False,14,1,0,3
19,0,0,0.11560218,True,19,1,1,4
0,1,1,0.9992197,True,0,0,0,1
7,0,0,0.0035408107,True,7,0,1,4
12,1,1,0.96155256,True,12,1,0,1
23,0,0,0.0018027294,True,23,1,2,4
4,1,0,0.093249306,False,4,0,1,1
11,0,0,0.001162433,True,11,0,2,4
13,0,1,0.7155493,False,13,1,0,2
14,1,1,0.6831573,True,14,1,0,3
1,0,0,0.20141974,True,1,0,0,2
6,1,1,0.995692,True,6,0,1,3
12,1,1,0.9991422,True,12,1,0,1
13,0,1,0.99436283,False,13,1,0,2
5,0,0,0.32694083,True,5,0,1,2
6,1,1,0.99857247,True,6,0,1,3
19,0,0,0.18957236,True,19,1,1,4
22,1,0,0.12363217,False,22,1,2,3
0,1,1,0.9973631,True,0,0,0,1
11,0,0,0.0055615124,True,11,0,2,4
15,0,0,0.007090331,True,15,1,0,4
16,1,1,0.99800736,True,16,1,1,1
0,1,1,0.99690855,True,0,0,0,1
3,0,0,0.0021906341,True,3,0,0,4
20,1,1,0.9934324,True,20,1,2,1
21,0,0,0.4306309,True,21,1,2,2
7,0,0,0.045715448,True,7,0,1,4
8,1,1,0.9960526,True,8,0,2,1
12,1,1,0.9820509,True,12,1,0,1
13,0,1,0.9625544,False,13,1,0,2
7,0,0,0.002203128,True,7,0,1,4
8,1,1,0.99417186,True,8,0,2,1
13,0,1,0.99607027,False,13,1,0,2
18,1,1,0.9962455,True,18,1,1,3
2,1,1,0.8605058,True,2,0,0,3
3,0,0,0.11524187,True,3,0,0,4
14,1,0,0.10079419,False,14,1,0,3
17,0,0,0.010389212,True,17,1,1,2
5,0,1,0.6324057,False,5,0,1,2
8,1,1,0.97327566,True,8,0,2,1
12,1,1,0.87206084,True,12,1,0,1
19,0,0,0.25070745,True,19,1,1,4
5,0,0,0.004309018,True,5,0,1,2
10,1,1,0.978547,True,10,0,2,3
17,0,0,0.0011971832,True,17,1,1,2
22,1,0,0.13137089,False,22,1,2,3
0,1,1,0.99887484,True,0,0,0,1
1,0,0,0.002536269,True,1,0,0,2
14,1,0,0.030348388,False,14,1,0,3
19,0,0,0.01765644,True,19,1,1,4
2,1,1,0.97668743,True,2,0,0,3
7,0,0,0.009258563,True,7,0,1,4
17,0,0,0.03728378,True,17,1,1,2
18,1,1,0.9738869,True,18,1,1,3
2,1,1,0.9068579,True,2,0,0,3
7,0,0,0.00035010616,True,7,0,1,4
18,1,1,0.97735745,True,18,1,1,3
23,0,0,0.013821466,True,23,1,2,4
4,1,0,0.2403994,False,4,0,1,1
7,0,0,0.0012957279,True,7,0,1,4
13,0,1,0.7839866,False,13,1,0,2
18,1,1,0.7182724,True,18,1,1,3
6,1,1,0.9994266,True,6,0,1,3
7,0,0,0.0026969768,True,7,0,1,4
16,1,1,0.62244153,True,16,1,1,1
21,0,1,0.51655495,False,21,1,2,2
8,1,1,0.99191886,True,8,0,2,1
9,0,0,0.011424981,True,9,0,2,2
13,0,1,0.8433449,False,13,1,0,2
14,1,1,0.8173662,True,14,1,0,3
5,0,0,0.117363125,True,5,0,1,2
6,1,1,0.9998666,True,6,0,1,3
16,1,1,0.9995071,True,16,1,1,1
21,0,0,0.34357914,True,21,1,2,2
6,1,1,0.99988616,True,6,0,1,3
9,0,0,0.0056096106,True,9,0,2,2
22,1,0,0.08827937,False,22,1,2,3
23,0,0,0.0041969186,True,23,1,2,4
5,0,1,0.50595725,False,5,0,1,2
8,1,1,0.9158816,True,8,0,2,1
19,0,0,0.3983735,True,19,1,1,4
22,1,0,0.055335354,False,22,1,2,3
1,0,0,0.032476727,True,1,0,0,2
10,1,0,0.46996552,False,10,0,2,3
13,0,1,0.9661576,False,13,1,0,2
18,1,1,0.9927695,True,18,1,1,3
1,0,0,0.005664381,True,1,0,0,2
6,1,1,0.9994507,True,6,0,1,3
13,0,1,0.931218,False,13,1,0,2
18,1,1,0.99369365,True,18,1,1,3
8,1,1,0.9815483,True,8,0,2,1
9,0,0,0.0039308486,True,9,0,2,2
14,1,0,0.014208315,False,14,1,0,3
19,0,0,0.041463986,True,19,1,1,4
5,0,1,0.6098718,False,5,0,1,2
6,1,1,0.9994224,True,6,0,1,3
17,0,0,0.06399672,True,17,1,1,2
18,1,1,0.9933295,True,18,1,1,3
0,1,1,0.99908996,True,0,0,0,1
1,0,0,0.18646607,True,1,0,0,2
16,1,1,0.9674714,True,16,1,1,1
19,0,0,0.06709955,True,19,1,1,4
6,1,1,0.9975374,True,6,0,1,3
11,0,0,0.049982898,True,11,0,2,4
18,1,1,0.9955922,True,18,1,1,3
19,0,0,0.009411683,True,19,1,1,4
0,1,1,0.99963343,True,0,0,0,1
1,0,0,0.011637023,True,1,0,0,2
13,0,1,0.9774812,False,13,1,0,2
14,1,1,0.9159216,True,14,1,0,3
3,0,0,0.0016835383,True,3,0,0,4
10,1,1,0.9897055,True,10,0,2,3
16,1,1,0.99816614,True,16,1,1,1
19,0,0,0.008681302,True,19,1,1,4
2,1,1,0.8212171,True,2,0,0,3
9,0,0,0.008353464,True,9,0,2,2
15,0,0,0.003102828,True,15,1,0,4
20,1,1,0.98882324,True,20,1,2,1
0,1,1,0.9993171,True,0,0,0,1
11,0,0,0.00053653866,True,11,0,2,4
15,0,0,0.00047474017,True,15,1,0,4
18,1,1,0.9790864,True,18,1,1,3
3,0,0,0.0017879714,True,3,0,0,4
4,1,0,0.26723492,False,4,0,1,1
12,1,1,0.9799317,True,12,1,0,1
13,0,1,0.5630945,False,13,1,0,2
2,1,0,0.34505847,False,2,0,0,3
5,0,0,0.478074,True,5,0,1,2
14,1,0,0.010981748,False,14,1,0,3
23,0,0,0.0029260186,True,23,1,2,4
7,0,0,0.0055337553,True,7,0,1,4
8,1,1,0.99307305,True,8,0,2,1
18,1,1,0.97648984,True,18,1,1,3
21,0,0,0.46240723,True,21,1,2,2
4,1,0,0.48583198,False,4,0,1,1
11,0,0,0.0035827314,True,11,0,2,4
22,1,0,0.12608807,False,22,1,2,3
23,0,0,0.0005130803,True,23,1,2,4
2,1,1,0.9855884,True,2,0,0,3
11,0,0,0.030241003,True,11,0,2,4
18,1,1,0.9937616,True,18,1,1,3
21,0,1,0.7727272,False,21,1,2,2
4,1,0,0.23594427,False,4,0,1,1
11,0,0,0.011691799,True,11,0,2,4
16,1,1,0.974901,True,16,1,1,1
19,0,0,0.0029192565,True,19,1,1,4
3,0,0,0.0018993218,True,3,0,0,4
6,1,1,0.9973731,True,6,0,1,3
16,1,1,0.9392563,True,16,1,1,1
19,0,0,0.12834117,True,19,1,1,4
1,0,0,0.08083254,True,1,0,0,2
8,1,1,0.92921144,True,8,0,2,1
15,0,0,0.0022289986,True,15,1,0,4
18,1,1,0.9954767,True,18,1,1,3
6,1,1,0.998929,True,6,0,1,3
11,0,0,0.0010755279,True,11,0,2,4
17,0,0,0.022571886,True,17,1,1,2
22,1,0,0.118279025,False,22,1,2,3
2,1,1,0.92931277,True,2,0,0,3
7,0,0,0.0013236642,True,7,0,1,4
13,0,1,0.9939748,False,13,1,0,2
18,1,1,0.9871396,True,18,1,1,3
6,1,1,0.98987925,True,6,0,1,3
7,0,0,0.00065932964,True,7,0,1,4
15,0,0,0.0016683817,True,15,1,0,4
18,1,1,0.99675554,True,18,1,1,3
2,1,1,0.9776824,True,2,0,0,3
3,0,0,0.16686572,True,3,0,0,4
16,1,1,0.9895348,True,16,1,1,1
23,0,0,0.082863085,True,23,1,2,4
2,1,1,0.8084487,True,2,0,0,3
3,0,0,0.0030930266,True,3,0,0,4
13,0,1,0.9775052,False,13,1,0,2
20,1,1,0.9876374,True,20,1,2,1
3,0,0,0.0009383204,True,3,0,0,4
8,1,1,0.9584893,True,8,0,2,1
15,0,0,0.002002914,True,15,1,0,4
16,1,1,0.98894405,True,16,1,1,1
5,0,0,0.4985787,True,5,0,1,2
8,1,1,0.99153316,True,8,0,2,1
14,1,0,0.16628155,False,14,1,0,3
21,0,0,0.34689793,True,21,1,2,2
2,1,1,0.993084,True,2,0,0,3
9,0,0,0.008073093,True,9,0,2,2
13,0,1,0.877549,False,13,1,0,2
22,1,0,0.16030657,False,22,1,2,3
8,1,1,0.98892325,True,8,0,2,1
9,0,0,0.06611329,True,9,0,2,2
16,1,1,0.9875659,True,16,1,1,1
19,0,0,0.07107755,True,19,1,1,4
0,1,1,0.9980031,True,0,0,0,1
7,0,0,0.004048249,True,7,0,1,4
12,1,1,0.9965931,True,12,1,0,1
21,0,0,0.48321795,True,21,1,2,2
3,0,0,0.0052163806,True,3,0,0,4
10,1,1,0.746056,True,10,0,2,3
17,0,0,0.0031199597,True,17,1,1,2
22,1,0,0.13968897,False,22,1,2,3
6,1,1,0.9990907,True,6,0,1,3
11,0,0,0.01022568,True,11,0,2,4
15,0,0,0.0038370425,True,15,1,0,4
22,1,0,0.18535487,False,22,1,2,3
0,1,1,0.9989299,True,0,0,0,1
1,0,0,0.2899978,True,1,0,0,2
15,0,0,0.0009922397,True,15,1,0,4
22,1,0,0.050404582,False,22,1,2,3
2,1,1,0.90208817,True,2,0,0,3
5,0,0,0.28885785,True,5,0,1,2
15,0,0,0.0013151632,True,15,1,0,4
22,1,0,0.10695191,False,22,1,2,3
2,1,1,0.88051426,True,2,0,0,3
9,0,0,0.01898594,True,9,0,2,2
16,1,1,0.9952326,True,16,1,1,1
23,0,0,0.0009790207,True,23,1,2,4
0,1,1,0.99710566,True,0,0,0,1
11,0,0,0.00482635,True,11,0,2,4
17,0,0,0.01307123,True,17,1,1,2
20,1,0,0.32133132,False,20,1,2,1
2,1,1,0.997524,True,2,0,0,3
9,0,0,0.03754753,True,9,0,2,2
14,1,0,0.1402439,False,14,1,0,3
21,0,1,0.6992301,False,21,1,2,2
0,1,1,0.9992274,True,0,0,0,1
7,0,0,0.0016690642,True,7,0,1,4
13,0,1,0.9946391,False,13,1,0,2
16,1,1,0.9970346,True,16,1,1,1
0,1,1,0.99901956,True,0,0,0,1
7,0,0,0.0022591266,True,7,0,1,4
14,1,0,0.058441557,False,14,1,0,3
15,0,0,0.0005242858,True,15,1,0,4
4,1,0,0.20005737,False,4,0,1,1
7,0,0,0.0007946293,True,7,0,1,4
12,1,1,0.9778063,True,12,1,0,1
15,0,0,0.001817228,True,15,1,0,4
2,1,1,0.99425304,True,2,0,0,3
7,0,0,0.08506827,True,7,0,1,4
16,1,1,0.9953975,True,16,1,1,1
23,0,0,0.029947676,True,23,1,2,4
1,0,0,0.006901662,True,1,0,0,2
8,1,1,0.9711097,True,8,0,2,1
15,0,0,0.0011744682,True,15,1,0,4
22,1,0,0.20995662,False,22,1,2,3
4,1,1,0.570816,True,4,0,1,1
5,0,0,0.0053489665,True,5,0,1,2
16,1,1,0.99606776,True,16,1,1,1
23,0,0,0.04416445,True,23,1,2,4
3,0,0,0.0016110253,True,3,0,0,4
6,1,1,0.99387443,True,6,0,1,3
12,1,1,0.981683,True,12,1,0,1
17,0,0,0.03742124,True,17,1,1,2
1,0,0,0.062063623,True,1,0,0,2
8,1,1,0.98692095,True,8,0,2,1
12,1,1,0.8967542,True,12,1,0,1
17,0,0,0.008767932,True,17,1,1,2
5,0,0,0.23118639,True,5,0,1,2
10,1,1,0.92197883,True,10,0,2,3
13,0,1,0.9488354,False,13,1,0,2
16,1,1,0.9994609,True,16,1,1,1
1,0,0,0.46625757,True,1,0,0,2
8,1,1,0.87742054,True,8,0,2,1
16,1,1,0.97674775,True,16,1,1,1
21,0,0,0.2976202,True,21,1,2,2
6,1,1,0.9989977,True,6,0,1,3
9,0,0,0.0180557,True,9,0,2,2
15,0,0,0.001788613,True,15,1,0,4
22,1,0,0.13307592,False,22,1,2,3
0,1,1,0.8889034,True,0,0,0,1
9,0,0,0.06347606,True,9,0,2,2
14,1,0,0.012061516,False,14,1,0,3
21,0,0,0.2538566,True,21,1,2,2
9,0,0,0.0714916,True,9,0,2,2
10,1,1,0.97550434,True,10,0,2,3
22,1,0,0.12730382,False,22,1,2,3
23,0,0,0.004660754,True,23,1,2,4
0,1,1,0.9987366,True,0,0,0,1
5,0,0,0.3527048,True,5,0,1,2
12,1,1,0.9098729,True,12,1,0,1
19,0,0,0.18838611,True,19,1,1,4
1,0,0,0.2550398,True,1,0,0,2
10,1,0,0.28998348,False,10,0,2,3
12,1,1,0.9575012,True,12,1,0,1
17,0,0,0.014835324,True,17,1,1,2
7,0,0,0.004263526,True,7,0,1,4
8,1,1,0.9789,True,8,0,2,1
13,0,1,0.93968123,False,13,1,0,2
20,1,1,0.8295899,True,20,1,2,1
3,0,0,0.0011070026,True,3,0,0,4
4,1,0,0.4886921,False,4,0,1,1
21,0,0,0.21900313,True,21,1,2,2
22,1,1,0.5516423,True,22,1,2,3
6,1,1,0.99807554,True,6,0,1,3
7,0,0,0.0048155105,True,7,0,1,4
12,1,1,0.98990947,True,12,1,0,1
19,0,0,0.036854774,True,19,1,1,4
1,0,0,0.31095833,True,1,0,0,2
8,1,1,0.8388807,True,8,0,2,1
22,1,0,0.059433505,False,22,1,2,3
23,0,0,0.004040763,True,23,1,2,4
4,1,0,0.38697684,False,4,0,1,1
9,0,0,0.034600563,True,9,0,2,2
21,0,0,0.37922126,True,21,1,2,2
22,1,1,0.87103784,True,22,1,2,3
3,0,0,0.02116031,True,3,0,0,4
6,1,1,0.99861914,True,6,0,1,3
22,1,0,0.28243846,False,22,1,2,3
23,0,0,0.12976676,True,23,1,2,4
8,1,1,0.9938642,True,8,0,2,1
9,0,0,0.092557244,True,9,0,2,2
14,1,0,0.06916618,False,14,1,0,3
15,0,0,0.0011832275,True,15,1,0,4
1,0,0,0.18001036,True,1,0,0,2
8,1,1,0.9897624,True,8,0,2,1
17,0,0,0.0020022052,True,17,1,1,2
20,1,1,0.9533485,True,20,1,2,1
7,0,0,0.4995371,True,7,0,1,4
8,1,1,0.9986129,True,8,0,2,1
21,0,0,0.46807492,True,21,1,2,2
22,1,1,0.90914935,True,22,1,2,3
2,1,1,0.9988949,True,2,0,0,3
7,0,0,0.0016544012,True,7,0,1,4
14,1,0,0.1674198,False,14,1,0,3
21,0,1,0.616922,False,21,1,2,2
0,1,1,0.9989973,True,0,0,0,1
11,0,0,0.00094393466,True,11,0,2,4
18,1,1,0.97625136,True,18,1,1,3
19,0,0,0.0030154746,True,19,1,1,4
3,0,0,0.0049191155,True,3,0,0,4
8,1,1,0.981858,True,8,0,2,1
13,0,1,0.85528207,False,13,1,0,2
16,1,1,0.9992945,True,16,1,1,1
10,1,1,0.84252983,True,10,0,2,3
11,0,0,0.0049635274,True,11,0,2,4
13,0,1,0.96694356,False,13,1,0,2
22,1,0,0.14711304,False,22,1,2,3
0,1,1,0.99871624,True,0,0,0,1
5,0,0,0.26534957,True,5,0,1,2
22,1,0,0.1220726,False,22,1,2,3
23,0,0,0.0021554297,True,23,1,2,4
4,1,0,0.17002565,False,4,0,1,1
5,0,0,0.002421054,True,5,0,1,2
12,1,1,0.9950947,True,12,1,0,1
21,0,0,0.4794793,True,21,1,2,2
3,0,0,0.009337461,True,3,0,0,4
10,1,1,0.87159514,True,10,0,2,3
13,0,1,0.9369584,False,13,1,0,2
16,1,1,0.99812454,True,16,1,1,1
2,1,1,0.8720113,True,2,0,0,3
11,0,0,0.0010774119,True,11,0,2,4
16,1,1,0.9966452,True,16,1,1,1
23,0,0,0.0024227635,True,23,1,2,4
1,0,0,0.3551427,True,1,0,0,2
4,1,1,0.6466172,True,4,0,1,1
14,1,0,0.40835148,False,14,1,0,3
15,0,0,0.0017917892,True,15,1,0,4
1,0,0,0.27965912,True,1,0,0,2
2,1,1,0.789571,True,2,0,0,3
12,1,1,0.8802559,True,12,1,0,1
23,0,0,0.006278126,True,23,1,2,4
0,1,1,0.9994177,True,0,0,0,1
9,0,0,0.0038100365,True,9,0,2,2
15,0,0,0.0025077523,True,15,1,0,4
20,1,1,0.9499441,True,20,1,2,1
10,1,0,0.22547092,False,10,0,2,3
11,0,0,0.0029434662,True,11,0,2,4
13,0,1,0.98908323,False,13,1,0,2
16,1,1,0.9866574,True,16,1,1,1
10,1,1,0.61467046,True,10,0,2,3
11,0,0,0.0043350863,True,11,0,2,4
13,0,1,0.88489264,False,13,1,0,2
18,1,1,0.9926851,True,18,1,1,3
4,1,0,0.21626964,False,4,0,1,1
5,0,0,0.0050573633,True,5,0,1,2
19,0,0,0.062778294,True,19,1,1,4
20,1,1,0.78027374,True,20,1,2,1
4,1,1,0.60646045,True,4,0,1,1
11,0,0,0.02233759,True,11,0,2,4
15,0,0,0.00028080054,True,15,1,0,4
16,1,1,0.99790984,True,16,1,1,1
5,0,0,0.22259197,True,5,0,1,2
6,1,1,0.99886525,True,6,0,1,3
15,0,0,0.002727512,True,15,1,0,4
20,1,1,0.82687974,True,20,1,2,1
4,1,0,0.38952485,False,4,0,1,1
5,0,0,0.0015861606,True,5,0,1,2
12,1,1,0.9971168,True,12,1,0,1
13,0,1,0.8733379,False,13,1,0,2
0,1,1,0.9996958,True,0,0,0,1
7,0,0,0.008100573,True,7,0,1,4
14,1,0,0.29350594,False,14,1,0,3
23,0,0,0.033890758,True,23,1,2,4
0,1,1,0.99924415,True,0,0,0,1
5,0,0,0.25844103,True,5,0,1,2
12,1,1,0.99716944,True,12,1,0,1
13,0,1,0.8957508,False,13,1,0,2
2,1,1,0.76249576,True,2,0,0,3
7,0,0,6.4500484e-05,True,7,0,1,4
13,0,1,0.5850184,False,13,1,0,2
14,1,1,0.5749222,True,14,1,0,3
1,0,0,0.017109727,True,1,0,0,2
6,1,1,0.99941915,True,6,0,1,3
12,1,1,0.8935865,True,12,1,0,1
19,0,0,0.095475964,True,19,1,1,4
2,1,0,0.4410993,False,2,0,0,3
5,0,1,0.55754167,False,5,0,1,2
12,1,1,0.8402269,True,12,1,0,1
19,0,0,0.31370196,True,19,1,1,4
0,1,1,0.99832255,True,0,0,0,1
11,0,0,0.0046296683,True,11,0,2,4
16,1,1,0.7384844,True,16,1,1,1
21,0,0,0.47248277,True,21,1,2,2
0,1,1,0.9996224,True,0,0,0,1
1,0,0,0.44795135,True,1,0,0,2
19,0,0,0.13746476,True,19,1,1,4
22,1,0,0.13514547,False,22,1,2,3
4,1,0,0.46782172,False,4,0,1,1
9,0,0,0.074946366,True,9,0,2,2
13,0,1,0.781746,False,13,1,0,2
22,1,0,0.09521151,False,22,1,2,3
5,0,1,0.6230094,False,5,0,1,2
10,1,1,0.9621326,True,10,0,2,3
18,1,1,0.99688566,True,18,1,1,3
19,0,0,0.024634935,True,19,1,1,4
1,0,0,0.00092236866,True,1,0,0,2
8,1,1,0.9713519,True,8,0,2,1
14,1,0,0.09168354,False,14,1,0,3
23,0,0,0.002319362,True,23,1,2,4
3,0,0,0.011338081,True,3,0,0,4
10,1,1,0.9654588,True,10,0,2,3
14,1,0,0.009093534,False,14,1,0,3
23,0,0,0.03278072,True,23,1,2,4
4,1,0,0.44867286,False,4,0,1,1
11,0,1,0.50287783,False,11,0,2,4
13,0,1,0.86895835,False,13,1,0,2
18,1,1,0.84103876,True,18,1,1,3
7,0,0,0.004110397,True,7,0,1,4
8,1,1,0.9771537,True,8,0,2,1
14,1,0,0.1527032,False,14,1,0,3
23,0,0,0.11589793,True,23,1,2,4
0,1,1,0.9998295,True,0,0,0,1
11,0,0,0.0010496662,True,11,0,2,4
20,1,1,0.9984251,True,20,1,2,1
21,0,1,0.63026905,False,21,1,2,2
4,1,0,0.26127386,False,4,0,1,1
5,0,0,0.0021678328,True,5,0,1,2
14,1,0,0.13548978,False,14,1,0,3
17,0,0,0.032525353,True,17,1,1,2
4,1,0,0.41096625,False,4,0,1,1
7,0,0,0.0015061133,True,7,0,1,4
12,1,1,0.9917073,True,12,1,0,1
13,0,1,0.83875746,False,13,1,0,2
7,0,0,0.0017648188,True,7,0,1,4
10,1,1,0.9405988,True,10,0,2,3
15,0,0,0.0036797333,True,15,1,0,4
20,1,1,0.9041189,True,20,1,2,1
3,0,0,0.00178214,True,3,0,0,4
6,1,1,0.99969274,True,6,0,1,3
15,0,0,0.00074500963,True,15,1,0,4
16,1,1,0.99448466,True,16,1,1,1
1,0,0,0.20700209,True,1,0,0,2
2,1,1,0.99124646,True,2,0,0,3
13,0,1,0.98449546,False,13,1,0,2
20,1,1,0.95100075,True,20,1,2,1
0,1,1,0.99923956,True,0,0,0,1
7,0,0,0.0009827386,True,7,0,1,4
15,0,0,0.00094433234,True,15,1,0,4
16,1,1,0.9992183,True,16,1,1,1
3,0,0,0.011345949,True,3,0,0,4
6,1,1,0.9994003,True,6,0,1,3
14,1,0,0.056368094,False,14,1,0,3
21,0,0,0.4337597,True,21,1,2,2
5,0,0,0.38828737,True,5,0,1,2
8,1,1,0.9971151,True,8,0,2,1
13,0,1,0.9899937,False,13,1,0,2
18,1,1,0.99633455,True,18,1,1,3
6,1,1,0.9963628,True,6,0,1,3
11,0,0,0.031454593,True,11,0,2,4
16,1,1,0.8532228,True,16,1,1,1
19,0,0,0.26133525,True,19,1,1,4
10,1,1,0.83114374,True,10,0,2,3
11,0,0,0.0069580395,True,11,0,2,4
16,1,1,0.9980471,True,16,1,1,1
23,0,0,0.01582987,True,23,1,2,4
6,1,1,0.9979204,True,6,0,1,3
7,0,0,0.0014239497,True,7,0,1,4
22,1,0,0.13715798,False,22,1,2,3
23,0,0,0.004173027,True,23,1,2,4
4,1,0,0.2378571,False,4,0,1,1
7,0,0,0.0020317754,True,7,0,1,4
20,1,1,0.5069545,True,20,1,2,1
23,0,0,0.0025387697,True,23,1,2,4
2,1,1,0.9913931,True,2,0,0,3
3,0,0,0.0015303523,True,3,0,0,4
18,1,1,0.9982588,True,18,1,1,3
21,0,0,0.33871886,True,21,1,2,2
3,0,0,0.0022460946,True,3,0,0,4
8,1,1,0.8514708,True,8,0,2,1
19,0,0,0.0068167346,True,19,1,1,4
22,1,0,0.0735549,False,22,1,2,3
5,0,1,0.6115199,False,5,0,1,2
6,1,1,0.99923927,True,6,0,1,3
19,0,0,0.06517617,True,19,1,1,4
20,1,0,0.42713243,False,20,1,2,1
4,1,0,0.45867872,False,4,0,1,1
11,0,0,0.009232244,True,11,0,2,4
12,1,1,0.9965763,True,12,1,0,1
15,0,0,0.0014852197,True,15,1,0,4
2,1,0,0.3178393,False,2,0,0,3
11,0,0,0.0017920859,True,11,0,2,4
13,0,0,0.34409875,True,13,1,0,2
14,1,0,0.3572341,False,14,1,0,3
0,1,1,0.99888045,True,0,0,0,1
3,0,0,0.019080393,True,3,0,0,4
22,1,0,0.12738918,False,22,1,2,3
23,0,0,0.006902777,True,23,1,2,4
0,1,1,0.99960524,True,0,0,0,1
5,0,0,0.3308236,True,5,0,1,2
17,0,0,0.009454794,True,17,1,1,2
22,1,0,0.1562215,False,22,1,2,3
4,1,0,0.18594015,False,4,0,1,1
9,0,0,0.01118698,True,9,0,2,2
15,0,0,0.000309956,True,15,1,0,4
16,1,1,0.98423207,True,16,1,1,1
8,1,1,0.880897,True,8,0,2,1
9,0,0,0.26289582,True,9,0,2,2
17,0,0,0.09672677,True,17,1,1,2
22,1,0,0.122903384,False,22,1,2,3
9,0,0,0.010756258,True,9,0,2,2
10,1,0,0.27140167,False,10,0,2,3
19,0,0,0.0069726137,True,19,1,1,4
20,1,1,0.9596353,True,20,1,2,1
1,0,0,0.27020383,True,1,0,0,2
4,1,0,0.118194945,False,4,0,1,1
18,1,1,0.9144231,True,18,1,1,3
21,0,0,0.47056058,True,21,1,2,2
6,1,1,0.9973858,True,6,0,1,3
11,0,0,0.0038642816,True,11,0,2,4
15,0,0,0.002242512,True,15,1,0,4
20,1,1,0.83668554,True,20,1,2,1
8,1,1,0.99506366,True,8,0,2,1
11,0,0,0.0021049595,True,11,0,2,4
16,1,1,0.9865705,True,16,1,1,1
19,0,0,0.022560071,True,19,1,1,4
8,1,1,0.9838237,True,8,0,2,1
11,0,0,0.004928574,True,11,0,2,4
13,0,1,0.64177185,False,13,1,0,2
14,1,1,0.6358175,True,14,1,0,3
4,1,1,0.5143858,True,4,0,1,1
11,0,0,0.004881666,True,11,0,2,4
21,0,0,0.3335926,True,21,1,2,2
22,1,1,0.92264706,True,22,1,2,3
4,1,0,0.033783503,False,4,0,1,1
5,0,0,0.0008113886,True,5,0,1,2
12,1,1,0.97611386,True,12,1,0,1
17,0,0,0.0011243869,True,17,1,1,2
0,1,1,0.99579984,True,0,0,0,1
5,0,0,0.29591888,True,5,0,1,2
17,0,0,0.020365845,True,17,1,1,2
18,1,1,0.98261684,True,18,1,1,3
5,0,0,0.45822862,True,5,0,1,2
6,1,1,0.99729973,True,6,0,1,3
16,1,1,0.99702674,True,16,1,1,1
17,0,0,0.027340367,True,17,1,1,2
8,1,1,0.9966559,True,8,0,2,1
11,0,0,0.03264185,True,11,0,2,4
17,0,0,0.010500182,True,17,1,1,2
18,1,1,0.9990166,True,18,1,1,3
7,0,0,0.001651328,True,7,0,1,4
8,1,1,0.98394036,True,8,0,2,1
15,0,0,0.00048668555,True,15,1,0,4
16,1,1,0.995587,True,16,1,1,1
0,1,1,0.9993223,True,0,0,0,1
1,0,0,0.1904527,True,1,0,0,2
12,1,1,0.8819429,True,12,1,0,1
21,0,1,0.5204899,False,21,1,2,2
0,1,1,0.99898505,True,0,0,0,1
9,0,0,0.39158872,True,9,0,2,2
17,0,0,0.03335677,True,17,1,1,2
18,1,1,0.997706,True,18,1,1,3
1,0,0,0.36006483,True,1,0,0,2
4,1,1,0.7028712,True,4,0,1,1
15,0,0,0.0010748358,True,15,1,0,4
16,1,1,0.9992292,True,16,1,1,1
2,1,1,0.87816256,True,2,0,0,3
9,0,0,0.17001097,True,9,0,2,2
18,1,1,0.966245,True,18,1,1,3
21,0,0,0.36997172,True,21,1,2,2
0,1,1,0.99808735,True,0,0,0,1
1,0,0,0.0086613605,True,1,0,0,2
18,1,1,0.98552173,True,18,1,1,3
21,0,1,0.5819555,False,21,1,2,2
4,1,0,0.48659918,False,4,0,1,1
7,0,0,0.002040849,True,7,0,1,4
15,0,0,0.0015918748,True,15,1,0,4
22,1,0,0.22553122,False,22,1,2,3
6,1,1,0.9931004,True,6,0,1,3
7,0,0,0.0048615434,True,7,0,1,4
17,0,0,0.019107368,True,17,1,1,2
20,1,1,0.50254905,True,20,1,2,1
3,0,0,0.044035543,True,3,0,0,4
6,1,1,0.9970525,True,6,0,1,3
19,0,0,0.032179482,True,19,1,1,4
20,1,1,0.9709269,True,20,1,2,1
3,0,0,0.004445851,True,3,0,0,4
10,1,1,0.92298746,True,10,0,2,3
19,0,0,0.101694085,True,19,1,1,4
20,1,1,0.92094594,True,20,1,2,1
5,0,1,0.50169206,False,5,0,1,2
6,1,1,0.99852777,True,6,0,1,3
16,1,1,0.99687153,True,16,1,1,1
23,0,0,0.0018482945,True,23,1,2,4
0,1,1,0.99700844,True,0,0,0,1
3,0,0,0.06845994,True,3,0,0,4
17,0,0,0.008919454,True,17,1,1,2
20,1,1,0.96984893,True,20,1,2,1
4,1,0,0.029455818,False,4,0,1,1
11,0,0,0.0044517587,True,11,0,2,4
18,1,1,0.5543291,True,18,1,1,3
23,0,0,0.021770693,True,23,1,2,4
2,1,1,0.6490184,True,2,0,0,3
3,0,0,0.0022971898,True,3,0,0,4
12,1,1,0.93578887,True,12,1,0,1
19,0,0,0.006289082,True,19,1,1,4
1,0,0,0.07602892,True,1,0,0,2
8,1,1,0.9337562,True,8,0,2,1
18,1,1,0.9937074,True,18,1,1,3
23,0,0,0.0025796632,True,23,1,2,4
8,1,1,0.9901887,True,8,0,2,1
9,0,0,0.09694673,True,9,0,2,2
12,1,1,0.9672246,True,12,1,0,1
21,0,0,0.42979348,True,21,1,2,2
2,1,1,0.9150119,True,2,0,0,3
11,0,0,0.004796268,True,11,0,2,4
15,0,0,0.0026424688,True,15,1,0,4
16,1,1,0.99784243,True,16,1,1,1
0,1,1,0.9977473,True,0,0,0,1
3,0,0,0.045986746,True,3,0,0,4
14,1,0,0.11387788,False,14,1,0,3
17,0,0,0.13645044,True,17,1,1,2
0,1,1,0.99803454,True,0,0,0,1
9,0,0,0.20088626,True,9,0,2,2
15,0,0,0.012701405,True,15,1,0,4
18,1,1,0.9911095,True,18,1,1,3
4,1,0,0.043577675,False,4,0,1,1
11,0,0,0.0014237398,True,11,0,2,4
14,1,0,0.016611177,False,14,1,0,3
23,0,0,0.014243448,True,23,1,2,4
0,1,1,0.9978697,True,0,0,0,1
9,0,0,0.009876197,True,9,0,2,2
14,1,0,0.013922808,False,14,1,0,3
19,0,0,0.11977267,True,19,1,1,4
2,1,1,0.7177197,True,2,0,0,3
11,0,0,0.0013940084,True,11,0,2,4
18,1,1,0.89737296,True,18,1,1,3
19,0,0,0.022878248,True,19,1,1,4
1,0,0,0.05346728,True,1,0,0,2
10,1,1,0.6959022,True,10,0,2,3
12,1,1,0.8495014,True,12,1,0,1
19,0,0,0.0071449946,True,19,1,1,4
0,1,1,0.999313,True,0,0,0,1
3,0,0,0.0006039794,True,3,0,0,4
17,0,0,0.047623858,True,17,1,1,2
18,1,1,0.99596,True,18,1,1,3
6,1,1,0.9915776,True,6,0,1,3
11,0,0,0.0032846301,True,11,0,2,4
17,0,0,0.021005485,True,17,1,1,2
20,1,1,0.93862057,True,20,1,2,1
1,0,0,0.022278504,True,1,0,0,2
8,1,1,0.9288116,True,8,0,2,1
17,0,0,0.013768501,True,17,1,1,2
22,1,0,0.13240245,False,22,1,2,3
2,1,1,0.75857925,True,2,0,0,3
5,0,0,0.2759438,True,5,0,1,2
12,1,1,0.9980704,True,12,1,0,1
13,0,1,0.9948381,False,13,1,0,2
1,0,0,0.0019205662,True,1,0,0,2
2,1,1,0.9979581,True,2,0,0,3
14,1,0,0.26015794,False,14,1,0,3
19,0,0,0.3477873,True,19,1,1,4
5,0,1,0.60087466,False,5,0,1,2
6,1,1,0.99657774,True,6,0,1,3
14,1,0,0.0018915958,False,14,1,0,3
19,0,0,0.010507492,True,19,1,1,4
5,0,0,0.095803365,True,5,0,1,2
6,1,1,0.99960816,True,6,0,1,3
22,1,0,0.23511435,False,22,1,2,3
23,0,0,0.006425049,True,23,1,2,4
6,1,1,0.999043,True,6,0,1,3
11,0,0,0.0028028253,True,11,0,2,4
22,1,0,0.1367539,False,22,1,2,3
23,0,0,0.0042299964,True,23,1,2,4
5,0,0,0.34548151,True,5,0,1,2
10,1,1,0.879203,True,10,0,2,3
12,1,1,0.959579,True,12,1,0,1
19,0,0,0.088761605,True,19,1,1,4
10,1,1,0.9937376,True,10,0,2,3
11,0,0,0.0008876446,True,11,0,2,4
18,1,1,0.8776283,True,18,1,1,3
19,0,0,0.0028126098,True,19,1,1,4
5,0,1,0.58748794,False,5,0,1,2
10,1,1,0.9404383,True,10,0,2,3
14,1,0,0.17102604,False,14,1,0,3
23,0,0,0.034280684,True,23,1,2,4
0,1,1,0.9933183,True,0,0,0,1
3,0,0,0.0009809198,True,3,0,0,4
12,1,1,0.8744573,True,12,1,0,1
21,0,0,0.46718752,True,21,1,2,2
2,1,1,0.99178886,True,2,0,0,3
9,0,0,0.023117652,True,9,0,2,2
17,0,0,0.25988144,True,17,1,1,2
20,1,1,0.93978757,True,20,1,2,1
0,1,1,0.9989695,True,0,0,0,1
7,0,0,0.004793892,True,7,0,1,4
13,0,1,0.9761622,False,13,1,0,2
14,1,1,0.8456197,True,14,1,0,3
5,0,0,0.16541049,True,5,0,1,2
10,1,1,0.9054393,True,10,0,2,3
12,1,1,0.82075965,True,12,1,0,1
15,0,0,0.000468865,True,15,1,0,4
5,0,0,0.25234073,True,5,0,1,2
8,1,1,0.8552595,True,8,0,2,1
15,0,0,0.0010395129,True,15,1,0,4
22,1,0,0.023664884,False,22,1,2,3
7,0,0,0.0018432855,True,7,0,1,4
8,1,1,0.9937299,True,8,0,2,1
12,1,1,0.98326576,True,12,1,0,1
21,0,0,0.4569165,True,21,1,2,2
3,0,0,0.002205168,True,3,0,0,4
4,1,0,0.0461915,False,4,0,1,1
13,0,1,0.93636405,False,13,1,0,2
18,1,1,0.96851957,True,18,1,1,3
4,1,0,0.23812178,False,4,0,1,1
9,0,0,0.012699729,True,9,0,2,2
16,1,1,0.99896705,True,16,1,1,1
17,0,0,0.003056652,True,17,1,1,2
0,1,1,0.99930197,True,0,0,0,1
11,0,0,0.008710103,True,11,0,2,4
13,0,1,0.9913343,False,13,1,0,2
20,1,1,0.79328495,True,20,1,2,1
10,1,1,0.78724253,True,10,0,2,3
11,0,0,0.0011440874,True,11,0,2,4
14,1,0,0.12682675,False,14,1,0,3
15,0,0,0.00034733792,True,15,1,0,4
7,0,0,0.0025119989,True,7,0,1,4
10,1,1,0.90967405,True,10,0,2,3
22,1,0,0.102709435,False,22,1,2,3
23,0,0,0.0015671698,True,23,1,2,4
1,0,0,0.15035497,True,1,0,0,2
10,1,1,0.783796,True,10,0,2,3
20,1,1,0.9594259,True,20,1,2,1
23,0,0,0.01274703,True,23,1,2,4
3,0,0,0.00048658802,True,3,0,0,4
4,1,0,0.039366104,False,4,0,1,1
20,1,1,0.97583294,True,20,1,2,1
21,0,1,0.595174,False,21,1,2,2
4,1,0,0.031075241,False,4,0,1,1
5,0,0,0.0036163472,True,5,0,1,2
18,1,1,0.587053,True,18,1,1,3
21,0,0,0.4962063,True,21,1,2,2
7,0,0,0.01608134,True,7,0,1,4
10,1,0,0.25135404,False,10,0,2,3
14,1,0,0.020789031,False,14,1,0,3
23,0,0,0.0018878717,True,23,1,2,4
0,1,1,0.99938506,True,0,0,0,1
9,0,0,0.027391909,True,9,0,2,2
17,0,0,0.0028162214,True,17,1,1,2
22,1,0,0.06763312,False,22,1,2,3
3,0,0,0.0049254503,True,3,0,0,4
6,1,1,0.9956156,True,6,0,1,3
12,1,1,0.94612557,True,12,1,0,1
15,0,0,0.0045401184,True,15,1,0,4
8,1,1,0.89327157,True,8,0,2,1
11,0,0,0.0009366437,True,11,0,2,4
12,1,1,0.88751596,True,12,1,0,1
15,0,0,0.0025418582,True,15,1,0,4
4,1,0,0.25499862,False,4,0,1,1
9,0,0,0.024926146,True,9,0,2,2
12,1,1,0.9937969,True,12,1,0,1
19,0,0,0.11026486,True,19,1,1,4
0,1,1,0.99893165,True,0,0,0,1
5,0,0,0.35981834,True,5,0,1,2
15,0,0,0.0010900766,True,15,1,0,4
16,1,1,0.9992583,True,16,1,1,1
10,1,1,0.8992784,True,10,0,2,3
11,0,0,0.0032028987,True,11,0,2,4
17,0,0,0.00963038,True,17,1,1,2
20,1,1,0.9412558,True,20,1,2,1
5,0,0,0.36750513,True,5,0,1,2
10,1,1,0.96117693,True,10,0,2,3
19,0,0,0.10892536,True,19,1,1,4
22,1,0,0.14233173,False,22,1,2,3
0,1,1,0.9989332,True,0,0,0,1
9,0,0,0.020654442,True,9,0,2,2
16,1,1,0.9913526,True,16,1,1,1
19,0,0,0.018645613,True,19,1,1,4
0,1,1,0.9996324,True,0,0,0,1
3,0,0,0.0005006211,True,3,0,0,4
16,1,1,0.9965519,True,16,1,1,1
17,0,0,0.03752314,True,17,1,1,2
2,1,1,0.8385692,True,2,0,0,3
9,0,0,0.0148463445,True,9,0,2,2
15,0,0,0.0012094269,True,15,1,0,4
16,1,1,0.9976887,True,16,1,1,1
8,1,1,0.95436096,True,8,0,2,1
11,0,0,0.04108861,True,11,0,2,4
12,1,1,0.9866451,True,12,1,0,1
13,0,1,0.7801716,False,13,1,0,2
0,1,1,0.99872947,True,0,0,0,1
1,0,0,0.00081755547,True,1,0,0,2
14,1,0,0.028294038,False,14,1,0,3
17,0,0,0.2758607,True,17,1,1,2
3,0,0,0.010725662,True,3,0,0,4
6,1,1,0.99032354,True,6,0,1,3
13,0,1,0.7885128,False,13,1,0,2
18,1,1,0.9780543,True,18,1,1,3
2,1,0,0.48709077,False,2,0,0,3
9,0,0,0.0019487484,True,9,0,2,2
13,0,1,0.9685998,False,13,1,0,2
20,1,1,0.9565072,True,20,1,2,1
9,0,0,0.3937254,True,9,0,2,2
10,1,1,0.90227336,True,10,0,2,3
12,1,1,0.9530541,True,12,1,0,1
21,0,1,0.5221938,False,21,1,2,2
2,1,1,0.9924657,True,2,0,0,3
5,0,1,0.88242704,False,5,0,1,2
14,1,1,0.59475505,True,14,1,0,3
21,0,0,0.46458873,True,21,1,2,2
3,0,0,0.0028032467,True,3,0,0,4
6,1,1,0.99834037,True,6,0,1,3
17,0,0,0.03733009,True,17,1,1,2
20,1,1,0.8708017,True,20,1,2,1
4,1,1,0.5794205,True,4,0,1,1
7,0,0,0.019335767,True,7,0,1,4
17,0,0,0.15173241,True,17,1,1,2
22,1,0,0.113296635,False,22,1,2,3
8,1,1,0.97977805,True,8,0,2,1
11,0,0,0.023333732,True,11,0,2,4
13,0,1,0.9449008,False,13,1,0,2
18,1,1,0.9920789,True,18,1,1,3
5,0,0,0.007274643,True,5,0,1,2
10,1,0,0.15617098,False,10,0,2,3
16,1,1,0.9900177,True,16,1,1,1
21,0,0,0.44157144,True,21,1,2,2
1,0,0,0.0068119117,True,1,0,0,2
2,1,1,0.96911806,True,2,0,0,3
13,0,1,0.99581665,False,13,1,0,2
16,1,1,0.99880874,True,16,1,1,1
5,0,1,0.503928,False,5,0,1,2
8,1,1,0.83207047,True,8,0,2,1
14,1,0,0.034509353,False,14,1,0,3
23,0,0,0.10490371,True,23,1,2,4
1,0,0,0.00618378,True,1,0,0,2
2,1,1,0.6111379,True,2,0,0,3
12,1,1,0.99692786,True,12,1,0,1
13,0,1,0.9619734,False,13,1,0,2
4,1,0,0.36841968,False,4,0,1,1
9,0,0,0.004301531,True,9,0,2,2
20,1,1,0.9402342,True,20,1,2,1
23,0,0,0.020334562,True,23,1,2,4
6,1,1,0.99680465,True,6,0,1,3
7,0,0,0.00591379,True,7,0,1,4
19,0,0,0.21560991,True,19,1,1,4
20,1,1,0.7528993,True,20,1,2,1
4,1,1,0.51228094,True,4,0,1,1
5,0,0,0.0016843507,True,5,0,1,2
20,1,1,0.9411644,True,20,1,2,1
21,0,1,0.53544116,False,21,1,2,2
6,1,1,0.99915844,True,6,0,1,3
9,0,0,0.00612911,True,9,0,2,2
17,0,0,0.00798324,True,17,1,1,2
22,1,0,0.048122942,False,22,1,2,3
2,1,1,0.51069844,True,2,0,0,3
3,0,0,0.00036173942,True,3,0,0,4
15,0,0,0.0003399849,True,15,1,0,4
18,1,1,0.91596305,True,18,1,1,3
3,0,0,0.0042170323,True,3,0,0,4
8,1,1,0.8845338,True,8,0,2,1
12,1,1,0.9800131,True,12,1,0,1
17,0,0,0.0018249123,True,17,1,1,2
10,1,1,0.6038499,True,10,0,2,3
11,0,0,0.003001581,True,11,0,2,4
13,0,1,0.9950869,False,13,1,0,2
20,1,1,0.9796341,True,20,1,2,1
0,1,1,0.99970436,True,0,0,0,1
1,0,0,0.004322228,True,1,0,0,2
13,0,1,0.801247,False,13,1,0,2
18,1,1,0.9878921,True,18,1,1,3
2,1,1,0.87410545,True,2,0,0,3
5,0,1,0.6240231,False,5,0,1,2
16,1,1,0.99928397,True,16,1,1,1
19,0,0,0.13775662,True,19,1,1,4
0,1,1,0.99909395,True,0,0,0,1
11,0,0,0.0037571783,True,11,0,2,4
12,1,1,0.9877142,True,12,1,0,1
19,0,0,0.05474472,True,19,1,1,4
1,0,0,0.34681237,True,1,0,0,2
6,1,1,0.9999035,True,6,0,1,3
12,1,1,0.9826882,True,12,1,0,1
21,0,0,0.4825255,True,21,1,2,2
1,0,1,0.51396215,False,1,0,0,2
4,1,1,0.68038255,True,4,0,1,1
17,0,0,0.00075479294,True,17,1,1,2
22,1,0,0.19701292,False,22,1,2,3
3,0,0,0.0011619807,True,3,0,0,4
4,1,0,0.2639503,False,4,0,1,1
14,1,0,0.0971033,False,14,1,0,3
21,0,1,0.5851329,False,21,1,2,2
2,1,1,0.9901299,True,2,0,0,3
11,0,0,0.0028132387,True,11,0,2,4
20,1,1,0.9953371,True,20,1,2,1
21,0,1,0.5837859,False,21,1,2,2
2,1,1,0.7500615,True,2,0,0,3
9,0,0,0.110312894,True,9,0,2,2
19,0,0,0.022330064,True,19,1,1,4
22,1,0,0.11419081,False,22,1,2,3
3,0,0,0.00723803,True,3,0,0,4
6,1,1,0.998623,True,6,0,1,3
13,0,1,0.80683017,False,13,1,0,2
22,1,0,0.15961584,False,22,1,2,3
4,1,0,0.3638494,False,4,0,1,1
9,0,0,0.0037302002,True,9,0,2,2
12,1,1,0.96696407,True,12,1,0,1
15,0,0,0.00024573665,True,15,1,0,4
5,0,0,0.37979317,True,5,0,1,2
8,1,1,0.9971904,True,8,0,2,1
13,0,0,0.4534303,True,13,1,0,2
14,1,0,0.467852,False,14,1,0,3
0,1,1,0.99963576,True,0,0,0,1
7,0,0,0.06534646,True,7,0,1,4
16,1,1,0.99563706,True,16,1,1,1
21,0,1,0.6706012,False,21,1,2,2
2,1,1,0.9503916,True,2,0,0,3
3,0,0,0.0051066633,True,3,0,0,4
17,0,0,0.008111712,True,17,1,1,2
18,1,1,0.99334115,True,18,1,1,3
0,1,1,0.99933034,True,0,0,0,1
3,0,0,0.0018080682,True,3,0,0,4
18,1,1,0.98979557,True,18,1,1,3
23,0,0,0.0037109572,True,23,1,2,4
7,0,0,0.003351001,True,7,0,1,4
8,1,1,0.94550127,True,8,0,2,1
17,0,0,0.043822013,True,17,1,1,2
18,1,1,0.99859625,True,18,1,1,3
7,0,0,0.002226903,True,7,0,1,4
10,1,1,0.6533254,True,10,0,2,3
14,1,0,0.11703804,False,14,1,0,3
15,0,0,0.00041883608,True,15,1,0,4
4,1,0,0.45894796,False,4,0,1,1
7,0,0,0.00029718084,True,7,0,1,4
16,1,1,0.9977649,True,16,1,1,1
17,0,0,0.004339321,True,17,1,1,2
3,0,0,0.00035034795,True,3,0,0,4
4,1,0,0.2262773,False,4,0,1,1
16,1,1,0.9986084,True,16,1,1,1
17,0,0,0.15284798,True,17,1,1,2
1,0,0,0.012046635,True,1,0,0,2
6,1,1,0.99827754,True,6,0,1,3
13,0,1,0.9241004,False,13,1,0,2
16,1,1,0.88489544,True,16,1,1,1
3,0,0,0.016181443,True,3,0,0,4
8,1,1,0.98460305,True,8,0,2,1
21,0,0,0.27778643,True,21,1,2,2
22,1,1,0.88404983,True,22,1,2,3
0,1,1,0.9987526,True,0,0,0,1
11,0,0,0.109992586,True,11,0,2,4
20,1,1,0.9876764,True,20,1,2,1
23,0,0,0.022749214,True,23,1,2,4
4,1,0,0.16870025,False,4,0,1,1
9,0,0,0.0031396737,True,9,0,2,2
12,1,1,0.9996929,True,12,1,0,1
13,0,1,0.7991348,False,13,1,0,2
5,0,0,0.15556619,True,5,0,1,2
8,1,1,0.9727169,True,8,0,2,1
13,0,1,0.8951472,False,13,1,0,2
22,1,0,0.029444559,False,22,1,2,3
7,0,0,0.0054270793,True,7,0,1,4
8,1,1,0.94667137,True,8,0,2,1
12,1,1,0.96091443,True,12,1,0,1
19,0,0,0.130324,True,19,1,1,4
8,1,1,0.97631574,True,8,0,2,1
9,0,0,0.002816662,True,9,0,2,2
13,0,1,0.83737916,False,13,1,0,2
18,1,1,0.99522465,True,18,1,1,3
4,1,0,0.2853513,False,4,0,1,1
7,0,0,0.001072486,True,7,0,1,4
13,0,1,0.9329834,False,13,1,0,2
16,1,1,0.9983263,True,16,1,1,1
6,1,1,0.9981757,True,6,0,1,3
7,0,0,0.0011252874,True,7,0,1,4
12,1,1,0.954123,True,12,1,0,1
17,0,0,0.0045795534,True,17,1,1,2
8,1,1,0.9389608,True,8,0,2,1
11,0,0,0.014915925,True,11,0,2,4
12,1,1,0.95068777,True,12,1,0,1
19,0,0,0.064445175,True,19,1,1,4
7,0,0,0.002207613,True,7,0,1,4
10,1,0,0.48821336,False,10,0,2,3
13,0,1,0.79903424,False,13,1,0,2
16,1,1,0.9939959,True,16,1,1,1
4,1,0,0.44541278,False,4,0,1,1
9,0,0,0.1788062,True,9,0,2,2
12,1,1,0.92126155,True,12,1,0,1
21,0,1,0.6028695,False,21,1,2,2
8,1,1,0.9743852,True,8,0,2,1
9,0,0,0.004034419,True,9,0,2,2
15,0,0,0.0024528846,True,15,1,0,4
20,1,1,0.88919735,True,20,1,2,1
4,1,1,0.58230853,True,4,0,1,1
11,0,0,0.001078211,True,11,0,2,4
17,0,0,0.0011430366,True,17,1,1,2
22,1,0,0.12772153,False,22,1,2,3
1,0,0,0.08492806,True,1,0,0,2
8,1,1,0.9895591,True,8,0,2,1
12,1,1,0.87154776,True,12,1,0,1
21,0,0,0.32982206,True,21,1,2,2
1,0,0,0.04148197,True,1,0,0,2
6,1,1,0.99845064,True,6,0,1,3
12,1,1,0.94433725,True,12,1,0,1
17,0,0,0.28263864,True,17,1,1,2
5,0,0,0.039309155,True,5,0,1,2
10,1,1,0.64133674,True,10,0,2,3
18,1,1,0.99742633,True,18,1,1,3
21,0,0,0.44329575,True,21,1,2,2
0,1,1,0.9995584,True,0,0,0,1
3,0,0,0.0025448122,True,3,0,0,4
14,1,0,0.0040006214,False,14,1,0,3
21,0,1,0.5563746,False,21,1,2,2
1,0,0,0.0010512589,True,1,0,0,2
8,1,1,0.995324,True,8,0,2,1
14,1,0,0.1434593,False,14,1,0,3
21,0,0,0.46848702,True,21,1,2,2
3,0,0,0.14530507,True,3,0,0,4
6,1,1,0.9990909,True,6,0,1,3
13,0,1,0.99015564,False,13,1,0,2
16,1,1,0.99912786,True,16,1,1,1
4,1,0,0.20936827,False,4,0,1,1
7,0,0,0.00052856805,True,7,0,1,4
15,0,0,0.0002971956,True,15,1,0,4
20,1,1,0.53718716,True,20,1,2,1
3,0,0,0.12200148,True,3,0,0,4
6,1,1,0.9723793,True,6,0,1,3
14,1,0,0.003163526,False,14,1,0,3
19,0,0,0.01980929,True,19,1,1,4
3,0,0,0.0025788408,True,3,0,0,4
8,1,1,0.9933046,True,8,0,2,1
18,1,1,0.9968391,True,18,1,1,3
21,0,0,0.3147757,True,21,1,2,2
3,0,0,0.0007237474,True,3,0,0,4
8,1,1,0.70370066,True,8,0,2,1
22,1,0,0.0035544396,False,22,1,2,3
23,0,0,0.00038655702,True,23,1,2,4
0,1,1,0.9997787,True,0,0,0,1
1,0,0,0.1548281,True,1,0,0,2
17,0,0,0.2611189,True,17,1,1,2
20,1,1,0.88781965,True,20,1,2,1
2,1,1,0.82002217,True,2,0,0,3
11,0,0,0.0007325304,True,11,0,2,4
15,0,0,0.0017177466,True,15,1,0,4
18,1,1,0.9041599,True,18,1,1,3
3,0,0,0.002675759,True,3,0,0,4
6,1,1,0.99719906,True,6,0,1,3
15,0,0,0.0036617198,True,15,1,0,4
18,1,1,0.98518497,True,18,1,1,3
3,0,0,0.0062688496,True,3,0,0,4
10,1,0,0.26569733,False,10,0,2,3
15,0,0,0.001659954,True,15,1,0,4
20,1,1,0.9547113,True,20,1,2,1
1,0,0,0.1739417,True,1,0,0,2
6,1,1,0.99972993,True,6,0,1,3
18,1,1,0.9986722,True,18,1,1,3
21,0,0,0.42003277,True,21,1,2,2
0,1,1,0.9995853,True,0,0,0,1
9,0,0,0.0052770907,True,9,0,2,2
13,0,1,0.9947438,False,13,1,0,2
20,1,1,0.9680672,True,20,1,2,1
10,1,1,0.9889785,True,10,0,2,3
11,0,0,0.0646468,True,11,0,2,4
21,0,0,0.21243109,True,21,1,2,2
22,1,1,0.50411177,True,22,1,2,3
2,1,1,0.9272278,True,2,0,0,3
11,0,0,0.0031785185,True,11,0,2,4
12,1,1,0.9355959,True,12,1,0,1
19,0,0,0.026499359,True,19,1,1,4
6,1,1,0.99602747,True,6,0,1,3
9,0,0,0.25107378,True,9,0,2,2
15,0,0,0.0019129647,True,15,1,0,4
20,1,1,0.9707366,True,20,1,2,1
0,1,1,0.9997632,True,0,0,0,1
9,0,0,0.03717554,True,9,0,2,2
20,1,1,0.9979246,True,20,1,2,1
21,0,0,0.3682609,True,21,1,2,2
7,0,0,0.0030902699,True,7,0,1,4
8,1,1,0.8101741,True,8,0,2,1
16,1,1,0.7231431,True,16,1,1,1
23,0,0,0.027253026,True,23,1,2,4
2,1,1,0.91072977,True,2,0,0,3
3,0,0,0.059123784,True,3,0,0,4
13,0,1,0.72591156,False,13,1,0,2
14,1,1,0.72246045,True,14,1,0,3
1,0,0,0.19644919,True,1,0,0,2
10,1,1,0.94652474,True,10,0,2,3
13,0,1,0.80762285,False,13,1,0,2
22,1,0,0.11810883,False,22,1,2,3
0,1,1,0.999548,True,0,0,0,1
9,0,0,0.028634919,True,9,0,2,2
12,1,1,0.997778,True,12,1,0,1
13,0,1,0.8471906,False,13,1,0,2
1,0,0,0.2451494,True,1,0,0,2
6,1,1,0.99761826,True,6,0,1,3
12,1,1,0.90584916,True,12,1,0,1
15,0,0,0.0021785547,True,15,1,0,4
1,0,0,0.15653695,True,1,0,0,2
8,1,1,0.9823211,True,8,0,2,1
17,0,0,0.021959698,True,17,1,1,2
18,1,1,0.9783727,True,18,1,1,3
5,0,0,0.13891804,True,5,0,1,2
10,1,1,0.5181854,True,10,0,2,3
15,0,0,0.0014026896,True,15,1,0,4
16,1,1,0.998728,True,16,1,1,1
8,1,1,0.99095976,True,8,0,2,1
9,0,0,0.35590154,True,9,0,2,2
15,0,0,0.0020872187,True,15,1,0,4
18,1,1,0.8114136,True,18,1,1,3
0,1,1,0.99892503,True,0,0,0,1
11,0,0,0.0032497328,True,11,0,2,4
14,1,0,0.19656132,False,14,1,0,3
17,0,0,0.2920572,True,17,1,1,2
0,1,1,0.9986954,True,0,0,0,1
7,0,0,0.0030490423,True,7,0,1,4
20,1,1,0.98149323,True,20,1,2,1
23,0,0,0.0068482864,True,23,1,2,4
9,0,0,0.014216667,True,9,0,2,2
10,1,1,0.59798443,True,10,0,2,3
18,1,1,0.93356514,True,18,1,1,3
19,0,0,0.0014426094,True,19,1,1,4
1,0,0,0.26257718,True,1,0,0,2
8,1,1,0.9900609,True,8,0,2,1
19,0,0,0.022098565,True,19,1,1,4
20,1,1,0.9048517,True,20,1,2,1
6,1,1,0.9981797,True,6,0,1,3
11,0,0,0.0017869339,True,11,0,2,4
15,0,0,0.0019267434,True,15,1,0,4
18,1,1,0.97869086,True,18,1,1,3
8,1,1,0.99244905,True,8,0,2,1
9,0,0,0.012715272,True,9,0,2,2
14,1,0,0.07935211,False,14,1,0,3
17,0,0,0.22386175,True,17,1,1,2
1,0,0,0.00015045605,True,1,0,0,2
2,1,1,0.83278465,True,2,0,0,3
14,1,0,0.013894482,False,14,1,0,3
21,0,0,0.35330158,True,21,1,2,2
10,1,1,0.8632302,True,10,0,2,3
11,0,0,0.0037530619,True,11,0,2,4
16,1,1,0.9977716,True,16,1,1,1
17,0,0,0.03008194,True,17,1,1,2
4,1,0,0.39245245,False,4,0,1,1
11,0,0,0.006174828,True,11,0,2,4
14,1,0,0.054372758,False,14,1,0,3
17,0,0,0.019808752,True,17,1,1,2
2,1,0,0.47504497,False,2,0,0,3
3,0,0,0.012297335,True,3,0,0,4
15,0,0,0.007894103,True,15,1,0,4
16,1,0,0.2578234,False,16,1,1,1
3,0,0,0.0021965024,True,3,0,0,4
6,1,1,0.99928254,True,6,0,1,3
20,1,1,0.9957021,True,20,1,2,1
21,0,1,0.65938544,False,21,1,2,2
0,1,1,0.99828243,True,0,0,0,1
3,0,0,0.002179282,True,3,0,0,4
21,0,0,0.11406504,True,21,1,2,2
22,1,0,0.37134275,False,22,1,2,3
4,1,0,0.18199661,False,4,0,1,1
5,0,0,0.13805239,True,5,0,1,2
18,1,0,0.4829431,False,18,1,1,3
23,0,0,0.107571706,True,23,1,2,4
2,1,1,0.9263982,True,2,0,0,3
7,0,0,0.0014736415,True,7,0,1,4
19,0,0,0.071411856,True,19,1,1,4
20,1,1,0.97245693,True,20,1,2,1
0,1,1,0.9991603,True,0,0,0,1
9,0,0,0.0067212526,True,9,0,2,2
13,0,1,0.8233154,False,13,1,0,2
22,1,0,0.12514183,False,22,1,2,3
10,1,1,0.6601286,True,10,0,2,3
11,0,0,0.0009685477,True,11,0,2,4
17,0,0,0.0045610005,True,17,1,1,2
22,1,0,0.13426936,False,22,1,2,3
3,0,0,0.00076154794,True,3,0,0,4
10,1,1,0.71183693,True,10,0,2,3
21,0,0,0.20422414,True,21,1,2,2
22,1,1,0.58593875,True,22,1,2,3
0,1,1,0.99780995,True,0,0,0,1
9,0,0,0.0021981788,True,9,0,2,2
14,1,0,0.10964507,False,14,1,0,3
23,0,0,0.01554194,True,23,1,2,4
2,1,1,0.9069916,True,2,0,0,3
5,0,0,0.18273051,True,5,0,1,2
13,0,1,0.62225103,False,13,1,0,2
22,1,0,0.15078676,False,22,1,2,3
6,1,1,0.99796605,True,6,0,1,3
11,0,0,0.0021593487,True,11,0,2,4
12,1,1,0.95436716,True,12,1,0,1
23,0,0,0.0052200723,True,23,1,2,4
5,0,0,0.105832994,True,5,0,1,2
8,1,1,0.9064901,True,8,0,2,1
22,1,0,0.06584726,False,22,1,2,3
23,0,0,0.0038778675,True,23,1,2,4
5,0,0,0.26698744,True,5,0,1,2
8,1,1,0.9881858,True,8,0,2,1
14,1,0,0.1282709,False,14,1,0,3
15,0,0,0.0002528373,True,15,1,0,4
1,0,1,0.55524975,False,1,0,0,2
10,1,1,0.84612393,True,10,0,2,3
17,0,0,0.028077148,True,17,1,1,2
20,1,1,0.9482994,True,20,1,2,1
2,1,1,0.97461396,True,2,0,0,3
11,0,0,0.005393385,True,11,0,2,4
12,1,1,0.7970908,True,12,1,0,1
21,0,0,0.23065493,True,21,1,2,2
3,0,0,0.0066205994,True,3,0,0,4
10,1,0,0.46799698,False,10,0,2,3
20,1,1,0.9618244,True,20,1,2,1
23,0,0,0.007211117,True,23,1,2,4
4,1,1,0.67125964,True,4,0,1,1
9,0,0,0.07588267,True,9,0,2,2
19,0,0,0.0072129825,True,19,1,1,4
22,1,0,0.10344937,False,22,1,2,3
4,1,1,0.6654785,True,4,0,1,1
7,0,0,0.00063464505,True,7,0,1,4
13,0,1,0.88908905,False,13,1,0,2
22,1,0,0.16062544,False,22,1,2,3
4,1,0,0.11749689,False,4,0,1,1
11,0,0,0.016139347,True,11,0,2,4
13,0,1,0.9755814,False,13,1,0,2
16,1,1,0.9991478,True,16,1,1,1
0,1,1,0.99917555,True,0,0,0,1
11,0,0,0.0013293318,True,11,0,2,4
15,0,0,0.0011351358,True,15,1,0,4
22,1,0,0.12150829,False,22,1,2,3
9,0,0,0.004256666,True,9,0,2,2
10,1,0,0.49321982,False,10,0,2,3
13,0,1,0.9612167,False,13,1,0,2
16,1,1,0.99207896,True,16,1,1,1
7,0,0,0.0015330806,True,7,0,1,4
10,1,1,0.5342696,True,10,0,2,3
12,1,1,0.7959975,True,12,1,0,1
23,0,0,0.001918022,True,23,1,2,4
0,1,1,0.9884868,True,0,0,0,1
1,0,0,0.074520856,True,1,0,0,2
12,1,1,0.6556381,True,12,1,0,1
19,0,0,0.0042632003,True,19,1,1,4
9,0,0,0.012520427,True,9,0,2,2
10,1,0,0.42322516,False,10,0,2,3
14,1,0,0.19518855,False,14,1,0,3
21,0,0,0.39977324,True,21,1,2,2
8,1,1,0.91916776,True,8,0,2,1
11,0,0,0.005007983,True,11,0,2,4
19,0,0,0.122588456,True,19,1,1,4
22,1,0,0.13871792,False,22,1,2,3
3,0,0,0.0032282989,True,3,0,0,4
6,1,1,0.99491125,True,6,0,1,3
17,0,0,0.072377965,True,17,1,1,2
18,1,1,0.9942301,True,18,1,1,3
1,0,0,0.0001836982,True,1,0,0,2
10,1,1,0.6984137,True,10,0,2,3
14,1,0,0.1328384,False,14,1,0,3
17,0,0,0.0643133,True,17,1,1,2
4,1,0,0.35941678,False,4,0,1,1
9,0,0,0.038407207,True,9,0,2,2
16,1,1,0.5950132,True,16,1,1,1
21,0,1,0.51057774,False,21,1,2,2
3,0,0,0.003563052,True,3,0,0,4
10,1,1,0.985789,True,10,0,2,3
12,1,1,0.96903056,True,12,1,0,1
19,0,0,0.027370887,True,19,1,1,4
2,1,1,0.98376966,True,2,0,0,3
7,0,0,0.009034127,True,7,0,1,4
19,0,0,0.021148264,True,19,1,1,4
22,1,0,0.14161108,False,22,1,2,3
5,0,0,0.24718298,True,5,0,1,2
8,1,1,0.9667346,True,8,0,2,1
16,1,1,0.9658119,True,16,1,1,1
21,0,0,0.48253006,True,21,1,2,2
2,1,1,0.96498525,True,2,0,0,3
11,0,0,0.0027629538,True,11,0,2,4
17,0,0,0.008129457,True,17,1,1,2
20,1,1,0.98357135,True,20,1,2,1
5,0,0,0.361136,True,5,0,1,2
6,1,1,0.99924636,True,6,0,1,3
15,0,0,0.001103162,True,15,1,0,4
18,1,1,0.9573869,True,18,1,1,3
6,1,1,0.99874836,True,6,0,1,3
9,0,0,0.017074049,True,9,0,2,2
19,0,0,0.069834396,True,19,1,1,4
22,1,0,0.13122335,False,22,1,2,3
7,0,0,0.0058380784,True,7,0,1,4
8,1,1,0.8480367,True,8,0,2,1
15,0,0,0.0009605907,True,15,1,0,4
22,1,0,0.039112534,False,22,1,2,3
5,0,0,0.13485213,True,5,0,1,2
6,1,1,0.99985754,True,6,0,1,3
12,1,1,0.99902683,True,12,1,0,1
13,0,1,0.96904755,False,13,1,0,2
2,1,1,0.93400747,True,2,0,0,3
7,0,0,0.0016494617,True,7,0,1,4
18,1,1,0.99278873,True,18,1,1,3
19,0,0,0.004942121,True,19,1,1,4
2,1,1,0.9648765,True,2,0,0,3
3,0,0,0.0012596425,True,3,0,0,4
12,1,1,0.94199264,True,12,1,0,1
21,0,0,0.40778413,True,21,1,2,2
8,1,1,0.99214554,True,8,0,2,1
9,0,0,0.2506305,True,9,0,2,2
12,1,1,0.93221265,True,12,1,0,1
17,0,0,0.027380003,True,17,1,1,2
6,1,1,0.9989069,True,6,0,1,3
7,0,0,0.0020835157,True,7,0,1,4
15,0,0,0.0007635284,True,15,1,0,4
22,1,0,0.13405685,False,22,1,2,3
0,1,1,0.9991745,True,0,0,0,1
9,0,0,0.10790611,True,9,0,2,2
12,1,1,0.77877146,True,12,1,0,1
15,0,0,0.0010186242,True,15,1,0,4
5,0,0,0.0815718,True,5,0,1,2
10,1,1,0.91358924,True,10,0,2,3
15,0,0,0.0013669472,True,15,1,0,4
22,1,0,0.119723655,False,22,1,2,3
8,1,1,0.9867003,True,8,0,2,1
11,0,0,0.005754424,True,11,0,2,4
15,0,0,0.0007101665,True,15,1,0,4
18,1,1,0.9926351,True,18,1,1,3
5,0,0,0.46174517,True,5,0,1,2
6,1,1,0.99780667,True,6,0,1,3
13,0,0,0.22331105,True,13,1,0,2
14,1,0,0.32010335,False,14,1,0,3
3,0,0,0.00048274273,True,3,0,0,4
4,1,0,0.13781469,False,4,0,1,1
17,0,0,0.011719918,True,17,1,1,2
18,1,1,0.9682194,True,18,1,1,3
4,1,0,0.009482499,False,4,0,1,1
7,0,0,0.00038477755,True,7,0,1,4
18,1,1,0.64070123,True,18,1,1,3
21,0,1,0.5631099,False,21,1,2,2
2,1,1,0.99504393,True,2,0,0,3
11,0,0,0.048335463,True,11,0,2,4
16,1,1,0.8091355,True,16,1,1,1
21,0,0,0.3819558,True,21,1,2,2
0,1,1,0.9994468,True,0,0,0,1
5,0,0,0.229735,True,5,0,1,2
13,0,1,0.9754227,False,13,1,0,2
18,1,1,0.9690348,True,18,1,1,3
3,0,0,0.00078130525,True,3,0,0,4
4,1,0,0.24265786,False,4,0,1,1
12,1,1,0.9887022,True,12,1,0,1
15,0,0,0.0003400308,True,15,1,0,4
5,0,0,0.031180788,True,5,0,1,2
8,1,1,0.96449465,True,8,0,2,1
12,1,1,0.90219915,True,12,1,0,1
15,0,0,0.0020395527,True,15,1,0,4
1,0,0,0.009264256,True,1,0,0,2
4,1,0,0.45920488,False,4,0,1,1
14,1,0,0.16828962,False,14,1,0,3
19,0,0,0.0037085703,True,19,1,1,4
1,0,0,0.24805771,True,1,0,0,2
10,1,1,0.9421041,True,10,0,2,3
21,0,0,0.31501758,True,21,1,2,2
22,1,1,0.74767375,True,22,1,2,3
4,1,0,0.044171896,False,4,0,1,1
9,0,0,0.05558097,True,9,0,2,2
14,1,0,0.017431134,False,14,1,0,3
17,0,0,0.07688462,True,17,1,1,2
0,1,1,0.99941975,True,0,0,0,1
7,0,0,0.00087116065,True,7,0,1,4
12,1,1,0.99917907,True,12,1,0,1
13,0,1,0.99590063,False,13,1,0,2
2,1,1,0.86878043,True,2,0,0,3
11,0,0,0.004807504,True,11,0,2,4
14,1,0,0.039660573,False,14,1,0,3
17,0,0,0.08454836,True,17,1,1,2
2,1,1,0.9752494,True,2,0,0,3
7,0,0,0.0017821693,True,7,0,1,4
16,1,1,0.99388397,True,16,1,1,1
17,0,0,0.013549999,True,17,1,1,2
0,1,1,0.99900866,True,0,0,0,1
3,0,0,0.0030738832,True,3,0,0,4
17,0,0,0.003302224,True,17,1,1,2
22,1,0,0.09843579,False,22,1,2,3
5,0,0,0.3753332,True,5,0,1,2
8,1,1,0.96376157,True,8,0,2,1
18,1,1,0.99910045,True,18,1,1,3
23,0,0,0.10540265,True,23,1,2,4
8,1,1,0.9931646,True,8,0,2,1
11,0,0,0.00554048,True,11,0,2,4
16,1,1,0.99629235,True,16,1,1,1
23,0,0,0.15235071,True,23,1,2,4
9,0,0,0.0075922115,True,9,0,2,2
10,1,1,0.7446388,True,10,0,2,3
13,0,1,0.94010425,False,13,1,0,2
14,1,1,0.8279639,True,14,1,0,3
1,0,0,0.16031796,True,1,0,0,2
8,1,1,0.98528737,True,8,0,2,1
21,0,0,0.25324202,True,21,1,2,2
22,1,0,0.43763512,False,22,1,2,3
3,0,0,0.105651006,True,3,0,0,4
6,1,1,0.99769735,True,6,0,1,3
13,0,1,0.6960062,False,13,1,0,2
14,1,1,0.6494681,True,14,1,0,3
8,1,1,0.9904716,True,8,0,2,1
11,0,0,0.0039179265,True,11,0,2,4
13,0,1,0.7641467,False,13,1,0,2
20,1,1,0.9530322,True,20,1,2,1
3,0,0,0.0019926778,True,3,0,0,4
6,1,1,0.99932677,True,6,0,1,3
16,1,1,0.9704627,True,16,1,1,1
21,0,0,0.4731631,True,21,1,2,2
5,0,0,0.091738835,True,5,0,1,2
10,1,0,0.2617314,False,10,0,2,3
17,0,0,0.023014259,True,17,1,1,2
18,1,1,0.9869596,True,18,1,1,3
5,0,0,0.106057964,True,5,0,1,2
6,1,1,0.99949664,True,6,0,1,3
12,1,1,0.9011639,True,12,1,0,1
17,0,0,0.010506306,True,17,1,1,2
1,0,0,0.003389224,True,1,0,0,2
10,1,1,0.6530431,True,10,0,2,3
20,1,1,0.99317586,True,20,1,2,1
21,0,0,0.4603339,True,21,1,2,2
5,0,0,0.44271407,True,5,0,1,2
10,1,1,0.6652146,True,10,0,2,3
18,1,1,0.95647866,True,18,1,1,3
23,0,0,0.06955573,True,23,1,2,4
7,0,0,0.008213902,True,7,0,1,4
10,1,0,0.46515608,False,10,0,2,3
16,1,1,0.91203994,True,16,1,1,1
19,0,0,0.2993524,True,19,1,1,4
0,1,1,0.99968046,True,0,0,0,1
9,0,0,0.017817743,True,9,0,2,2
15,0,0,0.00069016,True,15,1,0,4
22,1,0,0.14752766,False,22,1,2,3
4,1,0,0.26837376,False,4,0,1,1
7,0,0,0.00093290897,True,7,0,1,4
12,1,1,0.9957353,True,12,1,0,1
23,0,0,0.027270809,True,23,1,2,4
0,1,1,0.9987232,True,0,0,0,1
11,0,0,0.0015223476,True,11,0,2,4
16,1,1,0.995514,True,16,1,1,1
17,0,0,0.0019804933,True,17,1,1,2
9,0,0,0.31177348,True,9,0,2,2
10,1,1,0.8949599,True,10,0,2,3
15,0,0,0.0021936316,True,15,1,0,4
18,1,1,0.91969466,True,18,1,1,3
5,0,1,0.50297576,False,5,0,1,2
8,1,1,0.9893197,True,8,0,2,1
16,1,1,0.99894786,True,16,1,1,1
23,0,0,0.12209287,True,23,1,2,4
4,1,1,0.5865274,True,4,0,1,1
9,0,0,0.025070082,True,9,0,2,2
22,1,0,0.117399156,False,22,1,2,3
23,0,0,0.0014458793,True,23,1,2,4
8,1,1,0.85578614,True,8,0,2,1
11,0,0,0.0028232206,True,11,0,2,4
15,0,0,0.0010674883,True,15,1,0,4
22,1,0,0.031551514,False,22,1,2,3
7,0,0,0.0024458123,True,7,0,1,4
10,1,1,0.64250106,True,10,0,2,3
15,0,0,0.0010126968,True,15,1,0,4
16,1,1,0.99866796,True,16,1,1,1
6,1,1,0.9524615,True,6,0,1,3
9,0,0,0.1481825,True,9,0,2,2
16,1,1,0.87893283,True,16,1,1,1
19,0,0,0.17959848,True,19,1,1,4
0,1,1,0.99972934,True,0,0,0,1
3,0,0,0.0022115319,True,3,0,0,4
18,1,1,0.9982507,True,18,1,1,3
21,0,1,0.75074303,False,21,1,2,2
1,0,0,0.01607808,True,1,0,0,2
4,1,1,0.52655876,True,4,0,1,1
13,0,1,0.804206,False,13,1,0,2
22,1,0,0.3386393,False,22,1,2,3
5,0,1,0.5444445,False,5,0,1,2
6,1,1,0.99957836,True,6,0,1,3
12,1,1,0.97597325,True,12,1,0,1
21,0,0,0.32769004,True,21,1,2,2
8,1,1,0.99584645,True,8,0,2,1
11,0,0,0.0035152386,True,11,0,2,4
19,0,0,0.07471566,True,19,1,1,4
20,1,1,0.98625207,True,20,1,2,1
10,1,0,0.3779373,False,10,0,2,3
11,0,0,0.0017811306,True,11,0,2,4
14,1,0,0.11515942,False,14,1,0,3
21,0,0,0.4886808,True,21,1,2,2
9,0,0,0.0062191505,True,9,0,2,2
10,1,1,0.7183003,True,10,0,2,3
19,0,0,0.017338667,True,19,1,1,4
22,1,0,0.00526266,False,22,1,2,3
2,1,1,0.95971155,True,2,0,0,3
3,0,0,0.01635649,True,3,0,0,4
14,1,0,0.020590568,False,14,1,0,3
19,0,0,0.055304732,True,19,1,1,4
2,1,1,0.86682355,True,2,0,0,3
11,0,0,0.0031045275,True,11,0,2,4
12,1,1,0.9505512,True,12,1,0,1
17,0,0,0.071840234,True,17,1,1,2
5,0,1,0.60209835,False,5,0,1,2
10,1,1,0.54902345,True,10,0,2,3
13,0,1,0.90918523,False,13,1,0,2
18,1,1,0.9539644,True,18,1,1,3
7,0,0,0.0045546954,True,7,0,1,4
8,1,1,0.98923534,True,8,0,2,1
14,1,0,0.072813205,False,14,1,0,3
21,0,0,0.41859627,True,21,1,2,2
6,1,1,0.99958086,True,6,0,1,3
7,0,0,0.0022343402,True,7,0,1,4
14,1,0,0.049084064,False,14,1,0,3
17,0,0,0.3253779,True,17,1,1,2
4,1,0,0.31272843,False,4,0,1,1
7,0,0,0.0017016542,True,7,0,1,4
18,1,1,0.96696794,True,18,1,1,3
19,0,0,0.0021858346,True,19,1,1,4
4,1,0,0.35756963,False,4,0,1,1
7,0,0,0.0006656469,True,7,0,1,4
22,1,0,0.13457899,False,22,1,2,3
23,0,0,0.0016371515,True,23,1,2,4
1,0,0,0.013000974,True,1,0,0,2
4,1,0,0.37194902,False,4,0,1,1
19,0,0,0.005344009,True,19,1,1,4
20,1,1,0.7800363,True,20,1,2,1
8,1,1,0.8269023,True,8,0,2,1
9,0,0,0.01821786,True,9,0,2,2
13,0,1,0.6821028,False,13,1,0,2
22,1,0,0.03256303,False,22,1,2,3
0,1,1,0.99946356,True,0,0,0,1
9,0,0,0.019527117,True,9,0,2,2
13,0,1,0.97448665,False,13,1,0,2
18,1,1,0.99435157,True,18,1,1,3
5,0,0,0.24742171,True,5,0,1,2
6,1,1,0.9991283,True,6,0,1,3
12,1,1,0.992958,True,12,1,0,1
23,0,0,0.005944065,True,23,1,2,4
5,0,0,0.004125916,True,5,0,1,2
8,1,1,0.9569421,True,8,0,2,1
20,1,1,0.9607545,True,20,1,2,1
21,0,0,0.32125327,True,21,1,2,2
4,1,0,0.34587243,False,4,0,1,1
11,0,0,0.0013028705,True,11,0,2,4
15,0,0,0.00082621066,True,15,1,0,4
20,1,1,0.8309963,True,20,1,2,1
5,0,0,0.25702015,True,5,0,1,2
8,1,1,0.9209593,True,8,0,2,1
17,0,0,0.00877105,True,17,1,1,2
22,1,0,0.13112117,False,22,1,2,3
3,0,0,0.01806446,True,3,0,0,4
4,1,0,0.40394104,False,4,0,1,1
22,1,0,0.18865225,False,22,1,2,3
23,0,0,0.018117255,True,23,1,2,4
1,0,0,0.002026677,True,1,0,0,2
2,1,1,0.70205843,True,2,0,0,3
15,0,0,0.00056797755,True,15,1,0,4
18,1,1,0.88593924,True,18,1,1,3
2,1,1,0.9990523,True,2,0,0,3
3,0,0,0.0014081834,True,3,0,0,4
20,1,1,0.9988516,True,20,1,2,1
21,0,1,0.57239896,False,21,1,2,2
9,0,0,0.009215304,True,9,0,2,2
10,1,1,0.52652127,True,10,0,2,3
12,1,1,0.99876696,True,12,1,0,1
13,0,1,0.9605328,False,13,1,0,2
9,0,0,0.056158878,True,9,0,2,2
10,1,1,0.8878012,True,10,0,2,3
13,0,1,0.96545416,False,13,1,0,2
18,1,1,0.98860526,True,18,1,1,3
7,0,0,0.0022607683,True,7,0,1,4
8,1,1,0.93585545,True,8,0,2,1
18,1,1,0.99868727,True,18,1,1,3
19,0,0,0.035455327,True,19,1,1,4
5,0,0,0.49330297,True,5,0,1,2
8,1,1,0.9766752,True,8,0,2,1
18,1,1,0.9669563,True,18,1,1,3
19,0,0,0.0017747884,True,19,1,1,4
2,1,1,0.9815222,True,2,0,0,3
5,0,0,0.2497932,True,5,0,1,2
12,1,1,0.97766745,True,12,1,0,1
23,0,0,0.017113013,True,23,1,2,4
7,0,0,0.003603487,True,7,0,1,4
10,1,0,0.12943977,False,10,0,2,3
12,1,1,0.9975586,True,12,1,0,1
13,0,1,0.9840022,False,13,1,0,2
7,0,0,0.00081137626,True,7,0,1,4
8,1,1,0.9822657,True,8,0,2,1
15,0,0,0.0016572317,True,15,1,0,4
18,1,1,0.9878079,True,18,1,1,3
4,1,0,0.36330128,False,4,0,1,1
5,0,0,0.0026702937,True,5,0,1,2
21,0,0,0.15207472,True,21,1,2,2
22,1,0,0.38085377,False,22,1,2,3
6,1,1,0.9988853,True,6,0,1,3
11,0,0,0.026022796,True,11,0,2,4
19,0,0,0.013585817,True,19,1,1,4
20,1,1,0.9294596,True,20,1,2,1
0,1,1,0.9988478,True,0,0,0,1
9,0,0,0.03144881,True,9,0,2,2
21,0,0,0.17848967,True,21,1,2,2
22,1,0,0.4117987,False,22,1,2,3
4,1,0,0.023407985,False,4,0,1,1
5,0,0,0.00093516527,True,5,0,1,2
13,0,1,0.97314477,False,13,1,0,2
16,1,1,0.99642724,True,16,1,1,1
6,1,1,0.9881538,True,6,0,1,3
7,0,0,0.030925859,True,7,0,1,4
20,1,1,0.93104935,True,20,1,2,1
23,0,0,0.0676146,True,23,1,2,4
0,1,1,0.99959534,True,0,0,0,1
3,0,0,0.0012623714,True,3,0,0,4
15,0,0,0.00064122526,True,15,1,0,4
22,1,0,0.21693388,False,22,1,2,3
2,1,1,0.6518682,True,2,0,0,3
9,0,0,0.023893243,True,9,0,2,2
13,0,1,0.8538963,False,13,1,0,2
14,1,1,0.81738156,True,14,1,0,3
6,1,1,0.9987413,True,6,0,1,3
11,0,0,0.002607232,True,11,0,2,4
14,1,0,0.04584175,False,14,1,0,3
19,0,0,0.17277268,True,19,1,1,4
1,0,0,0.25387946,True,1,0,0,2
2,1,1,0.6590271,True,2,0,0,3
15,0,0,0.0138318855,True,15,1,0,4
16,1,1,0.98805857,True,16,1,1,1
2,1,1,0.96757966,True,2,0,0,3
7,0,0,0.0015734874,True,7,0,1,4
20,1,1,0.96959305,True,20,1,2,1
23,0,0,0.0061804242,True,23,1,2,4
3,0,0,0.068281084,True,3,0,0,4
6,1,1,0.9996664,True,6,0,1,3
13,0,1,0.9651206,False,13,1,0,2
20,1,1,0.9773711,True,20,1,2,1
3,0,0,0.02120312,True,3,0,0,4
6,1,1,0.9716632,True,6,0,1,3
18,1,1,0.9825997,True,18,1,1,3
23,0,0,0.0025088654,True,23,1,2,4
6,1,1,0.9981273,True,6,0,1,3
9,0,0,0.005990109,True,9,0,2,2
17,0,0,0.035102915,True,17,1,1,2
18,1,1,0.9936688,True,18,1,1,3
0,1,1,0.9995277,True,0,0,0,1
5,0,0,0.25194454,True,5,0,1,2
13,0,1,0.9086474,False,13,1,0,2
16,1,1,0.9994069,True,16,1,1,1
10,1,1,0.67186046,True,10,0,2,3
11,0,0,0.0069899377,True,11,0,2,4
12,1,1,0.7517659,True,12,1,0,1
15,0,0,0.0008167754,True,15,1,0,4
3,0,0,0.0021399674,True,3,0,0,4
10,1,1,0.51500106,True,10,0,2,3
16,1,1,0.9924101,True,16,1,1,1
17,0,0,0.0055980086,True,17,1,1,2
4,1,1,0.6292764,True,4,0,1,1
9,0,0,0.07264381,True,9,0,2,2
16,1,1,0.9870435,True,16,1,1,1
19,0,0,0.23171951,True,19,1,1,4
1,0,0,0.06313741,True,1,0,0,2
8,1,1,0.97728115,True,8,0,2,1
18,1,1,0.9985982,True,18,1,1,3
19,0,0,0.08938225,True,19,1,1,4
10,1,1,0.5435376,True,10,0,2,3
11,0,0,0.0038509194,True,11,0,2,4
14,1,0,0.1272992,False,14,1,0,3
23,0,0,0.04413765,True,23,1,2,4
4,1,0,0.08000683,False,4,0,1,1
7,0,0,0.0004874525,True,7,0,1,4
15,0,0,0.00029922943,True,15,1,0,4
18,1,1,0.52442825,True,18,1,1,3
10,1,1,0.7783849,True,10,0,2,3
11,0,0,0.03378982,True,11,0,2,4
19,0,0,0.053546295,True,19,1,1,4
20,1,1,0.9745729,True,20,1,2,1
7,0,0,0.0041512456,True,7,0,1,4
10,1,0,0.20648076,False,10,0,2,3
19,0,0,0.0023908555,True,19,1,1,4
20,1,1,0.697285,True,20,1,2,1
2,1,1,0.983351,True,2,0,0,3
7,0,0,0.0009237366,True,7,0,1,4
22,1,0,0.010712372,False,22,1,2,3
23,0,0,0.00031821686,True,23,1,2,4
1,0,0,0.018379,True,1,0,0,2
10,1,1,0.8011666,True,10,0,2,3
12,1,1,0.99785453,True,12,1,0,1
13,0,1,0.9403778,False,13,1,0,2
4,1,0,0.22420003,False,4,0,1,1
11,0,0,0.0013297963,True,11,0,2,4
12,1,1,0.99472964,True,12,1,0,1
21,0,0,0.3770523,True,21,1,2,2
2,1,1,0.99522805,True,2,0,0,3
3,0,0,0.005899231,True,3,0,0,4
13,0,1,0.9492893,False,13,1,0,2
22,1,0,0.14547746,False,22,1,2,3
4,1,0,0.30459076,False,4,0,1,1
5,0,0,0.0013799145,True,5,0,1,2
13,0,1,0.96789145,False,13,1,0,2
18,1,1,0.9955987,True,18,1,1,3
6,1,1,0.9988601,True,6,0,1,3
7,0,0,0.0007259389,True,7,0,1,4
16,1,1,0.99617445,True,16,1,1,1
17,0,0,0.0025325795,True,17,1,1,2
1,0,0,0.018386398,True,1,0,0,2
4,1,0,0.4064473,False,4,0,1,1
13,0,1,0.98658127,False,13,1,0,2
14,1,1,0.99503934,True,14,1,0,3
0,1,1,0.9741867,True,0,0,0,1
9,0,0,0.35082906,True,9,0,2,2
16,1,0,0.21106414,False,16,1,1,1
21,0,1,0.80928093,False,21,1,2,2
0,1,1,0.9983522,True,0,0,0,1
5,0,0,0.25934687,True,5,0,1,2
12,1,1,0.8751057,True,12,1,0,1
17,0,0,0.0034933928,True,17,1,1,2
2,1,1,0.89422053,True,2,0,0,3
11,0,0,0.005627496,True,11,0,2,4
14,1,0,0.039851736,False,14,1,0,3
19,0,0,0.010816836,True,19,1,1,4
9,0,0,0.024759727,True,9,0,2,2
10,1,1,0.7210963,True,10,0,2,3
16,1,1,0.9931695,True,16,1,1,1
23,0,0,0.03356097,True,23,1,2,4
10,1,1,0.88058835,True,10,0,2,3
11,0,0,0.0004639715,True,11,0,2,4
15,0,0,0.0004750723,True,15,1,0,4
18,1,1,0.87809867,True,18,1,1,3
0,1,1,0.9989161,True,0,0,0,1
11,0,0,0.012290076,True,11,0,2,4
17,0,0,0.005144016,True,17,1,1,2
18,1,1,0.9962346,True,18,1,1,3
3,0,0,0.014368923,True,3,0,0,4
10,1,1,0.8660134,True,10,0,2,3
15,0,0,0.0008393649,True,15,1,0,4
16,1,1,0.99956644,True,16,1,1,1
4,1,0,0.31085804,False,4,0,1,1
5,0,0,0.0014598554,True,5,0,1,2
15,0,0,0.0014986838,True,15,1,0,4
16,1,1,0.9969826,True,16,1,1,1
2,1,1,0.7568221,True,2,0,0,3
3,0,0,0.00076051836,True,3,0,0,4
12,1,1,0.8450483,True,12,1,0,1
23,0,0,0.000650182,True,23,1,2,4
9,0,0,0.032086596,True,9,0,2,2
10,1,0,0.48659962,False,10,0,2,3
17,0,0,0.016797187,True,17,1,1,2
20,1,1,0.947187,True,20,1,2,1
10,1,1,0.88131195,True,10,0,2,3
11,0,0,0.0004096201,True,11,0,2,4
15,0,0,0.0012225716,True,15,1,0,4
20,1,1,0.91637254,True,20,1,2,1
6,1,1,0.99815583,True,6,0,1,3
9,0,0,0.087678485,True,9,0,2,2
15,0,0,0.000893126,True,15,1,0,4
16,1,1,0.99274576,True,16,1,1,1
2,1,1,0.5648856,True,2,0,0,3
5,0,1,0.62955576,False,5,0,1,2
14,1,0,0.25158378,False,14,1,0,3
15,0,0,0.0008219888,True,15,1,0,4
5,0,1,0.51412946,False,5,0,1,2
6,1,1,0.99868697,True,6,0,1,3
17,0,0,0.13068387,True,17,1,1,2
20,1,1,0.8003497,True,20,1,2,1
3,0,0,0.0039010458,True,3,0,0,4
6,1,1,0.99879795,True,6,0,1,3
15,0,0,0.0023982849,True,15,1,0,4
22,1,0,0.12641527,False,22,1,2,3
2,1,1,0.8729743,True,2,0,0,3
11,0,0,0.0018037809,True,11,0,2,4
19,0,0,0.012728188,True,19,1,1,4
20,1,1,0.9280771,True,20,1,2,1
0,1,1,0.9985222,True,0,0,0,1
7,0,0,0.003626268,True,7,0,1,4
14,1,0,0.018611582,False,14,1,0,3
21,0,1,0.6021418,False,21,1,2,2
2,1,1,0.8202668,True,2,0,0,3
7,0,0,0.001366405,True,7,0,1,4
15,0,0,0.001003236,True,15,1,0,4
16,1,1,0.9954077,True,16,1,1,1
5,0,0,0.26713577,True,5,0,1,2
10,1,1,0.51533717,True,10,0,2,3
13,0,1,0.53300476,False,13,1,0,2
14,1,1,0.5066618,True,14,1,0,3
6,1,1,0.9971701,True,6,0,1,3
9,0,0,0.024223674,True,9,0,2,2
17,0,0,0.249661,True,17,1,1,2
20,1,1,0.8460102,True,20,1,2,1
0,1,1,0.997797,True,0,0,0,1
3,0,0,0.0012072804,True,3,0,0,4
18,1,1,0.9983133,True,18,1,1,3
19,0,0,0.017037835,True,19,1,1,4
1,0,0,0.0035165222,True,1,0,0,2
6,1,1,0.99829584,True,6,0,1,3
13,0,1,0.9159537,False,13,1,0,2
22,1,0,0.23282376,False,22,1,2,3
0,1,1,0.9996735,True,0,0,0,1
11,0,0,0.0039326786,True,11,0,2,4
22,1,0,0.40996215,False,22,1,2,3
23,0,0,0.10083161,True,23,1,2,4
3,0,0,0.0010326934,True,3,0,0,4
10,1,1,0.8405565,True,10,0,2,3
19,0,0,0.020550298,True,19,1,1,4
22,1,0,0.12779269,False,22,1,2,3
4,1,0,0.15041475,False,4,0,1,1
5,0,0,0.0022519734,True,5,0,1,2
15,0,0,0.0014039897,True,15,1,0,4
20,1,1,0.833839,True,20,1,2,1
0,1,1,0.99935704,True,0,0,0,1
3,0,0,0.01110829,True,3,0,0,4
13,0,1,0.9177824,False,13,1,0,2
18,1,1,0.94765204,True,18,1,1,3
7,0,0,0.0026413905,True,7,0,1,4
10,1,1,0.8822046,True,10,0,2,3
13,0,1,0.9623054,False,13,1,0,2
18,1,1,0.99735916,True,18,1,1,3
8,1,1,0.9896741,True,8,0,2,1
9,0,0,0.07768519,True,9,0,2,2
15,0,0,0.00071171625,True,15,1,0,4
16,1,1,0.99786055,True,16,1,1,1
3,0,0,0.0027192053,True,3,0,0,4
10,1,0,0.4135458,False,10,0,2,3
12,1,1,0.99744934,True,12,1,0,1
13,0,1,0.9773204,False,13,1,0,2
0,1,1,0.99801433,True,0,0,0,1
11,0,0,0.0076126936,True,11,0,2,4
14,1,0,0.115102485,False,14,1,0,3
21,0,0,0.384866,True,21,1,2,2
8,1,1,0.9349611,True,8,0,2,1
11,0,0,0.0035847498,True,11,0,2,4
21,0,0,0.12077713,True,21,1,2,2
22,1,0,0.20515728,False,22,1,2,3
0,1,1,0.99793494,True,0,0,0,1
11,0,0,0.0023212656,True,11,0,2,4
21,0,0,0.1349384,True,21,1,2,2
22,1,0,0.48312294,False,22,1,2,3
1,0,0,0.041965783,True,1,0,0,2
8,1,1,0.97559094,True,8,0,2,1
15,0,0,0.002767771,True,15,1,0,4
16,1,1,0.9884263,True,16,1,1,1
1,0,0,0.0042958325,True,1,0,0,2
4,1,0,0.042868022,False,4,0,1,1
16,1,1,0.9837755,True,16,1,1,1
17,0,0,0.0030778423,True,17,1,1,2
1,0,0,0.02524763,True,1,0,0,2
8,1,1,0.74844086,True,8,0,2,1
15,0,0,0.0019618934,True,15,1,0,4
20,1,1,0.87787753,True,20,1,2,1
2,1,1,0.99879175,True,2,0,0,3
3,0,0,0.0020669096,True,3,0,0,4
17,0,0,0.08429231,True,17,1,1,2
22,1,0,0.13313235,False,22,1,2,3
6,1,1,0.9984935,True,6,0,1,3
7,0,0,0.0013803112,True,7,0,1,4
15,0,0,0.0017402027,True,15,1,0,4
20,1,1,0.8598201,True,20,1,2,1
8,1,1,0.92959785,True,8,0,2,1
9,0,0,0.012135209,True,9,0,2,2
18,1,1,0.979381,True,18,1,1,3
23,0,0,0.009299101,True,23,1,2,4
1,0,0,0.3802924,True,1,0,0,2
8,1,1,0.9752343,True,8,0,2,1
12,1,1,0.95229197,True,12,1,0,1
23,0,0,0.007600001,True,23,1,2,4
2,1,1,0.5768012,True,2,0,0,3
9,0,0,0.022083426,True,9,0,2,2
16,1,1,0.89471024,True,16,1,1,1
19,0,0,0.0029443563,True,19,1,1,4
0,1,1,0.99894387,True,0,0,0,1
5,0,1,0.73395,False,5,0,1,2
19,0,0,0.39907944,True,19,1,1,4
20,1,1,0.9298377,True,20,1,2,1
0,1,1,0.9994292,True,0,0,0,1
7,0,0,0.00092032715,True,7,0,1,4
15,0,0,0.001185069,True,15,1,0,4
22,1,0,0.14349853,False,22,1,2,3
3,0,0,0.012951013,True,3,0,0,4
6,1,1,0.996592,True,6,0,1,3
20,1,1,0.95506805,True,20,1,2,1
23,0,0,0.012850635,True,23,1,2,4
4,1,0,0.0015455361,False,4,0,1,1
11,0,0,0.0010614346,True,11,0,2,4
17,0,0,0.00106286,True,17,1,1,2
20,1,0,0.2745691,False,20,1,2,1
2,1,1,0.9182587,True,2,0,0,3
11,0,0,0.016814124,True,11,0,2,4
12,1,1,0.98315966,True,12,1,0,1
15,0,0,0.02267766,True,15,1,0,4
8,1,1,0.99026024,True,8,0,2,1
9,0,0,0.02335809,True,9,0,2,2
14,1,0,0.20278656,False,14,1,0,3
23,0,0,0.1145717,True,23,1,2,4
5,0,0,0.21616094,True,5,0,1,2
8,1,1,0.8953637,True,8,0,2,1
17,0,0,0.017615523,True,17,1,1,2
20,1,1,0.7304928,True,20,1,2,1
2,1,1,0.96007806,True,2,0,0,3
5,0,0,0.028652117,True,5,0,1,2
17,0,0,0.0013521349,True,17,1,1,2
22,1,0,0.14853185,False,22,1,2,3
1,0,0,0.12907648,True,1,0,0,2
2,1,1,0.9787778,True,2,0,0,3
13,0,1,0.8392321,False,13,1,0,2
22,1,0,0.14389974,False,22,1,2,3
0,1,1,0.99903363,True,0,0,0,1
1,0,0,0.28217643,True,1,0,0,2
18,1,1,0.99413955,True,18,1,1,3
23,0,0,0.07529759,True,23,1,2,4
0,1,1,0.99927396,True,0,0,0,1
11,0,0,0.0056173718,True,11,0,2,4
14,1,0,0.18491265,False,14,1,0,3
23,0,0,0.030476019,True,23,1,2,4
4,1,0,0.2822155,False,4,0,1,1
5,0,0,0.0012878586,True,5,0,1,2
12,1,1,0.95620203,True,12,1,0,1
15,0,0,0.0016266305,True,15,1,0,4
2,1,1,0.8460756,True,2,0,0,3
3,0,0,0.00209835,True,3,0,0,4
13,0,1,0.8765272,False,13,1,0,2
16,1,1,0.99013823,True,16,1,1,1
5,0,0,0.19379732,True,5,0,1,2
10,1,1,0.55647117,True,10,0,2,3
17,0,0,0.1480005,True,17,1,1,2
20,1,1,0.9148222,True,20,1,2,1
1,0,0,0.2322452,True,1,0,0,2
4,1,1,0.6044407,True,4,0,1,1
19,0,0,0.02976057,True,19,1,1,4
22,1,0,0.14985552,False,22,1,2,3
7,0,0,0.0033960051,True,7,0,1,4
10,1,1,0.7105651,True,10,0,2,3
17,0,0,0.028303497,True,17,1,1,2
22,1,0,0.05027306,False,22,1,2,3
8,1,1,0.93315226,True,8,0,2,1
9,0,0,0.013424696,True,9,0,2,2
12,1,1,0.8342123,True,12,1,0,1
19,0,0,0.06199531,True,19,1,1,4
4,1,0,0.47687107,False,4,0,1,1
11,0,0,0.0030906699,True,11,0,2,4
19,0,0,0.05407415,True,19,1,1,4
22,1,0,0.12385578,False,22,1,2,3
2,1,1,0.90886515,True,2,0,0,3
3,0,0,0.0006292248,True,3,0,0,4
12,1,1,0.99075854,True,12,1,0,1
17,0,0,0.044926163,True,17,1,1,2
3,0,0,0.015050735,True,3,0,0,4
6,1,1,0.9809377,True,6,0,1,3
14,1,0,0.007816412,False,14,1,0,3
23,0,0,0.12612976,True,23,1,2,4
2,1,1,0.72034025,True,2,0,0,3
7,0,0,0.0005068578,True,7,0,1,4
12,1,1,0.8616353,True,12,1,0,1
15,0,0,0.011843105,True,15,1,0,4
3,0,0,0.019703723,True,3,0,0,4
8,1,1,0.8608421,True,8,0,2,1
16,1,1,0.98686904,True,16,1,1,1
23,0,0,0.0034766737,True,23,1,2,4
1,0,0,0.23815776,True,1,0,0,2
8,1,1,0.9920803,True,8,0,2,1
13,0,1,0.91308725,False,13,1,0,2
18,1,1,0.98888737,True,18,1,1,3
3,0,0,0.017646316,True,3,0,0,4
4,1,0,0.3496961,False,4,0,1,1
15,0,0,0.029362056,True,15,1,0,4
16,1,1,0.5722279,True,16,1,1,1
7,0,0,0.0006426954,True,7,0,1,4
10,1,1,0.5001144,True,10,0,2,3
17,0,0,0.14409794,True,17,1,1,2
20,1,1,0.96011245,True,20,1,2,1
4,1,0,0.34992576,False,4,0,1,1
5,0,0,0.002199426,True,5,0,1,2
16,1,1,0.99721485,True,16,1,1,1
21,0,1,0.6838932,False,21,1,2,2
8,1,1,0.9823672,True,8,0,2,1
9,0,0,0.01329567,True,9,0,2,2
18,1,1,0.9977891,True,18,1,1,3
19,0,0,0.03875672,True,19,1,1,4
1,0,0,0.20811722,True,1,0,0,2
4,1,1,0.7700415,True,4,0,1,1
12,1,1,0.96553224,True,12,1,0,1
21,0,1,0.50131845,False,21,1,2,2
2,1,1,0.9017913,True,2,0,0,3
11,0,0,0.0016007901,True,11,0,2,4
21,0,0,0.13377318,True,21,1,2,2
22,1,0,0.44968805,False,22,1,2,3
3,0,0,0.073413,True,3,0,0,4
8,1,1,0.99557847,True,8,0,2,1
13,0,1,0.85471857,False,13,1,0,2
22,1,0,0.36507177,False,22,1,2,3
2,1,1,0.97577864,True,2,0,0,3
3,0,0,0.0014476273,True,3,0,0,4
14,1,0,0.0075076018,False,14,1,0,3
21,0,0,0.34871733,True,21,1,2,2
5,0,0,0.07353679,True,5,0,1,2
8,1,1,0.975747,True,8,0,2,1
13,0,1,0.7542941,False,13,1,0,2
20,1,1,0.92690617,True,20,1,2,1
1,0,0,0.04515949,True,1,0,0,2
2,1,1,0.99006546,True,2,0,0,3
17,0,0,0.06387536,True,17,1,1,2
20,1,1,0.76011556,True,20,1,2,1
6,1,1,0.9992406,True,6,0,1,3
9,0,0,0.0124083925,True,9,0,2,2
16,1,1,0.99940366,True,16,1,1,1
17,0,0,0.038597353,True,17,1,1,2
4,1,0,0.26163828,False,4,0,1,1
9,0,0,0.011068925,True,9,0,2,2
18,1,1,0.98672587,True,18,1,1,3
19,0,0,0.0057044625,True,19,1,1,4
6,1,1,0.9829806,True,6,0,1,3
7,0,0,0.004075211,True,7,0,1,4
13,0,1,0.9881513,False,13,1,0,2
20,1,1,0.82009834,True,20,1,2,1
7,0,0,0.0037544367,True,7,0,1,4
8,1,1,0.9743487,True,8,0,2,1
16,1,1,0.9976599,True,16,1,1,1
19,0,0,0.02743053,True,19,1,1,4
4,1,0,0.25248277,False,4,0,1,1
5,0,0,0.010707569,True,5,0,1,2
14,1,0,0.046357848,False,14,1,0,3
23,0,0,0.1291494,True,23,1,2,4
4,1,0,0.22001831,False,4,0,1,1
9,0,0,0.12787586,True,9,0,2,2
13,0,1,0.9130357,False,13,1,0,2
18,1,1,0.8252337,True,18,1,1,3
2,1,1,0.8795318,True,2,0,0,3
11,0,0,0.0021024728,True,11,0,2,4
13,0,1,0.9622263,False,13,1,0,2
18,1,1,0.990631,True,18,1,1,3
7,0,0,0.007864821,True,7,0,1,4
10,1,0,0.12418568,False,10,0,2,3
12,1,1,0.9609658,True,12,1,0,1
21,0,0,0.32730114,True,21,1,2,2
3,0,0,0.0028235633,True,3,0,0,4
8,1,1,0.8416898,True,8,0,2,1
16,1,1,0.9955625,True,16,1,1,1
19,0,0,0.008029265,True,19,1,1,4
3,0,0,0.0022145684,True,3,0,0,4
4,1,0,0.37352976,False,4,0,1,1
16,1,1,0.9949351,True,16,1,1,1
23,0,0,0.028698403,True,23,1,2,4
7,0,0,0.0024501076,True,7,0,1,4
10,1,1,0.7954385,True,10,0,2,3
12,1,1,0.898677,True,12,1,0,1
17,0,0,0.05295813,True,17,1,1,2
1,0,0,0.0022127107,True,1,0,0,2
4,1,1,0.71083975,True,4,0,1,1
14,1,0,0.056424856,False,14,1,0,3
23,0,0,0.20287369,True,23,1,2,4
0,1,1,0.9991663,True,0,0,0,1
11,0,0,0.0053705513,True,11,0,2,4
13,0,1,0.9891339,False,13,1,0,2
22,1,0,0.16622438,False,22,1,2,3
5,0,0,0.2403441,True,5,0,1,2
8,1,1,0.9905294,True,8,0,2,1
12,1,1,0.9832733,True,12,1,0,1
17,0,0,0.49203086,True,17,1,1,2
8,1,1,0.994866,True,8,0,2,1
11,0,0,0.009012056,True,11,0,2,4
20,1,1,0.9989204,True,20,1,2,1
21,0,1,0.69405806,False,21,1,2,2
2,1,0,0.4060358,False,2,0,0,3
9,0,0,0.32946762,True,9,0,2,2
18,1,1,0.89229655,True,18,1,1,3
23,0,0,0.02638033,True,23,1,2,4
8,1,1,0.9932476,True,8,0,2,1
11,0,0,0.0042504156,True,11,0,2,4
16,1,1,0.99682045,True,16,1,1,1
21,0,0,0.45936593,True,21,1,2,2
8,1,1,0.9516182,True,8,0,2,1
9,0,0,0.029489828,True,9,0,2,2
19,0,0,0.008051457,True,19,1,1,4
22,1,0,0.22748727,False,22,1,2,3
5,0,0,0.025956083,True,5,0,1,2
8,1,1,0.9906039,True,8,0,2,1
15,0,0,0.0012437464,True,15,1,0,4
18,1,1,0.9980953,True,18,1,1,3
2,1,1,0.682524,True,2,0,0,3
7,0,0,0.0016717303,True,7,0,1,4
15,0,0,0.005133062,True,15,1,0,4
22,1,0,0.044791456,False,22,1,2,3
10,1,1,0.69438916,True,10,0,2,3
11,0,0,0.006133588,True,11,0,2,4
20,1,1,0.9905775,True,20,1,2,1
21,0,0,0.446643,True,21,1,2,2
6,1,1,0.99883056,True,6,0,1,3
11,0,0,0.0043209326,True,11,0,2,4
14,1,0,0.053201027,False,14,1,0,3
17,0,0,0.0077300034,True,17,1,1,2
3,0,0,0.15718356,True,3,0,0,4
8,1,1,0.99078214,True,8,0,2,1
17,0,0,0.28975192,True,17,1,1,2
20,1,1,0.89385206,True,20,1,2,1
4,1,1,0.6990229,True,4,0,1,1
7,0,0,0.00060782273,True,7,0,1,4
20,1,1,0.99590397,True,20,1,2,1
21,0,1,0.53647226,False,21,1,2,2
1,0,0,0.058180556,True,1,0,0,2
4,1,0,0.47707552,False,4,0,1,1
20,1,1,0.71267515,True,20,1,2,1
21,0,0,0.2770821,True,21,1,2,2
3,0,0,0.0007670461,True,3,0,0,4
6,1,1,0.99761736,True,6,0,1,3
15,0,0,0.0005891805,True,15,1,0,4
20,1,1,0.86514884,True,20,1,2,1
0,1,1,0.9980012,True,0,0,0,1
1,0,0,0.22012544,True,1,0,0,2
15,0,0,0.0015925494,True,15,1,0,4
18,1,1,0.9957814,True,18,1,1,3
0,1,1,0.9985859,True,0,0,0,1
1,0,0,0.25785953,True,1,0,0,2
16,1,1,0.9939193,True,16,1,1,1
21,0,0,0.36414084,True,21,1,2,2
2,1,1,0.6677905,True,2,0,0,3
5,0,0,0.20105627,True,5,0,1,2
17,0,0,0.00085496693,True,17,1,1,2
18,1,1,0.6645864,True,18,1,1,3
0,1,1,0.9940828,True,0,0,0,1
5,0,1,0.64274627,False,5,0,1,2
12,1,1,0.94641405,True,12,1,0,1
15,0,0,0.31689095,True,15,1,0,4
0,1,1,0.9986461,True,0,0,0,1
3,0,0,0.0098749865,True,3,0,0,4
16,1,1,0.99355805,True,16,1,1,1
21,0,0,0.37084845,True,21,1,2,2
8,1,1,0.75170153,True,8,0,2,1
9,0,0,0.017206974,True,9,0,2,2
12,1,1,0.7829147,True,12,1,0,1
15,0,0,0.0024610432,True,15,1,0,4
1,0,0,0.0004421794,True,1,0,0,2
10,1,0,0.1307494,False,10,0,2,3
14,1,0,0.04380682,False,14,1,0,3
23,0,0,0.0032046624,True,23,1,2,4
5,0,0,0.2938241,True,5,0,1,2
6,1,1,0.99928385,True,6,0,1,3
15,0,0,0.0016651547,True,15,1,0,4
16,1,1,0.99618936,True,16,1,1,1
1,0,0,0.25617668,True,1,0,0,2
8,1,1,0.9906881,True,8,0,2,1
18,1,1,0.9980769,True,18,1,1,3
21,0,0,0.4237813,True,21,1,2,2
1,0,0,0.037140884,True,1,0,0,2
10,1,1,0.6159121,True,10,0,2,3
19,0,0,0.010960096,True,19,1,1,4
20,1,1,0.9582763,True,20,1,2,1
6,1,1,0.99672204,True,6,0,1,3
9,0,0,0.00083690975,True,9,0,2,2
18,1,1,0.9864439,True,18,1,1,3
23,0,0,0.0014992172,True,23,1,2,4
4,1,1,0.53449714,True,4,0,1,1
7,0,0,0.0021206413,True,7,0,1,4
21,0,0,0.18233404,True,21,1,2,2
22,1,1,0.5582552,True,22,1,2,3
1,0,0,0.16674814,True,1,0,0,2
4,1,0,0.11325597,False,4,0,1,1
13,0,1,0.9508239,False,13,1,0,2
20,1,1,0.74208796,True,20,1,2,1
3,0,0,0.0012565868,True,3,0,0,4
10,1,1,0.63794327,True,10,0,2,3
20,1,1,0.95443267,True,20,1,2,1
21,0,0,0.4588089,True,21,1,2,2
1,0,0,0.24994771,True,1,0,0,2
4,1,0,0.28396714,False,4,0,1,1
21,0,0,0.14839613,True,21,1,2,2
22,1,1,0.52506804,True,22,1,2,3
1,0,0,0.02560684,True,1,0,0,2
6,1,1,0.99890995,True,6,0,1,3
14,1,1,0.5343853,True,14,1,0,3
21,0,1,0.785924,False,21,1,2,2
8,1,1,0.99569124,True,8,0,2,1
11,0,0,0.011243198,True,11,0,2,4
14,1,0,0.23904964,False,14,1,0,3
15,0,0,0.00034232772,True,15,1,0,4
1,0,0,0.10028679,True,1,0,0,2
2,1,1,0.9531989,True,2,0,0,3
19,0,0,0.0068329666,True,19,1,1,4
22,1,0,0.30944574,False,22,1,2,3
6,1,1,0.9965223,True,6,0,1,3
11,0,0,0.018385239,True,11,0,2,4
12,1,1,0.9719049,True,12,1,0,1
17,0,0,0.025435051,True,17,1,1,2
6,1,1,0.9978504,True,6,0,1,3
7,0,0,0.0013842839,True,7,0,1,4
18,1,1,0.993927,True,18,1,1,3
21,0,0,0.35829294,True,21,1,2,2
1,0,0,0.0011915847,True,1,0,0,2
2,1,1,0.98958814,True,2,0,0,3
14,1,0,0.09977977,False,14,1,0,3
23,0,0,0.094748914,True,23,1,2,4
1,0,0,0.21260421,True,1,0,0,2
2,1,1,0.9912943,True,2,0,0,3
15,0,0,0.0018646751,True,15,1,0,4
22,1,0,0.13084309,False,22,1,2,3
7,0,0,0.0012330911,True,7,0,1,4
10,1,1,0.8824625,True,10,0,2,3
16,1,1,0.99835527,True,16,1,1,1
17,0,0,0.025009893,True,17,1,1,2
5,0,0,0.21155289,True,5,0,1,2
10,1,1,0.97732663,True,10,0,2,3
21,0,0,0.29039344,True,21,1,2,2
22,1,1,0.9094876,True,22,1,2,3
0,1,1,0.9984,True,0,0,0,1
9,0,0,0.007878501,True,9,0,2,2
17,0,0,0.040503077,True,17,1,1,2
20,1,1,0.94246256,True,20,1,2,1
2,1,1,0.6101929,True,2,0,0,3
5,0,0,0.46294048,True,5,0,1,2
13,0,1,0.75029683,False,13,1,0,2
14,1,0,0.44239897,False,14,1,0,3
8,1,1,0.9628117,True,8,0,2,1
11,0,0,0.016185898,True,11,0,2,4
12,1,1,0.988401,True,12,1,0,1
17,0,0,0.03706147,True,17,1,1,2
5,0,0,0.14352694,True,5,0,1,2
6,1,1,0.9984989,True,6,0,1,3
13,0,1,0.69564235,False,13,1,0,2
22,1,0,0.15167484,False,22,1,2,3
0,1,1,0.9990348,True,0,0,0,1
5,0,0,0.4965419,True,5,0,1,2
16,1,1,0.89925265,True,16,1,1,1
23,0,0,0.0983788,True,23,1,2,4
1,0,0,0.1105838,True,1,0,0,2
6,1,1,0.8865657,True,6,0,1,3
15,0,0,0.00714298,True,15,1,0,4
16,1,1,0.98585886,True,16,1,1,1
9,0,0,0.052919645,True,9,0,2,2
10,1,1,0.86818165,True,10,0,2,3
15,0,0,0.0013336141,True,15,1,0,4
16,1,1,0.9964507,True,16,1,1,1
4,1,0,0.25820836,False,4,0,1,1
5,0,0,0.0015284794,True,5,0,1,2
17,0,0,0.012518704,True,17,1,1,2
18,1,1,0.98556936,True,18,1,1,3
0,1,1,0.9985868,True,0,0,0,1
7,0,0,0.0018845043,True,7,0,1,4
12,1,1,0.91882986,True,12,1,0,1
15,0,0,0.0071567902,True,15,1,0,4
3,0,0,1.4187297e-05,True,3,0,0,4
4,1,0,0.24930353,False,4,0,1,1
17,0,0,0.0015613426,True,17,1,1,2
20,1,1,0.88826835,True,20,1,2,1
6,1,1,0.9931136,True,6,0,1,3
11,0,0,0.017408876,True,11,0,2,4
13,0,1,0.9864283,False,13,1,0,2
20,1,1,0.5521324,True,20,1,2,1
3,0,0,0.0008281057,True,3,0,0,4
4,1,0,0.35417894,False,4,0,1,1
20,1,1,0.87326175,True,20,1,2,1
23,0,0,0.011523455,True,23,1,2,4
6,1,1,0.9956138,True,6,0,1,3
11,0,0,0.0035479837,True,11,0,2,4
13,0,1,0.87306917,False,13,1,0,2
14,1,1,0.7305234,True,14,1,0,3
6,1,1,0.9973777,True,6,0,1,3
9,0,0,0.0034994052,True,9,0,2,2
13,0,1,0.5292787,False,13,1,0,2
14,1,1,0.5602758,True,14,1,0,3
4,1,0,0.29355294,False,4,0,1,1
5,0,0,0.0016900847,True,5,0,1,2
16,1,1,0.9958358,True,16,1,1,1
19,0,0,0.014811496,True,19,1,1,4
4,1,0,0.035592683,False,4,0,1,1
9,0,0,0.00404314,True,9,0,2,2
13,0,1,0.7247038,False,13,1,0,2
20,1,1,0.70973885,True,20,1,2,1
4,1,0,0.15134215,False,4,0,1,1
9,0,0,0.0009515822,True,9,0,2,2
20,1,1,0.96887326,True,20,1,2,1
21,0,0,0.21653791,True,21,1,2,2
6,1,1,0.99689627,True,6,0,1,3
9,0,0,0.0028513318,True,9,0,2,2
13,0,1,0.65875953,False,13,1,0,2
20,1,1,0.8382467,True,20,1,2,1
2,1,1,0.9945797,True,2,0,0,3
7,0,0,0.007872654,True,7,0,1,4
21,0,0,0.1084028,True,21,1,2,2
22,1,0,0.3223987,False,22,1,2,3
5,0,0,0.41357806,True,5,0,1,2
10,1,1,0.92564243,True,10,0,2,3
12,1,1,0.9349326,True,12,1,0,1
23,0,0,0.005766859,True,23,1,2,4
1,0,0,0.23243982,True,1,0,0,2
8,1,1,0.9896848,True,8,0,2,1
12,1,1,0.9813602,True,12,1,0,1
19,0,0,0.3342623,True,19,1,1,4
0,1,1,0.99832577,True,0,0,0,1
11,0,0,0.0019543115,True,11,0,2,4
12,1,1,0.98539096,True,12,1,0,1
15,0,0,0.0018958778,True,15,1,0,4
4,1,0,0.43869263,False,4,0,1,1
9,0,0,0.040978577,True,9,0,2,2
14,1,0,0.08397384,False,14,1,0,3
23,0,0,0.03674993,True,23,1,2,4
0,1,1,0.9967192,True,0,0,0,1
7,0,0,0.0019069765,True,7,0,1,4
16,1,1,0.96086574,True,16,1,1,1
17,0,0,0.0029925331,True,17,1,1,2
5,0,0,0.31184152,True,5,0,1,2
8,1,1,0.9880179,True,8,0,2,1
13,0,1,0.9662381,False,13,1,0,2
16,1,1,0.99951565,True,16,1,1,1
2,1,1,0.9842974,True,2,0,0,3
9,0,1,0.59821844,False,9,0,2,2
15,0,0,0.14172769,True,15,1,0,4
22,1,1,0.7365882,True,22,1,2,3
0,1,1,0.9983435,True,0,0,0,1
9,0,0,0.14242229,True,9,0,2,2
18,1,1,0.9962738,True,18,1,1,3
19,0,0,0.004800221,True,19,1,1,4
1,0,0,0.3642863,True,1,0,0,2
4,1,1,0.82468164,True,4,0,1,1
16,1,1,0.9974516,True,16,1,1,1
23,0,0,0.0048851413,True,23,1,2,4
6,1,1,0.9322343,True,6,0,1,3
11,0,0,0.074355915,True,11,0,2,4
14,1,0,0.057891957,False,14,1,0,3
21,0,0,0.31317836,True,21,1,2,2
2,1,1,0.76379657,True,2,0,0,3
11,0,0,0.0038478114,True,11,0,2,4
12,1,1,0.8357542,True,12,1,0,1
23,0,0,0.0033352342,True,23,1,2,4
0,1,1,0.9990181,True,0,0,0,1
9,0,0,0.12133162,True,9,0,2,2
12,1,1,0.68772763,True,12,1,0,1
23,0,0,0.005459982,True,23,1,2,4
1,0,0,0.10381019,True,1,0,0,2
8,1,1,0.9552862,True,8,0,2,1
13,0,1,0.7104225,False,13,1,0,2
22,1,0,0.08878103,False,22,1,2,3
10,1,1,0.7506856,True,10,0,2,3
11,0,0,0.16986403,True,11,0,2,4
14,1,0,0.12995651,False,14,1,0,3
17,0,1,0.7147795,False,17,1,1,2
1,0,0,0.018078161,True,1,0,0,2
10,1,1,0.6624031,True,10,0,2,3
16,1,1,0.9990559,True,16,1,1,1
17,0,0,0.0025952589,True,17,1,1,2
0,1,1,0.9991473,True,0,0,0,1
3,0,0,0.0017060342,True,3,0,0,4
12,1,1,0.9883249,True,12,1,0,1
15,0,0,0.0023121757,True,15,1,0,4
2,1,1,0.9781332,True,2,0,0,3
11,0,0,0.0011977365,True,11,0,2,4
17,0,0,0.0073227473,True,17,1,1,2
22,1,0,0.12978916,False,22,1,2,3
8,1,1,0.9955666,True,8,0,2,1
9,0,0,0.0074251443,True,9,0,2,2
14,1,0,0.08032604,False,14,1,0,3
21,0,0,0.46498248,True,21,1,2,2
4,1,0,0.2483214,False,4,0,1,1
7,0,0,0.0014720808,True,7,0,1,4
17,0,0,0.4499325,True,17,1,1,2
20,1,1,0.87485594,True,20,1,2,1
6,1,1,0.9976641,True,6,0,1,3
7,0,0,0.010711952,True,7,0,1,4
15,0,0,0.027398225,True,15,1,0,4
16,1,1,0.99599695,True,16,1,1,1
5,0,1,0.6511035,False,5,0,1,2
8,1,1,0.99760205,True,8,0,2,1
15,0,0,0.0015904513,True,15,1,0,4
16,1,1,0.91478336,True,16,1,1,1
0,1,1,0.9997905,True,0,0,0,1
1,0,0,0.29844096,True,1,0,0,2
15,0,0,0.0026209669,True,15,1,0,4
16,1,1,0.9978831,True,16,1,1,1
5,0,0,0.4968722,True,5,0,1,2
6,1,1,0.99695504,True,6,0,1,3
14,1,0,0.11282405,False,14,1,0,3
15,0,0,0.002708755,True,15,1,0,4
6,1,1,0.9992382,True,6,0,1,3
9,0,0,0.0048653698,True,9,0,2,2
14,1,0,0.007506932,False,14,1,0,3
15,0,0,0.0006695453,True,15,1,0,4
0,1,1,0.9991552,True,0,0,0,1
5,0,0,0.25978604,True,5,0,1,2
18,1,1,0.94580126,True,18,1,1,3
23,0,0,0.012371928,True,23,1,2,4
6,1,1,0.9973541,True,6,0,1,3
11,0,0,0.00089055515,True,11,0,2,4
13,0,1,0.882106,False,13,1,0,2
18,1,1,0.9736134,True,18,1,1,3
2,1,1,0.9168336,True,2,0,0,3
7,0,0,0.0010144899,True,7,0,1,4
13,0,1,0.9952055,False,13,1,0,2
20,1,1,0.95757085,True,20,1,2,1
3,0,0,0.00068677805,True,3,0,0,4
4,1,0,0.014442472,False,4,0,1,1
15,0,0,0.0015087832,True,15,1,0,4
18,1,1,0.72409177,True,18,1,1,3
3,0,0,0.00020616612,True,3,0,0,4
10,1,1,0.9294875,True,10,0,2,3
12,1,1,0.92872703,True,12,1,0,1
15,0,0,0.0003568587,True,15,1,0,4
3,0,0,0.0011511815,True,3,0,0,4
4,1,0,0.43596992,False,4,0,1,1
17,0,0,0.008452105,True,17,1,1,2
22,1,0,0.12751952,False,22,1,2,3
8,1,1,0.9952142,True,8,0,2,1
9,0,0,0.006734341,True,9,0,2,2
12,1,1,0.99900794,True,12,1,0,1
13,0,1,0.88494974,False,13,1,0,2
2,1,1,0.82923466,True,2,0,0,3
11,0,0,0.034825534,True,11,0,2,4
16,1,1,0.996215,True,16,1,1,1
19,0,0,0.17527933,True,19,1,1,4
8,1,1,0.8093301,True,8,0,2,1
11,0,0,0.16437635,True,11,0,2,4
13,0,1,0.6667818,False,13,1,0,2
16,1,1,0.9481057,True,16,1,1,1
2,1,1,0.9278133,True,2,0,0,3
5,0,0,0.33029905,True,5,0,1,2
20,1,1,0.99454564,True,20,1,2,1
21,0,1,0.5032762,False,21,1,2,2
1,0,0,0.021258656,True,1,0,0,2
2,1,1,0.7348783,True,2,0,0,3
22,1,0,0.13704517,False,22,1,2,3
23,0,0,0.0014165903,True,23,1,2,4
7,0,0,0.060745895,True,7,0,1,4
8,1,1,0.96928793,True,8,0,2,1
22,1,0,0.3083007,False,22,1,2,3
23,0,0,0.021503724,True,23,1,2,4
3,0,0,0.121689275,True,3,0,0,4
10,1,1,0.7830908,True,10,0,2,3
13,0,1,0.99775803,False,13,1,0,2
20,1,1,0.8119802,True,20,1,2,1
1,0,0,0.3443702,True,1,0,0,2
10,1,0,0.46124417,False,10,0,2,3
18,1,1,0.9980875,True,18,1,1,3
21,0,0,0.41567624,True,21,1,2,2
6,1,1,0.9889938,True,6,0,1,3
11,0,0,0.32934782,True,11,0,2,4
16,1,1,0.76738805,True,16,1,1,1
21,0,1,0.7711369,False,21,1,2,2
6,1,1,0.99944466,True,6,0,1,3
7,0,0,0.0043268474,True,7,0,1,4
12,1,1,0.902768,True,12,1,0,1
21,0,1,0.60353106,False,21,1,2,2
2,1,1,0.9988585,True,2,0,0,3
9,0,1,0.61280805,False,9,0,2,2
16,1,1,0.806552,True,16,1,1,1
21,0,1,0.767086,False,21,1,2,2
1,0,0,0.0003499171,True,1,0,0,2
10,1,1,0.8049987,True,10,0,2,3
14,1,0,0.3142388,False,14,1,0,3
15,0,0,0.0003973794,True,15,1,0,4
2,1,1,0.9701727,True,2,0,0,3
3,0,0,0.06187784,True,3,0,0,4
13,0,1,0.99205136,False,13,1,0,2
18,1,1,0.9766243,True,18,1,1,3
8,1,1,0.96991676,True,8,0,2,1
9,0,0,0.011881217,True,9,0,2,2
20,1,1,0.9771209,True,20,1,2,1
23,0,0,0.06614843,True,23,1,2,4
7,0,0,0.09685961,True,7,0,1,4
8,1,1,0.91878766,True,8,0,2,1
16,1,1,0.99834013,True,16,1,1,1
17,0,0,0.31465608,True,17,1,1,2
6,1,1,0.99975973,True,6,0,1,3
7,0,0,0.0033665833,True,7,0,1,4
17,0,0,0.13479577,True,17,1,1,2
22,1,0,0.19240612,False,22,1,2,3
0,1,1,0.99936944,True,0,0,0,1
9,0,0,0.014827974,True,9,0,2,2
16,1,1,0.99597776,True,16,1,1,1
23,0,0,0.000933663,True,23,1,2,4
2,1,1,0.9891713,True,2,0,0,3
9,0,0,0.002539138,True,9,0,2,2
17,0,0,0.007377259,True,17,1,1,2
22,1,0,0.04380436,False,22,1,2,3
0,1,1,0.9977981,True,0,0,0,1
11,0,0,0.0012367584,True,11,0,2,4
19,0,0,0.06616653,True,19,1,1,4
20,1,1,0.9384814,True,20,1,2,1
3,0,0,0.006976665,True,3,0,0,4
10,1,1,0.78199875,True,10,0,2,3
17,0,0,0.04473459,True,17,1,1,2
18,1,1,0.9986834,True,18,1,1,3
4,1,0,0.3888326,False,4,0,1,1
5,0,0,0.00076528714,True,5,0,1,2
12,1,1,0.9625065,True,12,1,0,1
19,0,0,0.06844612,True,19,1,1,4
8,1,1,0.9795048,True,8,0,2,1
9,0,0,0.029090934,True,9,0,2,2
21,0,0,0.061383843,True,21,1,2,2
22,1,0,0.22006018,False,22,1,2,3
1,0,0,0.3898015,True,1,0,0,2
6,1,1,0.99601364,True,6,0,1,3
16,1,1,0.9949882,True,16,1,1,1
23,0,0,0.032126017,True,23,1,2,4
4,1,0,0.24896336,False,4,0,1,1
5,0,0,0.00059916836,True,5,0,1,2
15,0,0,0.00033345542,True,15,1,0,4
18,1,1,0.93213785,True,18,1,1,3
1,0,0,0.10331447,True,1,0,0,2
8,1,1,0.96264154,True,8,0,2,1
20,1,1,0.9637719,True,20,1,2,1
23,0,0,0.21068305,True,23,1,2,4
0,1,1,0.9974632,True,0,0,0,1
11,0,0,0.0008240096,True,11,0,2,4
15,0,0,0.008725398,True,15,1,0,4
20,1,1,0.8293885,True,20,1,2,1
2,1,1,0.9893675,True,2,0,0,3
7,0,0,0.01193001,True,7,0,1,4
14,1,0,0.092860095,False,14,1,0,3
23,0,0,0.032115452,True,23,1,2,4
1,0,0,0.24427386,True,1,0,0,2
4,1,0,0.49296236,False,4,0,1,1
17,0,0,0.002808368,True,17,1,1,2
20,1,1,0.9211523,True,20,1,2,1
0,1,1,0.99929535,True,0,0,0,1
5,0,0,0.19679935,True,5,0,1,2
12,1,1,0.98833865,True,12,1,0,1
21,0,1,0.50869024,False,21,1,2,2
2,1,1,0.8404609,True,2,0,0,3
9,0,0,0.23542167,True,9,0,2,2
12,1,1,0.9879299,True,12,1,0,1
17,0,0,0.03585903,True,17,1,1,2
9,0,0,0.09727393,True,9,0,2,2
10,1,1,0.9865258,True,10,0,2,3
16,1,1,0.96438086,True,16,1,1,1
19,0,0,0.005634139,True,19,1,1,4
2,1,1,0.9927408,True,2,0,0,3
11,0,0,0.013409674,True,11,0,2,4
14,1,0,0.24911267,False,14,1,0,3
23,0,0,0.045400582,True,23,1,2,4
9,0,0,0.4728928,True,9,0,2,2
10,1,1,0.96333516,True,10,0,2,3
17,0,0,0.35686415,True,17,1,1,2
18,1,1,0.9936998,True,18,1,1,3
7,0,0,0.0028399609,True,7,0,1,4
8,1,1,0.97292924,True,8,0,2,1
12,1,1,0.89119333,True,12,1,0,1
23,0,0,0.046236336,True,23,1,2,4
8,1,1,0.9900248,True,8,0,2,1
9,0,0,0.015421485,True,9,0,2,2
17,0,0,0.025404638,True,17,1,1,2
18,1,1,0.9926696,True,18,1,1,3
3,0,0,0.0045146914,True,3,0,0,4
10,1,0,0.27754313,False,10,0,2,3
12,1,1,0.9704224,True,12,1,0,1
17,0,0,0.011329107,True,17,1,1,2
4,1,0,0.22055613,False,4,0,1,1
7,0,0,0.002272421,True,7,0,1,4
17,0,0,0.001792758,True,17,1,1,2
18,1,1,0.7005584,True,18,1,1,3
3,0,0,0.0029712217,True,3,0,0,4
4,1,1,0.6900424,True,4,0,1,1
15,0,0,0.0009897619,True,15,1,0,4
22,1,0,0.15344325,False,22,1,2,3
2,1,1,0.8157965,True,2,0,0,3
5,0,0,0.25898543,True,5,0,1,2
22,1,0,0.037890956,False,22,1,2,3
23,0,0,0.0010213627,True,23,1,2,4
0,1,1,0.9974503,True,0,0,0,1
5,0,0,0.4578889,True,5,0,1,2
18,1,1,0.97373843,True,18,1,1,3
19,0,0,0.02134776,True,19,1,1,4
6,1,1,0.9991629,True,6,0,1,3
11,0,0,0.018419491,True,11,0,2,4
21,0,1,0.61070985,False,21,1,2,2
22,1,1,0.7796456,True,22,1,2,3
8,1,1,0.9787739,True,8,0,2,1
9,0,0,0.090469055,True,9,0,2,2
16,1,1,0.9972755,True,16,1,1,1
17,0,0,0.004339391,True,17,1,1,2
6,1,1,0.99840873,True,6,0,1,3
11,0,0,0.021391105,True,11,0,2,4
13,0,1,0.979735,False,13,1,0,2
16,1,1,0.99819475,True,16,1,1,1
6,1,1,0.9902893,True,6,0,1,3
7,0,0,0.005568175,True,7,0,1,4
14,1,0,0.15097287,False,14,1,0,3
15,0,0,0.006144519,True,15,1,0,4
4,1,0,0.11259148,False,4,0,1,1
7,0,0,0.00046918736,True,7,0,1,4
13,0,1,0.95096093,False,13,1,0,2
20,1,0,0.30151668,False,20,1,2,1
0,1,1,0.9996969,True,0,0,0,1
1,0,0,0.120341584,True,1,0,0,2
17,0,0,0.017378073,True,17,1,1,2
22,1,0,0.38762838,False,22,1,2,3
2,1,1,0.9684032,True,2,0,0,3
9,0,0,0.014751329,True,9,0,2,2
12,1,1,0.8535302,True,12,1,0,1
21,0,0,0.2683531,True,21,1,2,2
1,0,0,0.00068232947,True,1,0,0,2
6,1,1,0.924208,True,6,0,1,3
15,0,0,0.00020620502,True,15,1,0,4
18,1,0,0.4974632,False,18,1,1,3
1,0,0,0.0010161382,True,1,0,0,2
4,1,0,0.21945769,False,4,0,1,1
14,1,0,0.12484843,False,14,1,0,3
17,0,0,0.08473395,True,17,1,1,2
4,1,0,0.21816069,False,4,0,1,1
11,0,0,0.0022977567,True,11,0,2,4
18,1,1,0.9243555,True,18,1,1,3
19,0,0,0.057401612,True,19,1,1,4
4,1,0,0.01587796,False,4,0,1,1
11,0,0,0.0099846115,True,11,0,2,4
13,0,0,0.20870338,True,13,1,0,2
22,1,0,0.3398615,False,22,1,2,3
2,1,1,0.97488594,True,2,0,0,3
11,0,0,0.0062785465,True,11,0,2,4
17,0,0,0.0040796874,True,17,1,1,2
18,1,1,0.99766564,True,18,1,1,3
1,0,1,0.60021985,False,1,0,0,2
4,1,1,0.5048184,True,4,0,1,1
17,0,0,0.040232334,True,17,1,1,2
18,1,1,0.9516198,True,18,1,1,3
0,1,1,0.9996812,True,0,0,0,1
5,0,1,0.61945647,False,5,0,1,2
14,1,0,0.07150692,False,14,1,0,3
19,0,0,0.03340847,True,19,1,1,4
5,0,0,0.08787068,True,5,0,1,2
10,1,1,0.9154858,True,10,0,2,3
20,1,1,0.95887274,True,20,1,2,1
23,0,0,0.006095652,True,23,1,2,4
6,1,1,0.9992832,True,6,0,1,3
9,0,0,0.009052336,True,9,0,2,2
20,1,1,0.9940816,True,20,1,2,1
21,0,1,0.7300569,False,21,1,2,2
10,1,0,0.48230323,False,10,0,2,3
11,0,0,0.0015137948,True,11,0,2,4
12,1,1,0.9530033,True,12,1,0,1
21,0,0,0.47988784,True,21,1,2,2
2,1,1,0.9411351,True,2,0,0,3
5,0,0,0.20702359,True,5,0,1,2
18,1,1,0.9806689,True,18,1,1,3
23,0,0,0.0037168134,True,23,1,2,4
1,0,0,0.0013908567,True,1,0,0,2
8,1,1,0.988132,True,8,0,2,1
14,1,0,0.025941089,False,14,1,0,3
19,0,0,0.21896797,True,19,1,1,4
1,0,0,0.21942991,True,1,0,0,2
4,1,0,0.41071978,False,4,0,1,1
13,0,1,0.9355734,False,13,1,0,2
18,1,1,0.9634284,True,18,1,1,3
8,1,1,0.8346032,True,8,0,2,1
11,0,0,0.0010894729,True,11,0,2,4
17,0,0,0.0013232467,True,17,1,1,2
22,1,0,0.103133164,False,22,1,2,3
5,0,0,0.21749677,True,5,0,1,2
6,1,1,0.9986573,True,6,0,1,3
12,1,1,0.85962063,True,12,1,0,1
15,0,0,0.0013381529,True,15,1,0,4
0,1,1,0.9988353,True,0,0,0,1
5,0,0,0.17902501,True,5,0,1,2
21,0,0,0.06986648,True,21,1,2,2
22,1,0,0.24347834,False,22,1,2,3
3,0,0,0.0020423094,True,3,0,0,4
10,1,0,0.31068626,False,10,0,2,3
13,0,1,0.7897185,False,13,1,0,2
22,1,0,0.13553697,False,22,1,2,3
1,0,0,0.1637204,True,1,0,0,2
8,1,1,0.992334,True,8,0,2,1
13,0,1,0.98527324,False,13,1,0,2
20,1,1,0.75874436,True,20,1,2,1
4,1,0,0.2409114,False,4,0,1,1
5,0,0,0.0029766029,True,5,0,1,2
20,1,1,0.9620538,True,20,1,2,1
23,0,0,0.13061443,True,23,1,2,4
5,0,0,0.009030361,True,5,0,1,2
6,1,1,0.9994507,True,6,0,1,3
14,1,0,0.205279,False,14,1,0,3
21,0,1,0.5386805,False,21,1,2,2
0,1,1,0.9989938,True,0,0,0,1
5,0,0,0.10807531,True,5,0,1,2
19,0,0,0.010294565,True,19,1,1,4
22,1,0,0.12492834,False,22,1,2,3
2,1,1,0.9435602,True,2,0,0,3
3,0,0,0.0030177042,True,3,0,0,4
16,1,1,0.99125177,True,16,1,1,1
17,0,0,0.027064301,True,17,1,1,2
7,0,0,0.0042357426,True,7,0,1,4
10,1,1,0.89288217,True,10,0,2,3
16,1,1,0.9949529,True,16,1,1,1
23,0,0,0.0014173592,True,23,1,2,4
7,0,0,0.0024315263,True,7,0,1,4
8,1,1,0.97731835,True,8,0,2,1
13,0,0,0.4555791,True,13,1,0,2
14,1,1,0.5323153,True,14,1,0,3
7,0,0,0.006185404,True,7,0,1,4
10,1,0,0.23896776,False,10,0,2,3
14,1,0,0.097390905,False,14,1,0,3
19,0,0,0.066650786,True,19,1,1,4
0,1,1,0.99862564,True,0,0,0,1
3,0,0,0.00126135,True,3,0,0,4
12,1,1,0.96694624,True,12,1,0,1
19,0,0,0.04001398,True,19,1,1,4
2,1,1,0.93215245,True,2,0,0,3
7,0,0,0.0021954186,True,7,0,1,4
16,1,1,0.9973981,True,16,1,1,1
19,0,0,0.037045687,True,19,1,1,4
5,0,0,0.24152397,True,5,0,1,2
8,1,1,0.98595,True,8,0,2,1
15,0,0,0.00086371176,True,15,1,0,4
20,1,1,0.80135715,True,20,1,2,1
4,1,0,0.34571722,False,4,0,1,1
5,0,0,0.0008095039,True,5,0,1,2
18,1,1,0.9655125,True,18,1,1,3
19,0,0,0.005139544,True,19,1,1,4
0,1,1,0.99953616,True,0,0,0,1
11,0,0,0.0018500163,True,11,0,2,4
14,1,0,0.10948135,False,14,1,0,3
19,0,0,0.0067690825,True,19,1,1,4
1,0,0,0.3779312,True,1,0,0,2
10,1,1,0.9056307,True,10,0,2,3
15,0,0,0.0008556386,True,15,1,0,4
22,1,0,0.07745534,False,22,1,2,3
5,0,0,0.25535798,True,5,0,1,2
6,1,1,0.9997472,True,6,0,1,3
13,0,1,0.973386,False,13,1,0,2
16,1,1,0.99961257,True,16,1,1,1
0,1,1,0.99941206,True,0,0,0,1
1,0,0,0.20066157,True,1,0,0,2
12,1,1,0.9492751,True,12,1,0,1
23,0,0,0.04158789,True,23,1,2,4
1,0,0,0.0010439571,True,1,0,0,2
4,1,0,0.12566169,False,4,0,1,1
14,1,0,0.005986343,False,14,1,0,3
21,0,0,0.4054941,True,21,1,2,2
6,1,1,0.99872637,True,6,0,1,3
11,0,0,0.0024781502,True,11,0,2,4
19,0,0,0.10495632,True,19,1,1,4
22,1,0,0.13734707,False,22,1,2,3
1,0,0,0.18289949,True,1,0,0,2
8,1,1,0.9929823,True,8,0,2,1
16,1,1,0.9987315,True,16,1,1,1
17,0,0,0.008675665,True,17,1,1,2
3,0,0,0.001003627,True,3,0,0,4
10,1,1,0.5453922,True,10,0,2,3
18,1,1,0.9846836,True,18,1,1,3
21,0,0,0.23263521,True,21,1,2,2
7,0,0,0.0032827721,True,7,0,1,4
10,1,0,0.25491667,False,10,0,2,3
13,0,1,0.8964263,False,13,1,0,2
14,1,1,0.85535026,True,14,1,0,3
6,1,1,0.9937799,True,6,0,1,3
11,0,0,0.0036375877,True,11,0,2,4
18,1,1,0.99286705,True,18,1,1,3
23,0,0,0.017892078,True,23,1,2,4
3,0,0,0.0006431204,True,3,0,0,4
10,1,1,0.8993957,True,10,0,2,3
15,0,0,0.0010208691,True,15,1,0,4
22,1,0,0.1482974,False,22,1,2,3
2,1,1,0.75470775,True,2,0,0,3
5,0,0,0.27624887,True,5,0,1,2
15,0,0,0.0017961566,True,15,1,0,4
16,1,1,0.99826443,True,16,1,1,1
9,0,0,0.23832259,True,9,0,2,2
10,1,1,0.80873245,True,10,0,2,3
16,1,1,0.9770803,True,16,1,1,1
17,0,0,0.09734489,True,17,1,1,2
3,0,0,0.0011552761,True,3,0,0,4
6,1,1,0.9984195,True,6,0,1,3
21,0,0,0.24109289,True,21,1,2,2
22,1,1,0.8258607,True,22,1,2,3
7,0,0,0.0027301752,True,7,0,1,4
8,1,1,0.9754963,True,8,0,2,1
17,0,0,0.01925308,True,17,1,1,2
20,1,1,0.92867774,True,20,1,2,1
1,0,0,0.028528107,True,1,0,0,2
6,1,1,0.9985652,True,6,0,1,3
13,0,1,0.90346026,False,13,1,0,2
14,1,1,0.9036291,True,14,1,0,3
3,0,0,0.007408589,True,3,0,0,4
10,1,0,0.25418904,False,10,0,2,3
15,0,0,0.0010061244,True,15,1,0,4
18,1,1,0.97913224,True,18,1,1,3
2,1,1,0.8911088,True,2,0,0,3
7,0,0,0.0046297396,True,7,0,1,4
12,1,1,0.8937098,True,12,1,0,1
23,0,0,0.007458624,True,23,1,2,4
2,1,1,0.9728873,True,2,0,0,3
3,0,0,0.0057900045,True,3,0,0,4
19,0,0,0.21498811,True,19,1,1,4
20,1,1,0.938892,True,20,1,2,1
2,1,1,0.8654606,True,2,0,0,3
3,0,0,0.025214816,True,3,0,0,4
15,0,0,0.0008948328,True,15,1,0,4
20,1,1,0.9733442,True,20,1,2,1
3,0,0,0.019845195,True,3,0,0,4
8,1,1,0.6279407,True,8,0,2,1
15,0,0,0.017938927,True,15,1,0,4
18,1,1,0.9579951,True,18,1,1,3
2,1,1,0.8386818,True,2,0,0,3
7,0,0,0.0008852934,True,7,0,1,4
15,0,0,0.0017065206,True,15,1,0,4
20,1,1,0.91095376,True,20,1,2,1
10,1,1,0.5598065,True,10,0,2,3
11,0,0,0.00373522,True,11,0,2,4
13,0,1,0.88317794,False,13,1,0,2
14,1,1,0.7768554,True,14,1,0,3
7,0,0,0.0057049203,True,7,0,1,4
10,1,1,0.53815114,True,10,0,2,3
18,1,1,0.99444836,True,18,1,1,3
23,0,0,0.017455986,True,23,1,2,4
0,1,1,0.998297,True,0,0,0,1
3,0,0,0.0021544176,True,3,0,0,4
20,1,1,0.8381634,True,20,1,2,1
23,0,0,0.0028111122,True,23,1,2,4
10,1,1,0.78401846,True,10,0,2,3
11,0,0,0.002819392,True,11,0,2,4
18,1,1,0.99791616,True,18,1,1,3
21,0,1,0.5941024,False,21,1,2,2
1,0,0,0.057368256,True,1,0,0,2
10,1,0,0.24620193,False,10,0,2,3
15,0,0,0.00055305153,True,15,1,0,4
16,1,1,0.9911203,True,16,1,1,1
2,1,1,0.90221524,True,2,0,0,3
11,0,0,0.032048494,True,11,0,2,4
16,1,1,0.92323834,True,16,1,1,1
17,0,0,0.003847979,True,17,1,1,2
3,0,0,0.008531118,True,3,0,0,4
6,1,1,0.9988148,True,6,0,1,3
12,1,1,0.984941,True,12,1,0,1
23,0,0,0.40449873,True,23,1,2,4
0,1,1,0.999012,True,0,0,0,1
9,0,0,0.08512536,True,9,0,2,2
19,0,0,0.048723686,True,19,1,1,4
22,1,0,0.29156125,False,22,1,2,3
4,1,0,0.026586387,False,4,0,1,1
5,0,0,0.0010788967,True,5,0,1,2
13,0,1,0.7074487,False,13,1,0,2
22,1,1,0.79341227,True,22,1,2,3
0,1,1,0.9986281,True,0,0,0,1
7,0,0,0.0032712857,True,7,0,1,4
14,1,0,0.03276319,False,14,1,0,3
19,0,0,0.06338505,True,19,1,1,4
2,1,1,0.8163694,True,2,0,0,3
9,0,0,0.043749034,True,9,0,2,2
13,0,1,0.9144842,False,13,1,0,2
16,1,1,0.9924894,True,16,1,1,1
8,1,1,0.943287,True,8,0,2,1
9,0,0,0.13427752,True,9,0,2,2
17,0,0,0.023516443,True,17,1,1,2
20,1,1,0.977563,True,20,1,2,1
4,1,0,0.4428643,False,4,0,1,1
11,0,0,0.003032716,True,11,0,2,4
16,1,1,0.8815372,True,16,1,1,1
21,0,1,0.59231496,False,21,1,2,2
6,1,1,0.9978487,True,6,0,1,3
9,0,0,0.0039634393,True,9,0,2,2
20,1,1,0.8086301,True,20,1,2,1
23,0,0,0.0008887527,True,23,1,2,4
1,0,0,0.11501211,True,1,0,0,2
6,1,1,0.99535763,True,6,0,1,3
18,1,1,0.98969203,True,18,1,1,3
19,0,0,0.00071546953,True,19,1,1,4
0,1,1,0.9990961,True,0,0,0,1
3,0,0,0.0040419954,True,3,0,0,4
19,0,0,0.018642265,True,19,1,1,4
20,1,1,0.79704237,True,20,1,2,1
5,0,0,0.36305553,True,5,0,1,2
6,1,1,0.99862784,True,6,0,1,3
16,1,1,0.9771217,True,16,1,1,1
19,0,0,0.12623215,True,19,1,1,4
5,0,0,0.43456155,True,5,0,1,2
8,1,1,0.9927305,True,8,0,2,1
16,1,1,0.9936273,True,16,1,1,1
19,0,0,0.09845228,True,19,1,1,4
8,1,1,0.8936162,True,8,0,2,1
9,0,0,0.012756141,True,9,0,2,2
16,1,1,0.76306444,True,16,1,1,1
23,0,0,0.0033223613,True,23,1,2,4
0,1,1,0.99804497,True,0,0,0,1
3,0,0,0.07760416,True,3,0,0,4
13,0,1,0.66159004,False,13,1,0,2
14,1,1,0.60863614,True,14,1,0,3
0,1,1,0.9996271,True,0,0,0,1
9,0,0,0.0127244815,True,9,0,2,2
18,1,1,0.9888556,True,18,1,1,3
23,0,0,0.08664717,True,23,1,2,4
6,1,1,0.9983524,True,6,0,1,3
9,0,0,0.030131824,True,9,0,2,2
16,1,1,0.9949903,True,16,1,1,1
23,0,0,0.0041158274,True,23,1,2,4
1,0,0,0.029331088,True,1,0,0,2
10,1,1,0.9719612,True,10,0,2,3
17,0,0,0.0027614178,True,17,1,1,2
18,1,1,0.93676126,True,18,1,1,3
2,1,1,0.7713414,True,2,0,0,3
5,0,0,0.3469249,True,5,0,1,2
15,0,0,0.0023452772,True,15,1,0,4
20,1,1,0.8984934,True,20,1,2,1
2,1,0,0.23050493,False,2,0,0,3
5,0,0,0.1755935,True,5,0,1,2
14,1,0,0.38687226,False,14,1,0,3
17,0,0,0.16622964,True,17,1,1,2
3,0,0,0.0009784859,True,3,0,0,4
4,1,0,0.17523843,False,4,0,1,1
18,1,1,0.919514,True,18,1,1,3
21,0,0,0.41210824,True,21,1,2,2
4,1,1,0.9064471,True,4,0,1,1
7,0,0,0.0028602479,True,7,0,1,4
12,1,1,0.9559821,True,12,1,0,1
19,0,0,0.119895354,True,19,1,1,4
4,1,0,0.21008347,False,4,0,1,1
11,0,0,0.018199835,True,11,0,2,4
20,1,1,0.8815998,True,20,1,2,1
23,0,0,0.16584663,True,23,1,2,4
2,1,1,0.65038943,True,2,0,0,3
5,0,1,0.89150304,False,5,0,1,2
12,1,1,0.9489622,True,12,1,0,1
17,0,1,0.513954,False,17,1,1,2
4,1,0,0.11536673,False,4,0,1,1
11,0,0,0.008601485,True,11,0,2,4
12,1,1,0.99197197,True,12,1,0,1
23,0,0,0.009440406,True,23,1,2,4
6,1,1,0.9988898,True,6,0,1,3
7,0,0,0.0010497945,True,7,0,1,4
18,1,1,0.9970369,True,18,1,1,3
23,0,0,0.02064786,True,23,1,2,4
3,0,0,0.003946757,True,3,0,0,4
8,1,1,0.9973655,True,8,0,2,1
14,1,0,0.071535304,False,14,1,0,3
21,0,1,0.60516423,False,21,1,2,2
0,1,1,0.9990728,True,0,0,0,1
11,0,0,0.0013169283,True,11,0,2,4
17,0,0,0.05846432,True,17,1,1,2
22,1,0,0.12356251,False,22,1,2,3
7,0,0,0.0015023407,True,7,0,1,4
8,1,1,0.9919901,True,8,0,2,1
14,1,0,0.05787062,False,14,1,0,3
15,0,0,0.0004875811,True,15,1,0,4
4,1,1,0.65465546,True,4,0,1,1
7,0,0,0.0012620011,True,7,0,1,4
16,1,1,0.9963547,True,16,1,1,1
19,0,0,0.08301716,True,19,1,1,4
8,1,1,0.9409538,True,8,0,2,1
11,0,0,0.006226797,True,11,0,2,4
16,1,1,0.9979912,True,16,1,1,1
17,0,0,0.004693602,True,17,1,1,2
1,0,0,0.008492652,True,1,0,0,2
6,1,1,0.9983017,True,6,0,1,3
13,0,1,0.94473815,False,13,1,0,2
20,1,1,0.9065752,True,20,1,2,1
2,1,1,0.89979166,True,2,0,0,3
5,0,0,0.42943728,True,5,0,1,2
20,1,1,0.95881027,True,20,1,2,1
23,0,0,0.017899051,True,23,1,2,4
1,0,0,0.13613385,True,1,0,0,2
10,1,0,0.2153502,False,10,0,2,3
12,1,1,0.7071885,True,12,1,0,1
15,0,0,0.0034543523,True,15,1,0,4
4,1,0,0.1728742,False,4,0,1,1
5,0,0,0.00049369485,True,5,0,1,2
15,0,0,0.0012526726,True,15,1,0,4
22,1,0,0.06357487,False,22,1,2,3
8,1,1,0.77097344,True,8,0,2,1
9,0,0,0.03091155,True,9,0,2,2
15,0,0,0.00066429196,True,15,1,0,4
22,1,0,0.015395349,False,22,1,2,3
1,0,0,0.3390527,True,1,0,0,2
4,1,0,0.42558473,False,4,0,1,1
12,1,1,0.9987441,True,12,1,0,1
13,0,1,0.98800933,False,13,1,0,2
6,1,1,0.9980837,True,6,0,1,3
11,0,0,0.088237196,True,11,0,2,4
12,1,1,0.99867517,True,12,1,0,1
13,0,1,0.99335015,False,13,1,0,2
4,1,0,0.18280518,False,4,0,1,1
11,0,0,0.009590149,True,11,0,2,4
14,1,0,0.03011025,False,14,1,0,3
19,0,0,0.12496412,True,19,1,1,4
5,0,1,0.83586216,False,5,0,1,2
10,1,1,0.97736925,True,10,0,2,3
14,1,0,0.4421969,False,14,1,0,3
19,0,0,0.055270933,True,19,1,1,4
2,1,1,0.9940465,True,2,0,0,3
3,0,0,0.0006696398,True,3,0,0,4
22,1,0,0.12303642,False,22,1,2,3
23,0,0,0.0012092066,True,23,1,2,4
1,0,0,0.15275377,True,1,0,0,2
4,1,0,0.09894388,False,4,0,1,1
15,0,0,0.00053222553,True,15,1,0,4
18,1,1,0.9258743,True,18,1,1,3
8,1,1,0.9819445,True,8,0,2,1
9,0,0,0.1848832,True,9,0,2,2
12,1,1,0.8531158,True,12,1,0,1
23,0,0,0.010113921,True,23,1,2,4
4,1,0,0.06954818,False,4,0,1,1
5,0,0,0.0038396171,True,5,0,1,2
13,0,1,0.888824,False,13,1,0,2
20,1,1,0.7642694,True,20,1,2,1
2,1,1,0.85855937,True,2,0,0,3
5,0,0,0.48653415,True,5,0,1,2
13,0,1,0.7454918,False,13,1,0,2
16,1,1,0.998724,True,16,1,1,1
5,0,0,0.23780501,True,5,0,1,2
6,1,1,0.9994726,True,6,0,1,3
17,0,0,0.0034406625,True,17,1,1,2
22,1,0,0.12947518,False,22,1,2,3
4,1,0,0.29920778,False,4,0,1,1
11,0,0,0.02171997,True,11,0,2,4
14,1,0,0.05156791,False,14,1,0,3
21,0,0,0.40837863,True,21,1,2,2
7,0,0,0.0013974631,True,7,0,1,4
8,1,1,0.95141196,True,8,0,2,1
18,1,1,0.99077827,True,18,1,1,3
23,0,0,0.0018565243,True,23,1,2,4
7,0,0,0.0036232397,True,7,0,1,4
10,1,1,0.5151841,True,10,0,2,3
15,0,0,0.0029377278,True,15,1,0,4
22,1,0,0.13515371,False,22,1,2,3
0,1,1,0.9993013,True,0,0,0,1
1,0,0,0.13627648,True,1,0,0,2
21,0,0,0.12034767,True,21,1,2,2
22,1,1,0.51591414,True,22,1,2,3
2,1,1,0.9878154,True,2,0,0,3
3,0,0,0.0061279926,True,3,0,0,4
21,0,0,0.3372366,True,21,1,2,2
22,1,1,0.8023232,True,22,1,2,3
2,1,1,0.77849376,True,2,0,0,3
5,0,0,0.4904288,True,5,0,1,2
17,0,0,0.00963046,True,17,1,1,2
20,1,1,0.7665831,True,20,1,2,1
2,1,1,0.6332311,True,2,0,0,3
7,0,0,0.0017730169,True,7,0,1,4
14,1,0,0.17485383,False,14,1,0,3
19,0,0,0.015581573,True,19,1,1,4
0,1,1,0.99161446,True,0,0,0,1
11,0,0,0.026432673,True,11,0,2,4
12,1,1,0.8298912,True,12,1,0,1
17,0,0,0.0048836316,True,17,1,1,2
0,1,1,0.9990424,True,0,0,0,1
3,0,0,0.025304059,True,3,0,0,4
15,0,0,0.008153159,True,15,1,0,4
16,1,1,0.99935484,True,16,1,1,1
0,1,1,0.99864554,True,0,0,0,1
5,0,0,0.013824295,True,5,0,1,2
13,0,1,0.86665773,False,13,1,0,2
22,1,0,0.15126213,False,22,1,2,3
3,0,0,0.0029186972,True,3,0,0,4
6,1,1,0.9928818,True,6,0,1,3
12,1,1,0.95559186,True,12,1,0,1
19,0,0,0.009650975,True,19,1,1,4
0,1,1,0.99910533,True,0,0,0,1
3,0,0,0.0034651957,True,3,0,0,4
12,1,1,0.907083,True,12,1,0,1
23,0,0,0.10467662,True,23,1,2,4
2,1,1,0.9549244,True,2,0,0,3
3,0,0,0.0013462001,True,3,0,0,4
18,1,1,0.9952995,True,18,1,1,3
23,0,0,0.01591754,True,23,1,2,4
1,0,0,0.21402848,True,1,0,0,2
6,1,1,0.9687553,True,6,0,1,3
19,0,0,0.09703481,True,19,1,1,4
20,1,1,0.7655004,True,20,1,2,1
3,0,0,0.016029965,True,3,0,0,4
10,1,1,0.5593554,True,10,0,2,3
18,1,1,0.99669623,True,18,1,1,3
19,0,0,0.06385064,True,19,1,1,4
5,0,0,0.37105554,True,5,0,1,2
6,1,1,0.9896042,True,6,0,1,3
20,1,1,0.91774976,True,20,1,2,1
23,0,0,0.40319142,True,23,1,2,4
3,0,0,0.11127726,True,3,0,0,4
8,1,1,0.9965514,True,8,0,2,1
14,1,0,0.1597956,False,14,1,0,3
17,0,0,0.10695938,True,17,1,1,2
1,0,0,0.120922275,True,1,0,0,2
4,1,1,0.66804856,True,4,0,1,1
12,1,1,0.8360203,True,12,1,0,1
23,0,0,0.0038178405,True,23,1,2,4
3,0,0,0.0026620128,True,3,0,0,4
4,1,0,0.2550145,False,4,0,1,1
18,1,1,0.5182692,True,18,1,1,3
23,0,0,0.0057187686,True,23,1,2,4
0,1,1,0.99955976,True,0,0,0,1
7,0,0,0.0035614453,True,7,0,1,4
19,0,0,0.04466392,True,19,1,1,4
22,1,0,0.12200643,False,22,1,2,3
3,0,0,0.00040979762,True,3,0,0,4
6,1,1,0.9981856,True,6,0,1,3
18,1,1,0.982245,True,18,1,1,3
21,0,1,0.90420544,False,21,1,2,2
7,0,0,0.000881197,True,7,0,1,4
8,1,1,0.938704,True,8,0,2,1
12,1,1,0.9778513,True,12,1,0,1
15,0,0,0.0017051634,True,15,1,0,4
