set_id,subject,exercise,set_nr,focus,repeat,pred,score,correct
2,0,0,3,1,0,1,0.7501727618297582,True
11,0,2,4,0,0,0,-0.4247607602757902,True
12,1,0,1,1,0,1,0.033982531548880146,True
13,1,0,2,0,0,0,-0.7596769216832124,True
10,0,2,3,1,1,1,0.4801827297598098,True
9,0,2,2,0,1,0,-0.7018932627979828,True
16,1,1,1,1,1,0,-0.28698835072644324,False
21,1,2,2,0,1,0,-0.22572764397800008,True
4,0,1,1,1,2,0,-0.6178524908493437,False
3,0,0,4,0,2,0,-1.509363855395754,True
12,1,0,1,1,2,0,-0.09536184039739325,False
21,1,2,2,0,2,0,-0.3815792692183104,True
0,0,0,1,1,3,1,1.0987905571290275,True
7,0,1,4,0,3,0,-0.45963540060639374,True
18,1,1,3,1,3,1,1.0540286745294924,True
15,1,0,4,0,3,0,-0.791874926525021,True
2,0,0,3,1,4,1,1.1516857439974955,True
5,0,1,2,0,4,0,-1.0260265660613743,True
12,1,0,1,1,4,0,-0.19559373735363011,False
15,1,0,4,0,4,0,-0.379658514340332,True
4,0,1,1,1,5,0,-0.5337136797172857,False
1,0,0,2,0,5,0,-0.04268218926384475,True
18,1,1,3,1,5,1,0.6966352889089924,True
19,1,1,4,0,5,0,-1.125639785719148,True
8,0,2,1,1,6,1,0.5301499914059091,True
1,0,0,2,0,6,0,-0.08691724475597612,True
16,1,1,1,1,6,0,-0.5280891718584799,False
19,1,1,4,0,6,0,-1.206220506555737,True
2,0,0,3,1,7,1,0.1379134579655965,True
5,0,1,2,0,7,0,-1.362063172379895,True
18,1,1,3,1,7,1,0.9255417608645138,True
19,1,1,4,0,7,0,-1.1896778073243623,True
4,0,1,1,1,8,0,-0.6683698325875158,False
7,0,1,4,0,8,0,-0.8564024889196153,True
14,1,0,3,1,8,1,0.7354886136509193,True
21,1,2,2,0,8,0,-0.4265682843487017,True
6,0,1,3,1,9,1,1.2249250469293222,True
11,0,2,4,0,9,0,-0.5662901309022035,True
14,1,0,3,1,9,0,-0.0044076972021740435,False
23,1,2,4,0,9,0,-0.804746724098002,True
6,0,1,3,1,10,1,0.998000516322777,True
9,0,2,2,0,10,0,-0.39290104869743797,True
18,1,1,3,1,10,1,0.7614962690162319,True
21,1,2,2,0,10,0,-0.3484092251248369,True
2,0,0,3,1,11,1,0.9755796907841192,True
1,0,0,2,0,11,0,-0.07443019379140486,True
18,1,1,3,1,11,1,0.9955359545211777,True
21,1,2,2,0,11,0,-0.5586860214471085,True
0,0,0,1,1,12,1,0.7333350252417181,True
9,0,2,2,0,12,0,-0.6479502732857647,True
12,1,0,1,1,12,1,0.04642194952029025,True
21,1,2,2,0,12,0,-0.4949904042057291,True
2,0,0,3,1,13,1,0.9089001672544498,True
9,0,2,2,0,13,0,-0.10149639120390985,True
22,1,2,3,1,13,1,0.14976712479359156,True
21,1,2,2,0,13,0,-0.37246531308077524,True
10,0,2,3,1,14,1,0.6723302519606054,True
1,0,0,2,0,14,1,0.2098649907584505,False
22,1,2,3,1,14,1,0.3670623136836873,True
19,1,1,4,0,14,0,-1.2407153085710605,True
2,0,0,3,1,15,1,0.7935977042297162,True
1,0,0,2,0,15,1,0.10500493418223278,False
18,1,1,3,1,15,1,1.0735787269833563,True
19,1,1,4,0,15,0,-0.9662827615974046,True
4,0,1,1,1,16,0,-0.5403111898569624,False
3,0,0,4,0,16,0,-0.8430415467575971,True
20,1,2,1,1,16,0,-0.11921557556747442,False
19,1,1,4,0,16,0,-1.4377919404465065,True
4,0,1,1,1,17,1,0.34233537101737904,True
11,0,2,4,0,17,0,-0.7430214034934257,True
22,1,2,3,1,17,1,0.15594578209996984,True
15,1,0,4,0,17,0,-0.9889831572913967,True
6,0,1,3,1,18,1,1.6972741683216448,True
1,0,0,2,0,18,1,0.16982275651725148,False
20,1,2,1,1,18,1,0.20383577947544934,True
23,1,2,4,0,18,0,-0.6714230721029981,True
4,0,1,1,1,19,0,-0.3190364102414637,False
7,0,1,4,0,19,0,-0.8216086727640005,True
12,1,0,1,1,19,0,-0.1457003103823126,False
17,1,1,2,0,19,0,-0.1568577688756411,True
8,0,2,1,1,20,0,-0.047493835702771325,False
7,0,1,4,0,20,0,-0.08910773249240578,True
22,1,2,3,1,20,0,-0.17188498169134647,False
13,1,0,2,0,20,0,-0.47782968416760696,True
4,0,1,1,1,21,0,-0.6146569035380347,False
9,0,2,2,0,21,0,-0.39754259433493727,True
18,1,1,3,1,21,1,0.3192905622936087,True
15,1,0,4,0,21,0,-1.1269126627497554,True
10,0,2,3,1,22,1,0.2694053590889716,True
3,0,0,4,0,22,0,-0.846987666421293,True
12,1,0,1,1,22,1,0.12192836999227225,True
23,1,2,4,0,22,0,-1.0069000839502562,True
6,0,1,3,1,23,1,1.3319347900811023,True
11,0,2,4,0,23,0,-0.6231244889541881,True
18,1,1,3,1,23,1,1.2224087131814718,True
17,1,1,2,0,23,0,-0.13146706618085713,True
0,0,0,1,1,24,1,0.9129261834471043,True
7,0,1,4,0,24,0,-0.7471590477768659,True
20,1,2,1,1,24,1,0.21876874323684084,True
17,1,1,2,0,24,0,-0.02856804198975113,True
4,0,1,1,1,25,0,-0.6340579930425473,False
11,0,2,4,0,25,0,-0.646930341121987,True
20,1,2,1,1,25,1,0.16115223864809267,True
19,1,1,4,0,25,0,-1.407582886452672,True
0,0,0,1,1,26,1,0.7647930061595375,True
5,0,1,2,0,26,0,-1.2746638359203852,True
14,1,0,3,1,26,1,0.22537061103462064,True
23,1,2,4,0,26,0,-0.7263281891551955,True
2,0,0,3,1,27,1,1.4099229696985942,True
1,0,0,2,0,27,0,-0.3957531218182338,True
14,1,0,3,1,27,1,0.2723072758236657,True
15,1,0,4,0,27,0,-1.6354554506662735,True
8,0,2,1,1,28,1,0.642989946966445,True
9,0,2,2,0,28,0,-0.17566217755113545,True
20,1,2,1,1,28,1,0.3158058647905585,True
13,1,0,2,0,28,0,-0.6346706539255037,True
0,0,0,1,1,29,1,0.8033572383417269,True
7,0,1,4,0,29,0,-0.5190355399007647,True
22,1,2,3,1,29,1,0.15964069329587716,True
13,1,0,2,0,29,0,-0.2511280798279447,True
0,0,0,1,1,30,1,1.460400872931094,True
1,0,0,2,0,30,1,0.20957217615744694,False
22,1,2,3,1,30,0,-0.09193613225156527,False
13,1,0,2,0,30,0,-0.19370870260549333,True
6,0,1,3,1,31,1,1.2147907393114632,True
9,0,2,2,0,31,0,-1.0591952968914342,True
12,1,0,1,1,31,0,-0.04296683493048309,False
17,1,1,2,0,31,0,-0.05178378080459761,True
8,0,2,1,1,32,1,0.7431270542888229,True
1,0,0,2,0,32,1,0.09660752407707314,False
12,1,0,1,1,32,1,0.2700973871775531,True
15,1,0,4,0,32,0,-1.1384896231326287,True
10,0,2,3,1,33,1,0.09255645208373448,True
3,0,0,4,0,33,0,-0.46290751213343656,True
14,1,0,3,1,33,1,0.19870306431455326,True
15,1,0,4,0,33,0,-1.027160831079577,True
0,0,0,1,1,34,1,0.8615825969643365,True
3,0,0,4,0,34,0,-0.8934518364224924,True
20,1,2,1,1,34,1,0.12282396247403196,True
13,1,0,2,0,34,0,-0.32437296987176856,True
4,0,1,1,1,35,0,-0.5123868541652347,False
11,0,2,4,0,35,0,-0.4640620888709311,True
20,1,2,1,1,35,0,-0.002152081809277123,False
13,1,0,2,0,35,0,-0.2330032389801076,True
8,0,2,1,1,36,1,0.6122444140277852,True
5,0,1,2,0,36,0,-1.5923633778162267,True
20,1,2,1,1,36,1,0.39761044452942174,True
19,1,1,4,0,36,0,-1.70423145597889,True
10,0,2,3,1,37,1,0.030938133674112522,True
1,0,0,2,0,37,0,-0.10657389177210869,True
12,1,0,1,1,37,0,-0.10457420680346902,False
21,1,2,2,0,37,0,-0.5251952421639583,True
0,0,0,1,1,38,1,1.2948783907791575,True
5,0,1,2,0,38,0,-0.6808251189616816,True
16,1,1,1,1,38,1,0.905193310475201,True
17,1,1,2,0,38,1,0.0002712088164671389,False
6,0,1,3,1,39,1,1.431822508271801,True
1,0,0,2,0,39,1,0.20094461058133195,False
22,1,2,3,1,39,1,0.6320186867714339,True
21,1,2,2,0,39,0,-0.5694702261039462,True
6,0,1,3,1,40,1,1.4079107902184478,True
7,0,1,4,0,40,0,-0.8899290865879963,True
12,1,0,1,1,40,1,0.004118954779611439,True
15,1,0,4,0,40,0,-0.44336683812388555,True
4,0,1,1,1,41,0,-0.4800850689312781,False
9,0,2,2,0,41,0,-0.6342950696552492,True
18,1,1,3,1,41,1,0.41123835935245023,True
17,1,1,2,0,41,0,-0.43348895687558264,True
8,0,2,1,1,42,1,0.2176306319431855,True
3,0,0,4,0,42,0,-0.6683342871720619,True
20,1,2,1,1,42,0,-0.04738338169679862,False
23,1,2,4,0,42,0,-0.6906272176714623,True
4,0,1,1,1,43,0,-0.38730209641451097,False
7,0,1,4,0,43,0,-0.5484586032658648,True
16,1,1,1,1,43,0,-0.3366893361428821,False
23,1,2,4,0,43,0,-0.9913522151277644,True
2,0,0,3,1,44,1,1.2320869630855125,True
5,0,1,2,0,44,0,-1.546964218846984,True
20,1,2,1,1,44,1,0.40256763564580916,True
19,1,1,4,0,44,0,-1.4655220159247158,True
4,0,1,1,1,45,0,-0.4248294295419366,False
3,0,0,4,0,45,0,-1.3792466158814967,True
12,1,0,1,1,45,0,-0.20979988367384775,False
19,1,1,4,0,45,0,-1.1855405966461183,True
2,0,0,3,1,46,1,1.4183453401956747,True
11,0,2,4,0,46,0,-0.7801884404044159,True
20,1,2,1,1,46,1,0.40710228781551555,True
15,1,0,4,0,46,0,-1.1119747072844621,True
2,0,0,3,1,47,1,1.3428759870940408,True
11,0,2,4,0,47,0,-0.5575455077237319,True
22,1,2,3,1,47,1,0.09304499829881802,True
15,1,0,4,0,47,0,-1.0737562500711026,True
8,0,2,1,1,48,1,0.5212841281026022,True
7,0,1,4,0,48,0,-0.17318449338565306,True
20,1,2,1,1,48,1,0.46837628635434586,True
19,1,1,4,0,48,0,-1.3657828732881752,True
2,0,0,3,1,49,1,0.8545224452094002,True
5,0,1,2,0,49,0,-1.4009161085101178,True
22,1,2,3,1,49,1,0.041744784049085604,True
21,1,2,2,0,49,0,-0.5502948237104919,True
6,0,1,3,1,50,1,1.5951482893369493,True
7,0,1,4,0,50,0,-0.5013301724798003,True
22,1,2,3,1,50,1,0.43219350705626103,True
21,1,2,2,0,50,0,-0.5142732245469739,True
2,0,0,3,1,51,1,1.1306330001808633,True
1,0,0,2,0,51,0,-0.20871785190929837,True
16,1,1,1,1,51,0,-0.745897907630107,False
23,1,2,4,0,51,0,-0.9513422734585092,True
0,0,0,1,1,52,1,0.7156345044852936,True
11,0,2,4,0,52,0,-0.5412243240859085,True
12,1,0,1,1,52,0,-0.22775942535696592,False
21,1,2,2,0,52,0,-0.6232376117105836,True
2,0,0,3,1,53,1,1.356809191394581,True
7,0,1,4,0,53,0,-0.5122082385202865,True
22,1,2,3,1,53,0,-0.004698854919300237,False
17,1,1,2,0,53,1,0.19733143863430488,False
6,0,1,3,1,54,1,1.2996418588238794,True
9,0,2,2,0,54,0,-0.9861019518110469,True
12,1,0,1,1,54,0,-0.11070222470095582,False
23,1,2,4,0,54,0,-1.035360848659598,True
10,0,2,3,1,55,1,0.3096520529665612,True
7,0,1,4,0,55,0,-0.4876819442855367,True
22,1,2,3,1,55,1,0.632887611596932,True
21,1,2,2,0,55,0,-0.5547142058992454,True
2,0,0,3,1,56,1,0.832449222201587,True
11,0,2,4,0,56,0,-0.32254174066446356,True
18,1,1,3,1,56,1,1.17769664287694,True
23,1,2,4,0,56,0,-0.8021844144972373,True
6,0,1,3,1,57,1,1.476843657607995,True
7,0,1,4,0,57,0,-0.9600771581071064,True
12,1,0,1,1,57,1,0.007296703461896703,True
23,1,2,4,0,57,0,-0.839360839394341,True
8,0,2,1,1,58,1,1.0879167914659778,True
11,0,2,4,0,58,0,-0.6203665632634189,True
12,1,0,1,1,58,1,0.20387963837361928,True
23,1,2,4,0,58,0,-0.8829750489789251,True
2,0,0,3,1,59,1,1.2887416267189766,True
5,0,1,2,0,59,0,-1.2465208598176525,True
16,1,1,1,1,59,0,-0.6148259606764754,False
21,1,2,2,0,59,0,-0.5327484739898254,True
10,0,2,3,1,60,1,0.2983011072578786,True
1,0,0,2,0,60,0,-0.4241184241204622,True
16,1,1,1,1,60,0,-0.6626812327335662,False
19,1,1,4,0,60,0,-1.3796818519471004,True
0,0,0,1,1,61,1,0.9190940022268194,True
5,0,1,2,0,61,0,-0.9906157430984518,True
14,1,0,3,1,61,1,0.37858567569975177,True
17,1,1,2,0,61,0,-0.1213288474830524,True
4,0,1,1,1,62,0,-0.09891641170518278,False
9,0,2,2,0,62,0,-0.7990667477172355,True
16,1,1,1,1,62,1,0.0008741151636782463,True
13,1,0,2,0,62,0,-0.8454008803243029,True
4,0,1,1,1,63,0,-0.38503761118878455,False
9,0,2,2,0,63,0,-0.2794051845898684,True
14,1,0,3,1,63,1,0.5254976918257208,True
19,1,1,4,0,63,0,-1.2540092380711227,True
8,0,2,1,1,64,1,0.3272561403944405,True
1,0,0,2,0,64,0,-0.2639453316858791,True
14,1,0,3,1,64,1,0.7373878437071941,True
15,1,0,4,0,64,0,-1.4324762449807167,True
2,0,0,3,1,65,1,1.375273353247666,True
1,0,0,2,0,65,1,0.17106685710595945,False
14,1,0,3,1,65,1,0.5054236162250929,True
13,1,0,2,0,65,1,0.07026314594639801,False
10,0,2,3,1,66,1,0.007661986178913144,True
7,0,1,4,0,66,0,-0.8051544282576446,True
20,1,2,1,1,66,1,0.3161507401829906,True
13,1,0,2,0,66,0,-0.2195083293915385,True
4,0,1,1,1,67,0,-0.20625684194653052,False
3,0,0,4,0,67,0,-0.5620712588223662,True
14,1,0,3,1,67,1,0.7285690091344024,True
15,1,0,4,0,67,0,-0.8086285398505662,True
10,0,2,3,1,68,1,0.12846088761235583,True
9,0,2,2,0,68,0,-0.7316574824295008,True
20,1,2,1,1,68,1,0.3410543000215924,True
23,1,2,4,0,68,0,-1.014302663658184,True
2,0,0,3,1,69,1,1.3702675189224331,True
1,0,0,2,0,69,0,-0.13712762719078853,True
16,1,1,1,1,69,0,-0.7317820155512277,False
19,1,1,4,0,69,0,-1.1628395473110613,True
4,0,1,1,1,70,0,-0.12718441441992712,False
5,0,1,2,0,70,0,-1.4261217155694843,True
20,1,2,1,1,70,1,0.03358613530972965,True
17,1,1,2,0,70,0,-0.11664132547723016,True
2,0,0,3,1,71,1,1.0611949777195593,True
9,0,2,2,0,71,0,-0.2616217728174292,True
20,1,2,1,1,71,1,0.7695279744561605,True
21,1,2,2,0,71,0,-0.5307081633044566,True
2,0,0,3,1,72,1,0.9922538919097911,True
9,0,2,2,0,72,0,-0.5472413390061465,True
14,1,0,3,1,72,1,0.28031929403548694,True
15,1,0,4,0,72,0,-1.3557386682737862,True
0,0,0,1,1,73,1,1.001203011018665,True
7,0,1,4,0,73,0,-0.48969610804829294,True
18,1,1,3,1,73,1,0.9430583450785055,True
21,1,2,2,0,73,0,-0.5189167333427593,True
10,0,2,3,1,74,1,0.3287144499813588,True
1,0,0,2,0,74,0,-0.3142316318646581,True
16,1,1,1,1,74,0,-0.6797393096994917,False
21,1,2,2,0,74,0,-0.2721305674318095,True
0,0,0,1,1,75,1,0.9631505163576304,True
3,0,0,4,0,75,0,-0.34039394196562806,True
14,1,0,3,1,75,1,0.4988175988834976,True
19,1,1,4,0,75,0,-1.2899988184686488,True
6,0,1,3,1,76,1,1.5841076005618386,True
7,0,1,4,0,76,0,-0.7483133941362661,True
14,1,0,3,1,76,1,0.5553970148261296,True
23,1,2,4,0,76,0,-0.7452395450701605,True
10,0,2,3,1,77,1,0.19145652419664844,True
9,0,2,2,0,77,0,-0.5377344562129958,True
22,1,2,3,1,77,0,-0.20860844434863507,False
13,1,0,2,0,77,1,0.13330692626971002,False
0,0,0,1,1,78,1,0.43492286906359534,True
7,0,1,4,0,78,0,-0.5863749734205428,True
12,1,0,1,1,78,0,-0.2015896241757169,False
19,1,1,4,0,78,0,-1.2700048919284417,True
0,0,0,1,1,79,1,0.9624608968057539,True
3,0,0,4,0,79,0,-0.34293197580229007,True
14,1,0,3,1,79,1,0.4835725002637209,True
23,1,2,4,0,79,0,-0.7250448207895069,True
10,0,2,3,1,80,1,0.18043911499940402,True
11,0,2,4,0,80,0,-0.9448209202815838,True
22,1,2,3,1,80,1,0.17988447434019017,True
15,1,0,4,0,80,0,-0.9698343195199182,True
4,0,1,1,1,81,0,-0.16201371926448405,False
5,0,1,2,0,81,0,-1.5410248101804576,True
14,1,0,3,1,81,1,0.7058933265124224,True
15,1,0,4,0,81,0,-0.9170991000767682,True
8,0,2,1,1,82,1,0.03889756735945293,True
3,0,0,4,0,82,0,-0.2924090883057666,True
14,1,0,3,1,82,1,1.0226616845956984,True
19,1,1,4,0,82,0,-1.370853605285583,True
8,0,2,1,1,83,1,0.2354533680918174,True
5,0,1,2,0,83,0,-1.4335227274381388,True
22,1,2,3,1,83,1,0.0732398570615749,True
21,1,2,2,0,83,0,-0.2841915404879065,True
8,0,2,1,1,84,1,0.5939111359584871,True
3,0,0,4,0,84,0,-0.39806889242864985,True
14,1,0,3,1,84,1,0.5210800111144339,True
15,1,0,4,0,84,0,-1.0721019705902823,True
10,0,2,3,1,85,1,0.21193578880584063,True
5,0,1,2,0,85,0,-0.9238398755782233,True
12,1,0,1,1,85,1,0.26910777979251943,True
13,1,0,2,0,85,0,-0.7396427162286683,True
0,0,0,1,1,86,1,1.0820919532171747,True
11,0,2,4,0,86,0,-0.6661628763167116,True
14,1,0,3,1,86,0,-0.20206260524175157,False
15,1,0,4,0,86,0,-1.566473531441571,True
4,0,1,1,1,87,0,-0.3450275272100377,False
1,0,0,2,0,87,0,-0.36601390160431746,True
22,1,2,3,1,87,1,0.25127264528534854,True
23,1,2,4,0,87,0,-1.4119259506931656,True
10,0,2,3,1,88,0,-0.4466836585615652,False
1,0,0,2,0,88,1,0.020640399392545278,False
14,1,0,3,1,88,1,0.4544359584290929,True
13,1,0,2,0,88,1,0.19274884859794764,False
6,0,1,3,1,89,1,0.8959671750724194,True
9,0,2,2,0,89,0,-0.782308846249534,True
12,1,0,1,1,89,0,-0.1080674559231527,False
19,1,1,4,0,89,0,-1.1852444048551778,True
0,0,0,1,1,90,1,1.1363416235093071,True
7,0,1,4,0,90,0,-0.40944600379904106,True
18,1,1,3,1,90,1,1.0325578261081887,True
23,1,2,4,0,90,0,-0.8996716169023182,True
6,0,1,3,1,91,1,0.8819822905132297,True
3,0,0,4,0,91,0,-0.7843275498565823,True
12,1,0,1,1,91,1,0.35987256145805485,True
13,1,0,2,0,91,0,-0.5392614497091182,True
0,0,0,1,1,92,1,0.6362252912979698,True
5,0,1,2,0,92,0,-1.3276691539645893,True
14,1,0,3,1,92,1,0.14934818408294553,True
21,1,2,2,0,92,0,-0.3931299106387321,True
8,0,2,1,1,93,1,0.05292106350035353,True
11,0,2,4,0,93,0,-1.0179725009576095,True
22,1,2,3,1,93,0,-0.27027017715756096,False
23,1,2,4,0,93,0,-1.4970837133904786,True
10,0,2,3,1,94,1,0.01205886518363447,True
1,0,0,2,0,94,0,-0.3158194245535119,True
18,1,1,3,1,94,1,1.176819604340931,True
15,1,0,4,0,94,0,-0.9022276147557025,True
0,0,0,1,1,95,1,0.7246546436717033,True
9,0,2,2,0,95,0,-0.1147016819729959,True
14,1,0,3,1,95,1,0.20881369012002937,True
17,1,1,2,0,95,0,-0.30218412401844075,True
0,0,0,1,1,96,1,1.053398532182014,True
7,0,1,4,0,96,0,-0.3729549666263999,True
18,1,1,3,1,96,1,1.0533758284881096,True
19,1,1,4,0,96,0,-1.2326399068633882,True
8,0,2,1,1,97,1,0.381169018815142,True
3,0,0,4,0,97,0,-0.6633471922788605,True
20,1,2,1,1,97,1,0.058836601676987454,True
15,1,0,4,0,97,0,-0.910911178075904,True
2,0,0,3,1,98,1,1.4867449270587356,True
3,0,0,4,0,98,0,-0.6973458555181773,True
22,1,2,3,1,98,1,0.3894462447018194,True
15,1,0,4,0,98,0,-0.8909055571681781,True
4,0,1,1,1,99,0,-0.3827442837199926,False
3,0,0,4,0,99,0,-1.453674380643796,True
16,1,1,1,1,99,0,-0.6847015227613769,False
21,1,2,2,0,99,0,-0.2289636557837715,True
6,0,1,3,1,100,1,1.2890450182885416,True
1,0,0,2,0,100,1,0.2980181914567121,False
12,1,0,1,1,100,0,-0.29727907761496347,False
23,1,2,4,0,100,0,-0.9534164469277848,True
8,0,2,1,1,101,1,0.609695749936777,True
9,0,2,2,0,101,0,-0.0980989870293163,True
20,1,2,1,1,101,1,0.42553513952291677,True
19,1,1,4,0,101,0,-1.512441658714553,True
10,0,2,3,1,102,1,0.3148866918401829,True
5,0,1,2,0,102,0,-1.225063842784527,True
20,1,2,1,1,102,1,0.10682272805822725,True
21,1,2,2,0,102,0,-0.9485165898644325,True
0,0,0,1,1,103,1,1.3955295122225486,True
9,0,2,2,0,103,0,-0.6460341434462312,True
16,1,1,1,1,103,1,0.06143645611836479,True
15,1,0,4,0,103,0,-0.6231832626641333,True
2,0,0,3,1,104,1,0.7197785520063031,True
9,0,2,2,0,104,0,-0.6385555039293167,True
18,1,1,3,1,104,1,0.7865940326277729,True
13,1,0,2,0,104,0,-0.08336659197686422,True
0,0,0,1,1,105,1,0.9299053296412544,True
7,0,1,4,0,105,0,-0.4539546410585792,True
22,1,2,3,1,105,1,0.3186870515308725,True
21,1,2,2,0,105,0,-0.45423839602619076,True
10,0,2,3,1,106,0,-0.0691060760454364,False
9,0,2,2,0,106,0,-0.7729814304050039,True
14,1,0,3,1,106,1,0.1397359178473393,True
15,1,0,4,0,106,0,-1.0379362241059695,True
10,0,2,3,1,107,1,0.3654897547717567,True
1,0,0,2,0,107,1,0.13888962468728872,False
18,1,1,3,1,107,1,1.066349449876221,True
19,1,1,4,0,107,0,-1.1558643590687665,True
6,0,1,3,1,108,1,1.268956141334664,True
3,0,0,4,0,108,0,-0.7480507184327456,True
16,1,1,1,1,108,1,0.07222082915438824,True
17,1,1,2,0,108,0,-0.36434840024263626,True
10,0,2,3,1,109,1,0.13168173136082062,True
1,0,0,2,0,109,0,-0.3343139744360043,True
16,1,1,1,1,109,0,-0.5967483974745204,False
23,1,2,4,0,109,0,-1.2042265748120555,True
8,0,2,1,1,110,1,0.5841648159308018,True
5,0,1,2,0,110,0,-1.468023370612009,True
18,1,1,3,1,110,1,1.0934502823542973,True
17,1,1,2,0,110,0,-0.16017230923183381,True
2,0,0,3,1,111,1,1.0248850120613573,True
9,0,2,2,0,111,0,-0.8695134162089249,True
18,1,1,3,1,111,1,1.2173555228340243,True
17,1,1,2,0,111,1,0.0372378536525184,False
10,0,2,3,1,112,1,0.09903785838025231,True
9,0,2,2,0,112,0,-0.6669046007829449,True
20,1,2,1,1,112,1,0.2370181758521666,True
15,1,0,4,0,112,0,-0.6139864629759471,True
6,0,1,3,1,113,1,1.1201362016767311,True
9,0,2,2,0,113,0,-0.20943705177777594,True
14,1,0,3,1,113,1,0.2386040650302148,True
19,1,1,4,0,113,0,-1.2724003626548528,True
10,0,2,3,1,114,1,0.17133233229188452,True
7,0,1,4,0,114,0,-0.6408798069803365,True
12,1,0,1,1,114,1,0.18592332197795194,True
15,1,0,4,0,114,0,-0.5857710390670225,True
10,0,2,3,1,115,0,-0.2252232566857547,False
1,0,0,2,0,115,1,0.004600111627502623,False
14,1,0,3,1,115,0,-0.30714285457701174,False
21,1,2,2,0,115,0,-0.39453079363083055,True
8,0,2,1,1,116,1,0.5533726105821744,True
9,0,2,2,0,116,0,-0.02594273060290342,True
20,1,2,1,1,116,1,0.917365121666055,True
21,1,2,2,0,116,0,-0.1843684973093629,True
4,0,1,1,1,117,1,0.2395311754265986,True
3,0,0,4,0,117,0,-0.7123056075718862,True
14,1,0,3,1,117,1,0.5975501596694871,True
17,1,1,2,0,117,0,-0.12345008910250091,True
0,0,0,1,1,118,1,0.8077047531448237,True
9,0,2,2,0,118,0,-0.05697736036651546,True
14,1,0,3,1,118,1,0.2769414979386561,True
13,1,0,2,0,118,0,-0.49790377380737316,True
2,0,0,3,1,119,1,1.2494456676703765,True
5,0,1,2,0,119,0,-1.0494553087090521,True
16,1,1,1,1,119,1,0.0480006747971542,True
17,1,1,2,0,119,0,-0.11890346522016326,True
4,0,1,1,1,120,0,-0.06970974110311001,False
11,0,2,4,0,120,0,-0.3403191223056101,True
12,1,0,1,1,120,0,-0.3087712679652119,False
17,1,1,2,0,120,0,-0.21695186053445337,True
0,0,0,1,1,121,1,1.311561456873334,True
1,0,0,2,0,121,0,-0.23417070629038417,True
18,1,1,3,1,121,1,1.205940203534209,True
17,1,1,2,0,121,0,-0.1979334002093518,True
10,0,2,3,1,122,1,0.3022003535179892,True
11,0,2,4,0,122,0,-0.8179108783917374,True
22,1,2,3,1,122,1,0.23493102627962875,True
23,1,2,4,0,122,0,-1.4548268123244696,True
8,0,2,1,1,123,1,0.03880855479151163,True
3,0,0,4,0,123,0,-0.7866724454598784,True
18,1,1,3,1,123,1,0.9014830865243082,True
17,1,1,2,0,123,0,-0.09430482647879951,True
4,0,1,1,1,124,0,-0.2799704023308093,False
5,0,1,2,0,124,0,-1.620531521203529,True
14,1,0,3,1,124,1,0.5321873401286829,True
21,1,2,2,0,124,0,-0.26367590619505077,True
0,0,0,1,1,125,1,1.2307469156669424,True
3,0,0,4,0,125,0,-0.3428873999249553,True
22,1,2,3,1,125,1,0.7692538758966834,True
19,1,1,4,0,125,0,-1.3480494008359922,True
4,0,1,1,1,126,1,0.012289516558971841,True
1,0,0,2,0,126,0,-0.21377825800327852,True
16,1,1,1,1,126,0,-0.21557980568003351,False
13,1,0,2,0,126,0,-0.7597125685921318,True
8,0,2,1,1,127,1,0.535125032725795,True
3,0,0,4,0,127,0,-0.6431879453436082,True
14,1,0,3,1,127,1,0.8070244543617331,True
13,1,0,2,0,127,0,-0.22993481174004,True
0,0,0,1,1,128,1,1.5835728563460583,True
11,0,2,4,0,128,0,-0.8162630487089126,True
22,1,2,3,1,128,0,-0.00025813432400934033,False
19,1,1,4,0,128,0,-1.5425382230757068,True
2,0,0,3,1,129,1,0.6312445123241813,True
9,0,2,2,0,129,0,-0.18717479509111148,True
22,1,2,3,1,129,0,-0.09798693644767878,False
23,1,2,4,0,129,0,-1.3023168620581875,True
8,0,2,1,1,130,1,0.8696707989726101,True
11,0,2,4,0,130,0,-1.1170615173029725,True
18,1,1,3,1,130,1,0.7094417308375035,True
23,1,2,4,0,130,0,-1.0423028355386146,True
0,0,0,1,1,131,1,0.9434681844720088,True
7,0,1,4,0,131,0,-0.6088063506214334,True
20,1,2,1,1,131,1,0.47192905484196607,True
19,1,1,4,0,131,0,-1.530391157137261,True
0,0,0,1,1,132,1,1.2043358304046368,True
7,0,1,4,0,132,0,-0.5997057245358974,True
22,1,2,3,1,132,0,-0.04803199357292459,False
17,1,1,2,0,132,0,-0.1202926870868411,True
4,0,1,1,1,133,0,-0.02951139528178015,False
5,0,1,2,0,133,0,-1.6199497118539448,True
22,1,2,3,1,133,1,0.24375040051476649,True
23,1,2,4,0,133,0,-1.3636935206560068,True
6,0,1,3,1,134,1,1.4285231537749121,True
1,0,0,2,0,134,0,-0.39886027161106424,True
16,1,1,1,1,134,0,-0.12078568899389626,False
17,1,1,2,0,134,0,-0.4219718115800983,True
8,0,2,1,1,135,1,0.4987460886991656,True
11,0,2,4,0,135,0,-0.9586816769908889,True
14,1,0,3,1,135,1,0.7337772124248595,True
19,1,1,4,0,135,0,-1.4233500732316018,True
0,0,0,1,1,136,1,0.7177244587118295,True
5,0,1,2,0,136,0,-1.1296332248487568,True
12,1,0,1,1,136,1,0.10248025022871023,True
23,1,2,4,0,136,0,-0.8275596549963068,True
8,0,2,1,1,137,1,0.5757817767121398,True
3,0,0,4,0,137,0,-0.9363704008928855,True
12,1,0,1,1,137,1,0.4499768204010006,True
13,1,0,2,0,137,0,-0.5804819833987633,True
2,0,0,3,1,138,1,1.3898791223294236,True
1,0,0,2,0,138,0,-0.20107256399358076,True
20,1,2,1,1,138,1,0.23008579601704315,True
15,1,0,4,0,138,0,-1.2168778946966174,True
4,0,1,1,1,139,0,-0.6882806732610756,False
9,0,2,2,0,139,0,-0.6412915954922149,True
18,1,1,3,1,139,1,0.2836508028257634,True
23,1,2,4,0,139,0,-1.0504794100175583,True
2,0,0,3,1,140,1,1.1022582306673792,True
1,0,0,2,0,140,0,-0.12208137308446004,True
12,1,0,1,1,140,0,-0.09934940183400015,False
21,1,2,2,0,140,0,-0.6425988399849685,True
6,0,1,3,1,141,1,0.9908760579913015,True
7,0,1,4,0,141,0,-1.0478929627372926,True
18,1,1,3,1,141,1,0.7337788601889591,True
13,1,0,2,0,141,0,-0.11346446591574566,True
0,0,0,1,1,142,1,0.9073739151014295,True
3,0,0,4,0,142,0,-0.20869445242481757,True
14,1,0,3,1,142,1,0.38791815343050245,True
15,1,0,4,0,142,0,-1.0258701205747491,True
10,0,2,3,1,143,1,0.3938025633711622,True
9,0,2,2,0,143,0,-0.5100284130495591,True
22,1,2,3,1,143,0,-0.09088492484855056,False
15,1,0,4,0,143,0,-0.876957460081071,True
2,0,0,3,1,144,1,1.5563219952442757,True
3,0,0,4,0,144,0,-0.7813036952672656,True
20,1,2,1,1,144,0,-0.0026362035539018447,False
17,1,1,2,0,144,1,0.2998339298975716,False
8,0,2,1,1,145,1,0.5099400512184035,True
1,0,0,2,0,145,1,0.19645314342919862,False
16,1,1,1,1,145,0,-0.3678025168442881,False
13,1,0,2,0,145,0,-0.7099920677317316,True
10,0,2,3,1,146,1,0.4049560471019996,True
7,0,1,4,0,146,0,-0.2114922165318015,True
16,1,1,1,1,146,0,-0.46353169378710246,False
21,1,2,2,0,146,0,-0.5865338575906475,True
10,0,2,3,1,147,1,0.2257343805249385,True
9,0,2,2,0,147,0,-0.5052389970384168,True
20,1,2,1,1,147,1,0.6572878415170675,True
21,1,2,2,0,147,0,-0.5538899688480579,True
0,0,0,1,1,148,1,1.004203851532389,True
7,0,1,4,0,148,0,-0.6163794828485002,True
14,1,0,3,1,148,1,0.6275271710623177,True
17,1,1,2,0,148,0,-0.15696999423769598,True
4,0,1,1,1,149,0,-0.6482778818617567,False
9,0,2,2,0,149,0,-0.2739883411405741,True
14,1,0,3,1,149,1,0.4904800220406736,True
21,1,2,2,0,149,0,-0.2029690561572574,True
8,0,2,1,1,150,1,0.606458067166721,True
11,0,2,4,0,150,0,-0.9154897176578904,True
20,1,2,1,1,150,1,0.11067393264064135,True
17,1,1,2,0,150,1,0.06337324805102801,False
0,0,0,1,1,151,1,1.049542266008721,True
7,0,1,4,0,151,0,-0.17974534417416393,True
22,1,2,3,1,151,1,0.09289627958454488,True
23,1,2,4,0,151,0,-1.2167281021523917,True
8,0,2,1,1,152,1,0.5469217782496828,True
11,0,2,4,0,152,0,-1.0236690527573025,True
14,1,0,3,1,152,1,0.5942405779524319,True
17,1,1,2,0,152,0,-0.21301952825514714,True
0,0,0,1,1,153,1,0.7223067993120661,True
5,0,1,2,0,153,0,-1.4143361972124708,True
20,1,2,1,1,153,1,0.2858443068072988,True
21,1,2,2,0,153,0,-0.8567841038958991,True
10,0,2,3,1,154,0,-0.3120723974436882,False
9,0,2,2,0,154,0,-0.48301929748021155,True
14,1,0,3,1,154,0,-0.34539706116143865,False
23,1,2,4,0,154,0,-0.8813170593747833,True
0,0,0,1,1,155,1,1.0136490420121318,True
7,0,1,4,0,155,0,-0.3400505955170085,True
16,1,1,1,1,155,0,-0.317125799398634,False
19,1,1,4,0,155,0,-1.0641468535123841,True
10,0,2,3,1,156,1,0.28847539449226844,True
7,0,1,4,0,156,0,-0.4220176022642712,True
18,1,1,3,1,156,1,0.8760259607311374,True
21,1,2,2,0,156,0,-0.5144497670119688,True
0,0,0,1,1,157,1,0.6017220948775021,True
7,0,1,4,0,157,0,-0.7719602061529879,True
12,1,0,1,1,157,0,-0.021044379408011404,False
17,1,1,2,0,157,0,-0.10692383485618595,True
8,0,2,1,1,158,1,0.4836440355299985,True
5,0,1,2,0,158,0,-1.7074142470342153,True
18,1,1,3,1,158,1,0.7441177126383832,True
21,1,2,2,0,158,0,-0.2481389476071935,True
2,0,0,3,1,159,1,0.9503616701667709,True
9,0,2,2,0,159,0,-0.4228147460281254,True
20,1,2,1,1,159,1,0.35028847131463603,True
23,1,2,4,0,159,0,-0.7032491708319492,True
0,0,0,1,1,160,1,0.9384130740379111,True
3,0,0,4,0,160,0,-0.8888022192806067,True
12,1,0,1,1,160,1,0.3377952810210698,True
13,1,0,2,0,160,0,-0.6084335948851476,True
4,0,1,1,1,161,0,-0.8134956297240026,False
1,0,0,2,0,161,0,-0.20651936858369807,True
18,1,1,3,1,161,1,0.44588417708137645,True
23,1,2,4,0,161,0,-0.998837729838723,True
10,0,2,3,1,162,1,0.1195628773409548,True
7,0,1,4,0,162,0,-0.5503488770448016,True
22,1,2,3,1,162,1,0.4820513258075422,True
13,1,0,2,0,162,0,-0.2277078645127312,True
6,0,1,3,1,163,1,1.1383506948602289,True
1,0,0,2,0,163,0,-0.27204376892105675,True
16,1,1,1,1,163,0,-0.6288689640209512,False
21,1,2,2,0,163,0,-0.38939343574710883,True
6,0,1,3,1,164,1,1.1860532495998861,True
7,0,1,4,0,164,0,-0.3393879068858209,True
16,1,1,1,1,164,0,-0.3948933765467414,False
13,1,0,2,0,164,0,-0.4742464321525096,True
2,0,0,3,1,165,1,0.853971328452816,True
7,0,1,4,0,165,0,-0.7358858090244565,True
12,1,0,1,1,165,1,0.09814824905708919,True
13,1,0,2,0,165,0,-0.42147045774390846,True
0,0,0,1,1,166,1,0.8436862953583413,True
11,0,2,4,0,166,0,-0.3938148116662327,True
12,1,0,1,1,166,0,-0.08810853941326696,False
13,1,0,2,0,166,0,-0.7850402746497993,True
10,0,2,3,1,167,1,0.660042294117214,True
9,0,2,2,0,167,0,-0.06960447477599929,True
22,1,2,3,1,167,1,0.15025347821476986,True
21,1,2,2,0,167,0,-0.2815227604164189,True
10,0,2,3,1,168,1,0.45039465184681393,True
1,0,0,2,0,168,0,-0.11885154207078419,True
22,1,2,3,1,168,1,0.13115176919620442,True
23,1,2,4,0,168,0,-1.4504939580948957,True
6,0,1,3,1,169,1,1.125536481780728,True
9,0,2,2,0,169,0,-0.14322923266129595,True
14,1,0,3,1,169,1,0.1542143880990604,True
21,1,2,2,0,169,0,-0.38775390157013556,True
6,0,1,3,1,170,1,1.3551359634903728,True
7,0,1,4,0,170,0,-0.49295192587765235,True
16,1,1,1,1,170,0,-0.5830069687216429,False
23,1,2,4,0,170,0,-0.810576133528189,True
8,0,2,1,1,171,1,0.08017150726288927,True
3,0,0,4,0,171,0,-0.7601756330536322,True
18,1,1,3,1,171,1,0.7193037892460203,True
23,1,2,4,0,171,0,-1.051537074462588,True
0,0,0,1,1,172,1,0.7336460796898637,True
1,0,0,2,0,172,0,-0.12473512276030271,True
14,1,0,3,1,172,1,0.11457409383448783,True
21,1,2,2,0,172,0,-0.35652291257076396,True
10,0,2,3,1,173,1,0.2562164415589545,True
5,0,1,2,0,173,0,-1.1244634646976426,True
16,1,1,1,1,173,0,-0.435529294953942,False
19,1,1,4,0,173,0,-1.5061229089752817,True
4,0,1,1,1,174,0,-0.08873843064799641,False
11,0,2,4,0,174,0,-0.37897981344517345,True
16,1,1,1,1,174,0,-0.5079456492293974,False
23,1,2,4,0,174,0,-1.005365721763973,True
8,0,2,1,1,175,1,0.4729802845317193,True
3,0,0,4,0,175,0,-1.0092624082534676,True
20,1,2,1,1,175,1,0.0032763901697757114,True
13,1,0,2,0,175,0,-0.32301716306463696,True
8,0,2,1,1,176,1,0.14211203068804057,True
11,0,2,4,0,176,0,-1.0980233248146751,True
22,1,2,3,1,176,0,-0.3124314053647579,False
13,1,0,2,0,176,0,-0.4650909736339619,True
2,0,0,3,1,177,1,0.9793652513834665,True
5,0,1,2,0,177,0,-1.2749342510384158,True
16,1,1,1,1,177,0,-0.6445605217509032,False
23,1,2,4,0,177,0,-0.5492030779493513,True
6,0,1,3,1,178,1,1.585736135306599,True
5,0,1,2,0,178,0,-0.9973695743400106,True
14,1,0,3,1,178,1,0.482772375668294,True
17,1,1,2,0,178,1,0.006604420953835177,False
10,0,2,3,1,179,1,0.17815766477245693,True
3,0,0,4,0,179,0,-0.607893739550984,True
22,1,2,3,1,179,1,0.789431400462411,True
23,1,2,4,0,179,0,-1.3126742808485308,True
8,0,2,1,1,180,1,0.46042554884844716,True
9,0,2,2,0,180,0,-0.4671605612945016,True
16,1,1,1,1,180,1,0.054896366524945506,True
13,1,0,2,0,180,0,-0.8764567379573027,True
2,0,0,3,1,181,1,1.3024253819881253,True
7,0,1,4,0,181,0,-0.560407702509292,True
20,1,2,1,1,181,1,0.4536408370184113,True
21,1,2,2,0,181,0,-0.9085368580432422,True
10,0,2,3,1,182,1,0.3384995340321652,True
5,0,1,2,0,182,0,-1.1859013122842454,True
22,1,2,3,1,182,1,0.3314310521792216,True
23,1,2,4,0,182,0,-1.327922324603326,True
8,0,2,1,1,183,1,0.42759772057179346,True
1,0,0,2,0,183,0,-0.023399501813533688,True
20,1,2,1,1,183,1,0.5763984760429489,True
21,1,2,2,0,183,0,-0.5269410899351902,True
0,0,0,1,1,184,1,1.2910466603675719,True
9,0,2,2,0,184,0,-0.08968121116560282,True
22,1,2,3,1,184,0,-0.3870315332367457,False
23,1,2,4,0,184,0,-1.7112798614063696,True
8,0,2,1,1,185,1,0.9480089521036822,True
5,0,1,2,0,185,0,-1.36998306156045,True
12,1,0,1,1,185,1,0.603779916382383,True
21,1,2,2,0,185,0,-0.5369435324748896,True
4,0,1,1,1,186,0,-0.8869035701887662,False
7,0,1,4,0,186,0,-0.7880167319229767,True
18,1,1,3,1,186,1,0.5164260291305527,True
23,1,2,4,0,186,0,-0.8646607935295223,True
0,0,0,1,1,187,1,0.7839107485118216,True
11,0,2,4,0,187,0,-0.3860934322995243,True
12,1,0,1,1,187,0,-0.21946928003615826,False
23,1,2,4,0,187,0,-0.6966680512805551,True
4,0,1,1,1,188,0,-0.3751841799723606,False
7,0,1,4,0,188,0,-0.7195428737912986,True
14,1,0,3,1,188,1,0.7754803491066182,True
17,1,1,2,0,188,0,-0.3516548668392377,True
4,0,1,1,1,189,0,-0.5513390980183597,False
7,0,1,4,0,189,0,-0.9267150091869811,True
14,1,0,3,1,189,1,0.6105007617628089,True
15,1,0,4,0,189,0,-0.8925286365516576,True
6,0,1,3,1,190,1,1.457873201667334,True
7,0,1,4,0,190,0,-0.4876469068635469,True
16,1,1,1,1,190,0,-0.5729585193201763,False
19,1,1,4,0,190,0,-1.3786374071177006,True
6,0,1,3,1,191,1,1.3353851417473137,True
1,0,0,2,0,191,1,0.30693508225185734,False
14,1,0,3,1,191,1,0.2250955956337471,True
19,1,1,4,0,191,0,-1.1186277239248217,True
6,0,1,3,1,192,1,1.341244382932103,True
5,0,1,2,0,192,0,-1.5313394787503447,True
22,1,2,3,1,192,1,0.3854942640488903,True
21,1,2,2,0,192,0,-0.4950463849015452,True
10,0,2,3,1,193,1,0.26949046735819293,True
7,0,1,4,0,193,0,-0.20774566129460703,True
18,1,1,3,1,193,1,1.0286107757136072,True
19,1,1,4,0,193,0,-1.3062902543785633,True
6,0,1,3,1,194,1,1.134546811524991,True
9,0,2,2,0,194,0,-0.8009444090859223,True
12,1,0,1,1,194,0,-0.026547966611338847,False
21,1,2,2,0,194,0,-0.5548199034812824,True
2,0,0,3,1,195,1,1.254469228462734,True
11,0,2,4,0,195,0,-0.7418260602301384,True
20,1,2,1,1,195,1,0.29981302815626554,True
13,1,0,2,0,195,0,-0.2069077310985051,True
8,0,2,1,1,196,1,0.5540834309033363,True
7,0,1,4,0,196,0,-0.030194303633147013,True
20,1,2,1,1,196,1,0.26537515818082535,True
23,1,2,4,0,196,0,-0.5061823361629721,True
0,0,0,1,1,197,1,0.8032656365488091,True
9,0,2,2,0,197,0,-0.9720477249987087,True
12,1,0,1,1,197,0,-0.013151318129628775,False
17,1,1,2,0,197,0,-0.05762845904342195,True
6,0,1,3,1,198,1,0.9919424376631862,True
9,0,2,2,0,198,0,-0.5835849912870732,True
18,1,1,3,1,198,1,0.8479526439308589,True
13,1,0,2,0,198,1,0.045385734774708836,False
10,0,2,3,1,199,1,0.021504888789844398,True
1,0,0,2,0,199,1,0.09105238513871931,False
14,1,0,3,1,199,0,-0.023664794134790237,False
19,1,1,4,0,199,0,-1.1953437414710664,True
8,0,2,1,1,200,1,0.7602178369253084,True
1,0,0,2,0,200,1,0.40647856290842893,False
12,1,0,1,1,200,1,0.2966254741536359,True
13,1,0,2,0,200,0,-0.48133885958508155,True
2,0,0,3,1,201,1,1.3508798379361262,True
7,0,1,4,0,201,0,-0.5383469242320148,True
20,1,2,1,1,201,1,0.0901789344241818,True
17,1,1,2,0,201,1,0.2344141293173786,False
2,0,0,3,1,202,1,1.0615037920297716,True
11,0,2,4,0,202,0,-0.246093604086301,True
16,1,1,1,1,202,0,-0.39475165393701406,False
13,1,0,2,0,202,0,-0.5636940069718913,True
8,0,2,1,1,203,0,-0.1504499800233534,False
3,0,0,4,0,203,0,-0.7305094774605456,True
16,1,1,1,1,203,0,-0.5461589856235565,False
21,1,2,2,0,203,0,-0.16904275415201497,True
4,0,1,1,1,204,0,-0.21195707536604005,False
1,0,0,2,0,204,0,-0.17398302034096028,True
12,1,0,1,1,204,0,-0.23339056449426956,False
17,1,1,2,0,204,0,-0.2800232082955687,True
10,0,2,3,1,205,1,0.10926006430643387,True
5,0,1,2,0,205,0,-1.0580197675928877,True
14,1,0,3,1,205,1,0.3340841778747299,True
15,1,0,4,0,205,0,-0.9558811158011915,True
6,0,1,3,1,206,1,1.3440902874587992,True
9,0,2,2,0,206,0,-0.4214185625107343,True
14,1,0,3,1,206,1,0.3589521229768662,True
17,1,1,2,0,206,0,-0.19288811629980196,True
0,0,0,1,1,207,1,1.3967459762034113,True
3,0,0,4,0,207,0,-0.6018950942227452,True
16,1,1,1,1,207,1,0.07530151599055906,True
19,1,1,4,0,207,0,-1.4025627229543522,True
6,0,1,3,1,208,1,1.5914738119839764,True
11,0,2,4,0,208,0,-0.52751560615212,True
20,1,2,1,1,208,1,0.32307833368960875,True
21,1,2,2,0,208,0,-0.9775565135968567,True
0,0,0,1,1,209,1,0.9792209463075539,True
9,0,2,2,0,209,0,-0.5056205796717554,True
20,1,2,1,1,209,1,0.47333805484245145,True
19,1,1,4,0,209,0,-1.4608500268581937,True
0,0,0,1,1,210,1,0.9737771224331212,True
7,0,1,4,0,210,0,-0.6322651834515133,True
20,1,2,1,1,210,1,0.3971741718227936,True
15,1,0,4,0,210,0,-0.7521144617983951,True
8,0,2,1,1,211,1,0.07082067189055016,True
7,0,1,4,0,211,0,-0.3793663414133088,True
22,1,2,3,1,211,0,-0.41882159898400806,False
17,1,1,2,0,211,1,0.12129158524253689,False
10,0,2,3,1,212,1,0.317701308481814,True
9,0,2,2,0,212,0,-1.0662979776437345,True
12,1,0,1,1,212,0,-0.01658608949877205,False
17,1,1,2,0,212,0,-0.060828279704274624,True
0,0,0,1,1,213,1,1.3096296543299395,True
3,0,0,4,0,213,0,-0.6732450047796406,True
22,1,2,3,1,213,1,0.44471046553767013,True
13,1,0,2,0,213,0,-0.2593344895515586,True
2,0,0,3,1,214,1,0.9579038672033189,True
9,0,2,2,0,214,0,-0.3656403137533619,True
14,1,0,3,1,214,1,0.12427230137566525,True
17,1,1,2,0,214,0,-0.20546865036257422,True
0,0,0,1,1,215,1,1.0818684134242373,True
1,0,0,2,0,215,1,0.08567877188494691,False
18,1,1,3,1,215,1,1.1013869851562659,True
19,1,1,4,0,215,0,-1.042163458933812,True
10,0,2,3,1,216,1,0.2015159177254809,True
5,0,1,2,0,216,0,-1.1243428599404484,True
20,1,2,1,1,216,1,0.005078097827615299,True
13,1,0,2,0,216,0,-0.4113768761592251,True
6,0,1,3,1,217,1,1.314800059895894,True
1,0,0,2,0,217,1,0.18955243347952555,False
18,1,1,3,1,217,1,0.8737352375656813,True
23,1,2,4,0,217,0,-0.9892839560994307,True
10,0,2,3,1,218,1,0.32485643209597287,True
9,0,2,2,0,218,0,-0.5027714821920606,True
18,1,1,3,1,218,1,1.0116729994478226,True
21,1,2,2,0,218,0,-0.31398220151232165,True
2,0,0,3,1,219,1,1.4356779513931937,True
1,0,0,2,0,219,0,-0.43576200444366014,True
16,1,1,1,1,219,0,-0.19108264865778152,False
17,1,1,2,0,219,0,-0.31339214430162704,True
4,0,1,1,1,220,0,-0.12757967308658735,False
11,0,2,4,0,220,0,-0.24191317713628557,True
16,1,1,1,1,220,0,-0.3639033907893473,False
17,1,1,2,0,220,0,-0.5068154051301877,True
0,0,0,1,1,221,1,1.052607673525808,True
1,0,0,2,0,221,0,-0.16304647851468135,True
20,1,2,1,1,221,1,0.2224153271816739,True
15,1,0,4,0,221,0,-1.129132457664944,True
0,0,0,1,1,222,1,1.042765275401199,True
1,0,0,2,0,222,1,0.06436478284390368,False
12,1,0,1,1,222,1,0.2834527431160153,True
13,1,0,2,0,222,0,-0.3377158472469485,True
4,0,1,1,1,223,0,-0.04426056243989695,False
5,0,1,2,0,223,0,-1.3085445233666748,True
16,1,1,1,1,223,1,0.0003388233969995394,True
17,1,1,2,0,223,0,-0.5085765968895678,True
4,0,1,1,1,224,0,-0.38026028838794546,False
3,0,0,4,0,224,0,-1.3922832971411347,True
16,1,1,1,1,224,0,-0.32752995807799945,False
13,1,0,2,0,224,0,-0.6411371395008604,True
2,0,0,3,1,225,1,1.3932821059671934,True
1,0,0,2,0,225,0,-0.3141902143752021,True
22,1,2,3,1,225,1,0.12063149233484075,True
17,1,1,2,0,225,1,0.3056811887176297,False
0,0,0,1,1,226,1,1.236237013126316,True
1,0,0,2,0,226,0,-0.616368010370377,True
16,1,1,1,1,226,1,0.7146721140718553,True
17,1,1,2,0,226,0,-0.0531653862778212,True
4,0,1,1,1,227,0,-0.5047322468261941,False
1,0,0,2,0,227,1,0.009779288495208802,False
12,1,0,1,1,227,0,-0.1351048019703447,False
19,1,1,4,0,227,0,-1.038315658147604,True
10,0,2,3,1,228,1,0.5232353758510385,True
9,0,2,2,0,228,0,-0.3496155940084356,True
22,1,2,3,1,228,0,-0.4751571100376178,False
17,1,1,2,0,228,1,0.045211820905897745,False
8,0,2,1,1,229,1,0.8328847847876691,True
11,0,2,4,0,229,0,-1.0132383238764455,True
20,1,2,1,1,229,1,0.23254603545321437,True
15,1,0,4,0,229,0,-0.9975456675571074,True
4,0,1,1,1,230,0,-0.6232831868451236,False
9,0,2,2,0,230,0,-0.492304340745314,True
20,1,2,1,1,230,1,0.026118036656476856,True
15,1,0,4,0,230,0,-0.8716077782715375,True
4,0,1,1,1,231,0,-0.18669323093770746,False
3,0,0,4,0,231,0,-1.4065854192583844,True
12,1,0,1,1,231,0,-0.18101079012048188,False
17,1,1,2,0,231,0,-0.1455914623652979,True
4,0,1,1,1,232,1,0.1915090208746536,True
9,0,2,2,0,232,0,-0.2262778540008904,True
22,1,2,3,1,232,0,-0.37133025536524167,False
17,1,1,2,0,232,0,-0.11969864696098875,True
8,0,2,1,1,233,1,0.17432579455860117,True
3,0,0,4,0,233,0,-0.5246958350522886,True
16,1,1,1,1,233,1,0.431723161899082,True
17,1,1,2,0,233,0,-0.03411023613298927,True
6,0,1,3,1,234,1,1.0864233724719594,True
3,0,0,4,0,234,0,-0.06060590426520612,True
14,1,0,3,1,234,1,0.3645341346134358,True
15,1,0,4,0,234,0,-1.0207636544858367,True
8,0,2,1,1,235,1,0.8544440817141603,True
5,0,1,2,0,235,0,-1.286696968662866,True
12,1,0,1,1,235,1,0.512201401438729,True
13,1,0,2,0,235,0,-0.8450700180909254,True
8,0,2,1,1,236,1,0.5981895558520157,True
3,0,0,4,0,236,0,-0.9523975127017329,True
12,1,0,1,1,236,1,0.1913709188012868,True
19,1,1,4,0,236,0,-1.309182144455917,True
6,0,1,3,1,237,1,1.7522545974474757,True
5,0,1,2,0,237,0,-1.5034853496137344,True
20,1,2,1,1,237,1,0.22164040012937436,True
21,1,2,2,0,237,0,-1.018384377475099,True
10,0,2,3,1,238,1,0.006508714052648093,True
3,0,0,4,0,238,0,-0.455350391075948,True
14,1,0,3,1,238,1,0.2800672224796983,True
17,1,1,2,0,238,0,-0.11733119085945963,True
6,0,1,3,1,239,1,1.7062465520817853,True
7,0,1,4,0,239,0,-0.7740509389418864,True
20,1,2,1,1,239,1,0.2279595577285991,True
21,1,2,2,0,239,0,-1.063690340696891,True
4,0,1,1,1,240,0,-0.5475505670750463,False
7,0,1,4,0,240,0,-1.0965839393138956,True
14,1,0,3,1,240,1,0.5340693129799096,True
13,1,0,2,0,240,0,-0.7075426574101137,True
4,0,1,1,1,241,0,-0.46121723002991066,False
3,0,0,4,0,241,0,-1.418283833542168,True
12,1,0,1,1,241,0,-0.12006776836937802,False
23,1,2,4,0,241,0,-1.1097170578834228,True
10,0,2,3,1,242,1,0.4485307004027212,True
3,0,0,4,0,242,0,-1.1632663016091536,True
16,1,1,1,1,242,0,-0.5438152065404236,False
21,1,2,2,0,242,0,-0.3567663639773458,True
8,0,2,1,1,243,1,0.8791710851352733,True
11,0,2,4,0,243,0,-0.9530050379952125,True
20,1,2,1,1,243,1,0.15908008617890781,True
23,1,2,4,0,243,0,-0.7010976399601702,True
4,0,1,1,1,244,0,-0.3585204871330974,False
5,0,1,2,0,244,0,-1.475477877110103,True
12,1,0,1,1,244,1,0.07605584697142603,True
23,1,2,4,0,244,0,-0.9174086601735589,True
10,0,2,3,1,245,1,0.2751395750944456,True
9,0,2,2,0,245,0,-0.8250857121128505,True
12,1,0,1,1,245,0,-0.09582636810730222,False
15,1,0,4,0,245,0,-0.4835092626377447,True
10,0,2,3,1,246,0,-0.14252699386500098,False
7,0,1,4,0,246,0,-0.5798118633364303,True
14,1,0,3,1,246,1,0.15707999082204696,True
21,1,2,2,0,246,0,-0.5731650526663513,True
0,0,0,1,1,247,1,1.1451568002511694,True
9,0,2,2,0,247,0,-0.648087956870495,True
20,1,2,1,1,247,1,0.4487861218304313,True
23,1,2,4,0,247,0,-0.9995972553313192,True
8,0,2,1,1,248,1,0.11124197080968845,True
3,0,0,4,0,248,0,-0.8345042398516486,True
20,1,2,1,1,248,1,0.13379699061408,True
19,1,1,4,0,248,0,-1.633465743017048,True
6,0,1,3,1,249,1,1.3773855280017604,True
5,0,1,2,0,249,0,-1.3934475982577648,True
18,1,1,3,1,249,1,0.7777461389771836,True
23,1,2,4,0,249,0,-0.8557172874619678,True
2,0,0,3,1,250,1,1.395098691738528,True
1,0,0,2,0,250,0,-0.2417742746096107,True
16,1,1,1,1,250,0,-0.7708156215750444,False
21,1,2,2,0,250,0,-0.3176051330170783,True
2,0,0,3,1,251,1,0.7897458370328614,True
9,0,2,2,0,251,0,-0.19411428107934836,True
14,1,0,3,1,251,0,-0.09348041103459015,False
23,1,2,4,0,251,0,-0.7211161566500757,True
2,0,0,3,1,252,1,1.3128097388535167,True
11,0,2,4,0,252,0,-0.8524584064529233,True
14,1,0,3,1,252,0,-0.2177051139558177,False
21,1,2,2,0,252,0,-0.6688966175309927,True
6,0,1,3,1,253,1,1.458630990197292,True
11,0,2,4,0,253,0,-0.38127233237694735,True
16,1,1,1,1,253,0,-0.878063839189478,False
23,1,2,4,0,253,0,-0.8679876268022637,True
4,0,1,1,1,254,1,0.33255129718016346,True
5,0,1,2,0,254,0,-1.059456210549705,True
22,1,2,3,1,254,1,0.007405958711441052,True
17,1,1,2,0,254,0,-0.097060203819421,True
6,0,1,3,1,255,1,1.3723485244581684,True
9,0,2,2,0,255,0,-0.7475432795404291,True
16,1,1,1,1,255,0,-0.08460416547771193,False
13,1,0,2,0,255,0,-0.5133400407871658,True
10,0,2,3,1,256,1,0.06338007735576318,True
3,0,0,4,0,256,0,-0.5843350798410416,True
18,1,1,3,1,256,1,0.6489205728813363,True
23,1,2,4,0,256,0,-1.3414641898849813,True
2,0,0,3,1,257,1,0.9034463780396146,True
9,0,2,2,0,257,0,-0.40379124336098643,True
20,1,2,1,1,257,1,0.5486694566729878,True
19,1,1,4,0,257,0,-1.4280375131579088,True
6,0,1,3,1,258,1,1.0116784128510277,True
11,0,2,4,0,258,0,-0.7955174203476789,True
22,1,2,3,1,258,1,0.0822244798685216,True
13,1,0,2,0,258,0,-0.0012732335304675435,True
8,0,2,1,1,259,1,0.6036863670856601,True
5,0,1,2,0,259,0,-1.0817682427009645,True
16,1,1,1,1,259,1,0.3460176951835202,True
17,1,1,2,0,259,0,-0.04398885472697697,True
0,0,0,1,1,260,1,1.053596908077118,True
5,0,1,2,0,260,0,-1.1534094273292548,True
22,1,2,3,1,260,1,0.10255482206865782,True
15,1,0,4,0,260,0,-0.8860099532315842,True
4,0,1,1,1,261,0,-0.4522970295700821,False
9,0,2,2,0,261,0,-0.6460667149401589,True
20,1,2,1,1,261,1,0.08308216906421337,True
17,1,1,2,0,261,0,-0.32545452388094365,True
10,0,2,3,1,262,1,0.06338779081948347,True
3,0,0,4,0,262,0,-0.7559385698192748,True
18,1,1,3,1,262,1,0.5530263447481102,True
13,1,0,2,0,262,0,-0.05742488698177246,True
10,0,2,3,1,263,1,0.249612046778677,True
11,0,2,4,0,263,0,-0.7592358946658891,True
16,1,1,1,1,263,0,-0.45357330018890074,False
15,1,0,4,0,263,0,-0.6305999240723777,True
2,0,0,3,1,264,1,0.5709794587728977,True
5,0,1,2,0,264,0,-1.273038495372449,True
18,1,1,3,1,264,1,0.7503526516725229,True
13,1,0,2,0,264,1,0.04663423159914029,False
8,0,2,1,1,265,1,0.616804444407336,True
1,0,0,2,0,265,0,-0.028922803206269165,True
16,1,1,1,1,265,0,-0.567951709141191,False
23,1,2,4,0,265,0,-1.034168726425106,True
6,0,1,3,1,266,1,1.7210075623686125,True
1,0,0,2,0,266,1,0.19562117861036685,False
20,1,2,1,1,266,1,0.4344910881935288,True
21,1,2,2,0,266,0,-0.7884791687705835,True
0,0,0,1,1,267,1,1.2724207021383027,True
11,0,2,4,0,267,0,-0.5109568172053744,True
18,1,1,3,1,267,1,1.0183599729678303,True
13,1,0,2,0,267,0,-0.14628653159821497,True
8,0,2,1,1,268,1,0.5229619835695565,True
9,0,2,2,0,268,1,0.05600281227132477,False
18,1,1,3,1,268,1,0.46036123356752645,True
21,1,2,2,0,268,1,0.029615376251011866,False
6,0,1,3,1,269,1,1.1980106849121672,True
9,0,2,2,0,269,0,-0.45979940122357793,True
18,1,1,3,1,269,1,0.8809670104595277,True
19,1,1,4,0,269,0,-1.1163434202916978,True
10,0,2,3,1,270,1,0.29202335988563266,True
11,0,2,4,0,270,0,-0.5696312671335272,True
18,1,1,3,1,270,1,1.3230180615586127,True
17,1,1,2,0,270,0,-0.08792696572077585,True
4,0,1,1,1,271,1,0.08104037785597212,True
11,0,2,4,0,271,0,-0.48449938331422165,True
14,1,0,3,1,271,1,0.5483187407716406,True
15,1,0,4,0,271,0,-1.0337034968531977,True
6,0,1,3,1,272,1,1.1343484642879726,True
1,0,0,2,0,272,0,-0.021437927385822175,True
14,1,0,3,1,272,1,0.16159935532508107,True
15,1,0,4,0,272,0,-1.7410183347814367,True
2,0,0,3,1,273,1,0.9847420431306741,True
11,0,2,4,0,273,0,-0.8217722889716195,True
22,1,2,3,1,273,1,0.18341265569591572,True
19,1,1,4,0,273,0,-1.405666598212164,True
4,0,1,1,1,274,0,-0.6212748248216192,False
11,0,2,4,0,274,0,-0.5220201447873257,True
18,1,1,3,1,274,1,0.7586461387408202,True
21,1,2,2,0,274,0,-0.2461203997850895,True
0,0,0,1,1,275,1,0.8907040788165161,True
1,0,0,2,0,275,0,-0.21142643694675484,True
14,1,0,3,1,275,1,0.2925167090032737,True
23,1,2,4,0,275,0,-0.7597359096979706,True
4,0,1,1,1,276,0,-0.44764739339612825,False
3,0,0,4,0,276,0,-0.8742797815120247,True
18,1,1,3,1,276,1,0.43466484394660143,True
19,1,1,4,0,276,0,-1.2912654770262024,True
0,0,0,1,1,277,1,0.6895733434466966,True
5,0,1,2,0,277,0,-1.3002334202443318,True
20,1,2,1,1,277,1,0.054221464143701825,True
15,1,0,4,0,277,0,-0.6844980145270241,True
0,0,0,1,1,278,1,1.319856185969127,True
9,0,2,2,0,278,0,-0.6629215941380363,True
16,1,1,1,1,278,1,0.6343374457126859,True
17,1,1,2,0,278,0,-0.37745423035638737,True
6,0,1,3,1,279,1,0.9879608281181789,True
3,0,0,4,0,279,0,-0.8251854581315665,True
12,1,0,1,1,279,1,0.06824012108009937,True
21,1,2,2,0,279,0,-0.6814834216683543,True
6,0,1,3,1,280,1,1.1660480923038672,True
9,0,2,2,0,280,0,-0.8738931880478673,True
12,1,0,1,1,280,0,-0.21721600169085908,False
15,1,0,4,0,280,0,-0.5637351949171339,True
4,0,1,1,1,281,0,-0.4516010365693448,False
11,0,2,4,0,281,0,-0.3153405641578322,True
12,1,0,1,1,281,0,-0.3125705301132171,False
13,1,0,2,0,281,0,-0.9063246389392503,True
8,0,2,1,1,282,1,0.45647042411545885,True
1,0,0,2,0,282,0,-0.4379916290306392,True
14,1,0,3,1,282,1,0.6913009843532889,True
17,1,1,2,0,282,0,-0.08337322217936088,True
2,0,0,3,1,283,1,0.7738570003721055,True
1,0,0,2,0,283,0,-0.43136232851951384,True
18,1,1,3,1,283,1,1.1021379432912237,True
17,1,1,2,0,283,1,0.07279614475877594,False
10,0,2,3,1,284,1,0.1505919313469041,True
5,0,1,2,0,284,0,-1.0855346541497102,True
20,1,2,1,1,284,1,0.009165095042324684,True
15,1,0,4,0,284,0,-0.5729033647353202,True
10,0,2,3,1,285,1,0.39619916404456734,True
11,0,2,4,0,285,0,-0.6406650299907152,True
12,1,0,1,1,285,0,-0.16791697176927045,False
19,1,1,4,0,285,0,-1.3890106380459963,True
10,0,2,3,1,286,1,0.2333544950848776,True
7,0,1,4,0,286,0,-0.4290757069483566,True
12,1,0,1,1,286,1,0.30085033532942274,True
19,1,1,4,0,286,0,-1.40051371347237,True
0,0,0,1,1,287,1,0.6825761970121041,True
3,0,0,4,0,287,0,-0.5265738635878158,True
20,1,2,1,1,287,1,0.025057728350498132,True
15,1,0,4,0,287,0,-0.6888666199762227,True
2,0,0,3,1,288,1,1.2556130849862173,True
7,0,1,4,0,288,0,-0.17506383386154775,True
18,1,1,3,1,288,1,1.2467087504331367,True
15,1,0,4,0,288,0,-0.9250020843919871,True
4,0,1,1,1,289,0,-0.2359490109862033,False
1,0,0,2,0,289,0,-0.3230645434272424,True
16,1,1,1,1,289,0,-0.49796789152002235,False
21,1,2,2,0,289,0,-0.24513906824024018,True
6,0,1,3,1,290,1,1.4216614513965502,True
5,0,1,2,0,290,0,-1.6153980555201444,True
18,1,1,3,1,290,1,0.652667237683565,True
21,1,2,2,0,290,0,-0.4268595720563345,True
2,0,0,3,1,291,1,0.9598833881383083,True
3,0,0,4,0,291,0,-0.8637955045993356,True
12,1,0,1,1,291,1,0.31064527628203875,True
13,1,0,2,0,291,0,-0.5939951564939324,True
2,0,0,3,1,292,1,0.5710591214110925,True
9,0,2,2,0,292,0,-0.6906112643686193,True
12,1,0,1,1,292,1,0.14612903827828272,True
23,1,2,4,0,292,0,-0.8729152400561848,True
0,0,0,1,1,293,1,1.1176165277783732,True
7,0,1,4,0,293,0,-0.5629642465203809,True
18,1,1,3,1,293,1,1.1552385202476974,True
17,1,1,2,0,293,0,-0.3326257532667122,True
0,0,0,1,1,294,1,1.4534939438405383,True
11,0,2,4,0,294,0,-0.5757234487533223,True
18,1,1,3,1,294,1,1.1863952961314663,True
23,1,2,4,0,294,0,-1.0067650676757516,True
0,0,0,1,1,295,1,0.8461062657092628,True
1,0,0,2,0,295,0,-0.16276385472532207,True
20,1,2,1,1,295,1,0.21817337304053153,True
23,1,2,4,0,295,0,-0.5940437499362266,True
6,0,1,3,1,296,1,0.983031029652348,True
9,0,2,2,0,296,0,-0.12578202026136562,True
22,1,2,3,1,296,0,-0.2700881269391614,False
13,1,0,2,0,296,0,-0.17851681988570842,True
4,0,1,1,1,297,0,-0.0915657167792755,False
5,0,1,2,0,297,0,-1.5313454231773265,True
14,1,0,3,1,297,1,0.5456644479851033,True
13,1,0,2,0,297,0,-0.6549714384125774,True
0,0,0,1,1,298,1,0.7130714053077627,True
1,0,0,2,0,298,0,-0.5794809490653474,True
12,1,0,1,1,298,0,-0.15418092082020077,False
17,1,1,2,0,298,1,0.10404820221823471,False
2,0,0,3,1,299,1,0.5704122763378832,True
9,0,2,2,0,299,0,-0.8404289497419042,True
12,1,0,1,1,299,0,-0.25490370957963315,False
15,1,0,4,0,299,0,-0.5641610054883996,True
0,0,0,1,1,300,1,1.5546826496100667,True
1,0,0,2,0,300,0,-0.30271218694367524,True
16,1,1,1,1,300,0,-0.2852700052014087,False
23,1,2,4,0,300,0,-1.101886500906331,True
0,0,0,1,1,301,1,1.3958642121395128,True
9,0,2,2,0,301,0,-0.7275660782083688,True
16,1,1,1,1,301,1,0.2953064682777972,True
13,1,0,2,0,301,0,-0.688884293236107,True
6,0,1,3,1,302,1,1.7716630050221924,True
1,0,0,2,0,302,0,-0.041103646986513934,True
20,1,2,1,1,302,1,0.12035778115948213,True
17,1,1,2,0,302,1,0.14747954928195728,False
4,0,1,1,1,303,0,-0.21617504067923796,False
7,0,1,4,0,303,0,-0.3766134024982626,True
16,1,1,1,1,303,0,-0.5239991384649589,False
15,1,0,4,0,303,0,-0.27041114649313913,True
4,0,1,1,1,304,0,-0.050036877996788576,False
11,0,2,4,0,304,0,-0.5845484141412038,True
18,1,1,3,1,304,1,0.9979564150749933,True
15,1,0,4,0,304,0,-0.8271501097107352,True
4,0,1,1,1,305,0,-0.4995895748148765,False
3,0,0,4,0,305,0,-0.5740338420836149,True
20,1,2,1,1,305,0,-0.17599432759954287,False
15,1,0,4,0,305,0,-0.6306259713034303,True
6,0,1,3,1,306,1,0.9807957280121975,True
9,0,2,2,0,306,1,0.08411886944356062,False
22,1,2,3,1,306,1,0.14728619265040988,True
21,1,2,2,0,306,0,-0.4153727675233927,True
8,0,2,1,1,307,1,0.6091284105334289,True
11,0,2,4,0,307,0,-1.1178723922948473,True
18,1,1,3,1,307,1,0.5297501975370909,True
21,1,2,2,0,307,0,-0.2014148088168868,True
6,0,1,3,1,308,1,1.2712633220406393,True
5,0,1,2,0,308,0,-1.3145403870538401,True
18,1,1,3,1,308,1,0.7894320947040386,True
13,1,0,2,0,308,0,-0.2834157177785984,True
6,0,1,3,1,309,1,1.1180493830761284,True
11,0,2,4,0,309,0,-0.5691177704546069,True
12,1,0,1,1,309,0,-0.2559955086177704,False
15,1,0,4,0,309,0,-0.6837262791025489,True
6,0,1,3,1,310,1,1.2933237643113302,True
1,0,0,2,0,310,1,0.03632678640913467,False
18,1,1,3,1,310,1,0.9327089194096155,True
17,1,1,2,0,310,0,-0.07515304940481238,True
6,0,1,3,1,311,1,0.9243564583942768,True
3,0,0,4,0,311,0,-0.2936320578761772,True
22,1,2,3,1,311,1,0.7897149489804997,True
19,1,1,4,0,311,0,-1.1559144015202598,True
8,0,2,1,1,312,0,-0.3240291619917715,False
3,0,0,4,0,312,0,-0.5725677678218776,True
22,1,2,3,1,312,0,-0.3911039945076605,False
17,1,1,2,0,312,1,0.1697629495665244,False
2,0,0,3,1,313,1,1.271963282779862,True
7,0,1,4,0,313,0,-0.6722334425992982,True
14,1,0,3,1,313,1,0.03701778406256889,True
15,1,0,4,0,313,0,-1.3494978391964552,True
0,0,0,1,1,314,1,0.9756748900419702,True
1,0,0,2,0,314,0,-0.07509565251539238,True
20,1,2,1,1,314,1,0.6057418123503059,True
21,1,2,2,0,314,0,-0.614087026813554,True
6,0,1,3,1,315,1,1.1094699203025151,True
5,0,1,2,0,315,0,-1.3183336943096886,True
22,1,2,3,1,315,1,0.22578441988159642,True
15,1,0,4,0,315,0,-1.025569825517114,True
10,0,2,3,1,316,1,0.28511192369951893,True
5,0,1,2,0,316,0,-0.8395153814877008,True
22,1,2,3,1,316,1,0.4180467632004185,True
13,1,0,2,0,316,0,-0.3793395442256407,True
10,0,2,3,1,317,1,0.20937754122459834,True
11,0,2,4,0,317,0,-0.7492010641839189,True
20,1,2,1,1,317,1,0.2932264652149649,True
23,1,2,4,0,317,0,-0.8401928303262665,True
2,0,0,3,1,318,1,1.068944206664829,True
7,0,1,4,0,318,0,-0.6871221022104012,True
22,1,2,3,1,318,1,0.22726861122827324,True
13,1,0,2,0,318,1,0.06863687978665868,False
4,0,1,1,1,319,0,-0.3871482133239647,False
3,0,0,4,0,319,0,-1.0705260436469184,True
20,1,2,1,1,319,0,-0.1674506362230252,False
13,1,0,2,0,319,0,-0.36844613639474505,True
4,0,1,1,1,320,1,0.21490438820034813,True
3,0,0,4,0,320,0,-0.771942210357702,True
14,1,0,3,1,320,1,0.6753208789076899,True
13,1,0,2,0,320,0,-0.30172691013566405,True
6,0,1,3,1,321,1,1.319730139195476,True
7,0,1,4,0,321,0,-0.8873612655930361,True
18,1,1,3,1,321,1,1.0004814193471094,True
17,1,1,2,0,321,0,-0.2814448533645237,True
4,0,1,1,1,322,0,-0.569352734439046,False
11,0,2,4,0,322,0,-0.6142840104327921,True
20,1,2,1,1,322,1,0.16827087886854553,True
21,1,2,2,0,322,0,-0.9080732994417923,True
2,0,0,3,1,323,1,1.487637363284636,True
3,0,0,4,0,323,0,-0.4282588349872466,True
20,1,2,1,1,323,1,0.03922173150712405,True
23,1,2,4,0,323,0,-0.542456921393408,True
10,0,2,3,1,324,1,0.2817832851913371,True
7,0,1,4,0,324,0,-0.49241805111147396,True
18,1,1,3,1,324,1,1.1384614966195183,True
17,1,1,2,0,324,0,-0.26575834340333504,True
6,0,1,3,1,325,1,1.6862507203979598,True
1,0,0,2,0,325,0,-0.05301849011445137,True
22,1,2,3,1,325,1,0.08849461106016376,True
17,1,1,2,0,325,1,0.17813058932330483,False
6,0,1,3,1,326,1,0.9627783202707323,True
11,0,2,4,0,326,0,-0.6212495147799779,True
14,1,0,3,1,326,1,0.16575976874454537,True
15,1,0,4,0,326,0,-1.6355445465420755,True
0,0,0,1,1,327,1,0.7125624158889191,True
7,0,1,4,0,327,0,-0.9572660800122755,True
20,1,2,1,1,327,1,0.3890603235282707,True
13,1,0,2,0,327,0,-0.2961578742660461,True
0,0,0,1,1,328,1,1.185508804346815,True
5,0,1,2,0,328,0,-1.1590252485367025,True
16,1,1,1,1,328,0,-0.14944240622895,False
21,1,2,2,0,328,0,-0.3326645945717107,True
10,0,2,3,1,329,0,-0.2443154646028738,False
9,0,2,2,0,329,0,-0.2888914318266842,True
14,1,0,3,1,329,0,-0.40385772272734144,False
19,1,1,4,0,329,0,-1.3838356156965874,True
10,0,2,3,1,330,1,0.10220764702367338,True
1,0,0,2,0,330,0,-0.06864466448574222,True
12,1,0,1,1,330,0,-0.1975394034478922,False
23,1,2,4,0,330,0,-0.8794124697804134,True
10,0,2,3,1,331,0,-0.11745993444625547,False
3,0,0,4,0,331,0,-0.5962189809489675,True
14,1,0,3,1,331,1,0.5276110856633356,True
13,1,0,2,0,331,0,-0.1336490508432442,True
10,0,2,3,1,332,1,0.27765353177205854,True
7,0,1,4,0,332,0,-0.6579569401434078,True
20,1,2,1,1,332,1,0.4433959084585777,True
21,1,2,2,0,332,0,-0.849729909661258,True
8,0,2,1,1,333,1,0.6297171901311246,True
11,0,2,4,0,333,0,-1.1377484411449537,True
14,1,0,3,1,333,1,0.5460447823303937,True
21,1,2,2,0,333,0,-0.30474434824174235,True
4,0,1,1,1,334,0,-0.24959355098410652,False
9,0,2,2,0,334,0,-0.2979138356832174,True
14,1,0,3,1,334,1,0.6800925888107876,True
13,1,0,2,0,334,0,-0.43822312940511954,True
8,0,2,1,1,335,1,0.6223772163186206,True
3,0,0,4,0,335,0,-1.005461709034417,True
12,1,0,1,1,335,1,0.2030020081208118,True
23,1,2,4,0,335,0,-0.9271768914370856,True
8,0,2,1,1,336,1,0.18054228410401152,True
7,0,1,4,0,336,1,0.07811707714258909,False
22,1,2,3,1,336,0,-0.06757684337227665,False
19,1,1,4,0,336,0,-1.1636041339504652,True
8,0,2,1,1,337,0,-0.28248709807393635,False
3,0,0,4,0,337,0,-0.6273550839445826,True
22,1,2,3,1,337,1,0.09734103206834269,True
15,1,0,4,0,337,0,-1.1103889134219926,True
0,0,0,1,1,338,1,0.9472328790472574,True
9,0,2,2,0,338,0,-0.2953475409836276,True
14,1,0,3,1,338,1,0.21014351575062984,True
15,1,0,4,0,338,0,-1.0586927211756767,True
8,0,2,1,1,339,1,0.4381915661140393,True
7,0,1,4,0,339,0,-0.11957808500855874,True
14,1,0,3,1,339,1,0.9777804827450506,True
17,1,1,2,0,339,0,-0.017845360186365206,True
6,0,1,3,1,340,1,1.074200095549467,True
9,0,2,2,0,340,0,-0.3580313725200323,True
14,1,0,3,1,340,0,-0.058210813023545416,False
23,1,2,4,0,340,0,-0.7121256258143014,True
8,0,2,1,1,341,1,0.8741101746434837,True
11,0,2,4,0,341,0,-1.104399869112548,True
14,1,0,3,1,341,1,0.3665327134392574,True
23,1,2,4,0,341,0,-0.8092772977768908,True
6,0,1,3,1,342,1,0.859310326321709,True
5,0,1,2,0,342,0,-1.0989557969391077,True
12,1,0,1,1,342,1,0.0563272707066291,True
19,1,1,4,0,342,0,-1.1714850570092006,True
0,0,0,1,1,343,1,0.9519440729482158,True
7,0,1,4,0,343,0,-0.6905535216545962,True
20,1,2,1,1,343,1,0.6012524050585741,True
21,1,2,2,0,343,0,-0.7297897651344483,True
2,0,0,3,1,344,1,0.8795995500103019,True
5,0,1,2,0,344,0,-1.552142466219082,True
18,1,1,3,1,344,1,0.9871231306267924,True
15,1,0,4,0,344,0,-1.1977124110044715,True
6,0,1,3,1,345,1,0.7841511516465276,True
3,0,0,4,0,345,0,-0.18288392831864916,True
14,1,0,3,1,345,1,0.6778615337747833,True
17,1,1,2,0,345,1,0.060227755832993585,False
8,0,2,1,1,346,1,0.7652359751722108,True
7,0,1,4,0,346,0,-0.36073419108637717,True
12,1,0,1,1,346,1,0.3998198062872854,True
17,1,1,2,0,346,0,-0.047087019902634863,True
4,0,1,1,1,347,0,-0.7202632698913867,False
9,0,2,2,0,347,0,-0.48164253604103097,True
20,1,2,1,1,347,1,0.19437766553582142,True
19,1,1,4,0,347,0,-1.3260016564307673,True
0,0,0,1,1,348,1,0.4882051261228985,True
1,0,0,2,0,348,0,-0.6331224306947414,True
12,1,0,1,1,348,0,-0.4989518476021884,False
15,1,0,4,0,348,0,-0.3936152404093987,True
8,0,2,1,1,349,1,0.611117471471951,True
1,0,0,2,0,349,1,0.09079199907351801,False
14,1,0,3,1,349,1,0.6063174802722346,True
13,1,0,2,0,349,0,-0.46690867073877707,True
0,0,0,1,1,350,1,0.8699924657181434,True
5,0,1,2,0,350,0,-1.348997482597349,True
18,1,1,3,1,350,1,0.8294991114850244,True
21,1,2,2,0,350,0,-0.3374308438043784,True
8,0,2,1,1,351,1,0.1687832040407713,True
3,0,0,4,0,351,0,-0.8112604285726999,True
20,1,2,1,1,351,1,0.3416481265086837,True
21,1,2,2,0,351,0,-0.6208887798714837,True
2,0,0,3,1,352,1,1.0655944067215475,True
1,0,0,2,0,352,0,-0.014297521129636837,True
20,1,2,1,1,352,1,0.5120313076335363,True
19,1,1,4,0,352,0,-1.3211040009633437,True
10,0,2,3,1,353,1,0.4464346083469442,True
11,0,2,4,0,353,0,-0.522896428295516,True
12,1,0,1,1,353,0,-0.13647407873510192,False
23,1,2,4,0,353,0,-0.7532125947356463,True
8,0,2,1,1,354,1,0.5225986657900157,True
11,0,2,4,0,354,0,-0.9539870501447856,True
18,1,1,3,1,354,1,0.7119265504158003,True
19,1,1,4,0,354,0,-1.298208447307706,True
6,0,1,3,1,355,1,1.5751775565838753,True
5,0,1,2,0,355,0,-1.3895320111107903,True
20,1,2,1,1,355,1,0.13290627043349018,True
13,1,0,2,0,355,0,-0.5392945664879896,True
6,0,1,3,1,356,1,1.47105404557745,True
11,0,2,4,0,356,0,-0.2728642572740458,True
16,1,1,1,1,356,0,-0.09625504379690403,False
17,1,1,2,0,356,0,-0.23364273017563159,True
2,0,0,3,1,357,1,1.1769546141992506,True
1,0,0,2,0,357,0,-0.4941950578691927,True
12,1,0,1,1,357,1,0.030976932574486638,True
17,1,1,2,0,357,1,0.015758454895794527,False
6,0,1,3,1,358,1,1.1481037685122493,True
9,0,2,2,0,358,0,-0.656182896906464,True
18,1,1,3,1,358,1,0.9645916083612898,True
15,1,0,4,0,358,0,-1.1643445549658962,True
6,0,1,3,1,359,1,1.5449599818676216,True
11,0,2,4,0,359,0,-0.46625264253315263,True
20,1,2,1,1,359,1,0.2843337837833852,True
23,1,2,4,0,359,0,-0.7125885233226616,True
4,0,1,1,1,360,0,-0.5553233954711495,False
9,0,2,2,0,360,0,-0.5128610639346086,True
14,1,0,3,1,360,1,0.6613874014237978,True
15,1,0,4,0,360,0,-0.8996679781739293,True
2,0,0,3,1,361,1,1.2285626551527526,True
1,0,0,2,0,361,0,-0.25698853453461357,True
20,1,2,1,1,361,1,0.18957669981610625,True
23,1,2,4,0,361,0,-0.5162793604949937,True
10,0,2,3,1,362,1,0.21008934524331063,True
1,0,0,2,0,362,0,-0.10466790440046098,True
18,1,1,3,1,362,1,1.0653197160810086,True
23,1,2,4,0,362,0,-1.1868394369746047,True
8,0,2,1,1,363,1,0.9961021521020919,True
11,0,2,4,0,363,0,-0.844250905641529,True
12,1,0,1,1,363,1,0.41114890019706923,True
21,1,2,2,0,363,0,-0.4896554413511817,True
6,0,1,3,1,364,1,1.2849546057336323,True
9,0,2,2,0,364,0,-0.3575910228320615,True
20,1,2,1,1,364,1,0.6221050478380541,True
19,1,1,4,0,364,0,-1.480019169919898,True
6,0,1,3,1,365,1,1.3536573039871882,True
11,0,2,4,0,365,0,-0.5579284397458572,True
16,1,1,1,1,365,0,-0.8994376533979721,False
15,1,0,4,0,365,0,-0.5973976467565719,True
10,0,2,3,1,366,0,-0.1057646113110201,False
1,0,0,2,0,366,1,0.11882518959495514,False
16,1,1,1,1,366,0,-0.1844470644761368,False
13,1,0,2,0,366,0,-0.32706032991252865,True
4,0,1,1,1,367,1,0.09146142556195812,True
3,0,0,4,0,367,0,-0.5834917926509984,True
14,1,0,3,1,367,1,0.6583160099070466,True
23,1,2,4,0,367,0,-0.9284270085988544,True
0,0,0,1,1,368,1,0.8240976871692325,True
3,0,0,4,0,368,0,-0.8904768191074466,True
12,1,0,1,1,368,1,0.07557400563212874,True
17,1,1,2,0,368,0,-0.04153211951552588,True
0,0,0,1,1,369,1,1.5212821938674188,True
11,0,2,4,0,369,0,-0.5300289188716937,True
16,1,1,1,1,369,1,0.011936548850655426,True
13,1,0,2,0,369,0,-0.62050216269606,True
0,0,0,1,1,370,1,0.8289476412860436,True
5,0,1,2,0,370,0,-1.1846025557948523,True
14,1,0,3,1,370,1,0.3516359408357216,True
13,1,0,2,0,370,0,-0.5865343612143411,True
2,0,0,3,1,371,1,0.9415064480999953,True
3,0,0,4,0,371,0,-0.7184172909259927,True
14,1,0,3,1,371,1,0.20585487468216662,True
15,1,0,4,0,371,0,-1.2802569247043825,True
8,0,2,1,1,372,1,0.3809234931883353,True
3,0,0,4,0,372,0,-0.47514513281504855,True
14,1,0,3,1,372,1,0.6684981845118033,True
23,1,2,4,0,372,0,-0.7636770624158021,True
0,0,0,1,1,373,1,0.6032902912276578,True
9,0,2,2,0,373,0,-0.7974956851962084,True
12,1,0,1,1,373,0,-0.17282330761501058,False
19,1,1,4,0,373,0,-1.326451535611485,True
2,0,0,3,1,374,1,0.9174303426217372,True
9,0,2,2,0,374,0,-0.13878241835002347,True
14,1,0,3,1,374,0,-0.019974111804676564,False
19,1,1,4,0,374,0,-1.2012624738986886,True
6,0,1,3,1,375,1,1.2578817655553274,True
11,0,2,4,0,375,0,-0.5819825926252822,True
18,1,1,3,1,375,1,0.8925817354947845,True
21,1,2,2,0,375,0,-0.4989732881312183,True
6,0,1,3,1,376,1,1.0654486423282232,True
9,0,2,2,0,376,0,-0.8900823286046224,True
12,1,0,1,1,376,1,0.1498940579809404,True
13,1,0,2,0,376,0,-0.5769920943087901,True
4,0,1,1,1,377,0,-0.01814281012315215,False
3,0,0,4,0,377,0,-0.6457428900559316,True
14,1,0,3,1,377,1,0.6911587283419026,True
19,1,1,4,0,377,0,-1.324910968377122,True
8,0,2,1,1,378,1,0.04054913567332266,True
7,0,1,4,0,378,1,0.3131780175259714,False
16,1,1,1,1,378,0,-0.7411090812780908,False
21,1,2,2,0,378,0,-0.3293521301675756,True
10,0,2,3,1,379,0,-0.10396760336990013,False
5,0,1,2,0,379,0,-1.0398625881497328,True
14,1,0,3,1,379,1,0.09035768783276549,True
21,1,2,2,0,379,0,-0.3834181380735097,True
2,0,0,3,1,380,1,1.3032558759808859,True
3,0,0,4,0,380,0,-0.43769972227763426,True
14,1,0,3,1,380,1,0.32174962480996,True
23,1,2,4,0,380,0,-0.5699570222671004,True
2,0,0,3,1,381,1,1.1150919694697028,True
7,0,1,4,0,381,1,0.013430032579775375,False
16,1,1,1,1,381,0,-0.7216385173175808,False
21,1,2,2,0,381,0,-0.46988510086437474,True
6,0,1,3,1,382,1,1.3638317589343392,True
1,0,0,2,0,382,1,0.22890254741843877,False
14,1,0,3,1,382,1,0.26039363584213815,True
23,1,2,4,0,382,0,-0.8768324448461726,True
6,0,1,3,1,383,1,1.1829499169316529,True
3,0,0,4,0,383,0,-0.8467786464091158,True
16,1,1,1,1,383,0,-0.5382496133135242,False
23,1,2,4,0,383,0,-0.8241584713419685,True
10,0,2,3,1,384,1,0.09380962286497786,True
9,0,2,2,0,384,0,-0.8138388023377459,True
18,1,1,3,1,384,1,1.0527526222084556,True
23,1,2,4,0,384,0,-1.3082922426886137,True
8,0,2,1,1,385,1,0.7137765915017541,True
5,0,1,2,0,385,0,-1.545220960160186,True
20,1,2,1,1,385,1,0.16705474060849088,True
23,1,2,4,0,385,0,-0.4944535693679727,True
10,0,2,3,1,386,1,0.32644391627899594,True
11,0,2,4,0,386,0,-0.9172797140672461,True
22,1,2,3,1,386,1,0.3260225594438947,True
19,1,1,4,0,386,0,-1.5328822852479211,True
4,0,1,1,1,387,0,-0.08786268816059749,False
5,0,1,2,0,387,0,-1.7018448036951803,True
22,1,2,3,1,387,1,0.23542117022981723,True
19,1,1,4,0,387,0,-1.4572253815246718,True
2,0,0,3,1,388,1,0.8162293348399132,True
1,0,0,2,0,388,1,0.13702901737951595,False
12,1,0,1,1,388,0,-0.08226830961635895,False
19,1,1,4,0,388,0,-1.0060282789950257,True
8,0,2,1,1,389,1,0.4886685641685456,True
7,0,1,4,0,389,0,-0.253548399045808,True
20,1,2,1,1,389,1,0.3409011098892026,True
15,1,0,4,0,389,0,-1.0798598956611067,True
10,0,2,3,1,390,1,0.3318811734340376,True
5,0,1,2,0,390,0,-0.7119225034762258,True
12,1,0,1,1,390,1,0.0968911261482856,True
17,1,1,2,0,390,0,-0.04906404854142049,True
2,0,0,3,1,391,1,1.3594898924321606,True
1,0,0,2,0,391,0,-0.21910153836896154,True
20,1,2,1,1,391,1,0.34310820361061956,True
21,1,2,2,0,391,0,-0.9461436378616929,True
8,0,2,1,1,392,1,0.23697269496078072,True
7,0,1,4,0,392,1,0.31787708753806193,False
16,1,1,1,1,392,0,-0.6012567548122241,False
13,1,0,2,0,392,0,-1.0497004856696335,True
8,0,2,1,1,393,1,0.6802364273022975,True
5,0,1,2,0,393,0,-1.2218246670643467,True
14,1,0,3,1,393,1,0.591803530473829,True
17,1,1,2,0,393,1,0.07049516517020582,False
10,0,2,3,1,394,1,0.36972294072025,True
11,0,2,4,0,394,0,-0.5596414028892762,True
16,1,1,1,1,394,0,-0.5773534874069175,False
19,1,1,4,0,394,0,-1.3710721833931534,True
4,0,1,1,1,395,0,-0.22490538901776447,False
5,0,1,2,0,395,0,-1.736809393726741,True
14,1,0,3,1,395,1,0.7174180191804104,True
19,1,1,4,0,395,0,-1.5021954680755627,True
0,0,0,1,1,396,1,1.0560112804874124,True
11,0,2,4,0,396,0,-0.7112467252483718,True
14,1,0,3,1,396,1,0.3669799445129411,True
13,1,0,2,0,396,0,-0.20588202044819975,True
2,0,0,3,1,397,1,0.8815652339279191,True
3,0,0,4,0,397,0,-0.21499885438768895,True
18,1,1,3,1,397,1,0.6550004148644196,True
19,1,1,4,0,397,0,-1.16378869855469,True
4,0,1,1,1,398,0,-0.013390710452896817,False
3,0,0,4,0,398,0,-0.561059665145753,True
22,1,2,3,1,398,1,0.3429031232544401,True
19,1,1,4,0,398,0,-1.0673225177960726,True
6,0,1,3,1,399,1,1.009973655304704,True
3,0,0,4,0,399,0,-0.396382034148446,True
22,1,2,3,1,399,1,0.7199966082390918,True
17,1,1,2,0,399,0,-0.1755816927734532,True
2,0,0,3,1,400,1,0.8698955040641022,True
7,0,1,4,0,400,0,-0.03331385238655826,True
16,1,1,1,1,400,0,-0.5418602543590562,False
13,1,0,2,0,400,0,-0.6364113539893398,True
4,0,1,1,1,401,0,-0.45115952583855,False
7,0,1,4,0,401,0,-0.5692337439731928,True
22,1,2,3,1,401,1,0.2271368289038823,True
19,1,1,4,0,401,0,-1.1529822897902502,True
10,0,2,3,1,402,0,-0.05006258011455671,False
9,0,2,2,0,402,0,-0.8366852962879754,True
20,1,2,1,1,402,1,0.18341200677125008,True
13,1,0,2,0,402,0,-0.03276551463202075,True
6,0,1,3,1,403,1,1.5193042336037057,True
7,0,1,4,0,403,0,-0.70224179103892,True
14,1,0,3,1,403,1,0.5897388574986455,True
21,1,2,2,0,403,0,-0.7036653442703189,True
0,0,0,1,1,404,1,0.9893649799886921,True
1,0,0,2,0,404,1,0.5428716818262176,False
20,1,2,1,1,404,1,0.16344776386760085,True
13,1,0,2,0,404,1,0.04113466486039474,False
0,0,0,1,1,405,1,1.4503374021262545,True
1,0,0,2,0,405,0,-0.21795047907671683,True
16,1,1,1,1,405,1,0.14309281153772813,True
13,1,0,2,0,405,0,-0.5764857420995433,True
6,0,1,3,1,406,1,1.2264816589742482,True
9,0,2,2,0,406,0,-0.6607962558467184,True
16,1,1,1,1,406,0,-0.32525033076107573,False
21,1,2,2,0,406,0,-0.3104325758954383,True
0,0,0,1,1,407,1,1.0404025110179789,True
3,0,0,4,0,407,0,-0.503441900850169,True
18,1,1,3,1,407,1,0.6814047670025919,True
15,1,0,4,0,407,0,-0.8807311026287586,True
6,0,1,3,1,408,1,1.5308926298256682,True
1,0,0,2,0,408,1,0.0038338748358088814,False
16,1,1,1,1,408,0,-0.6662215160123401,False
19,1,1,4,0,408,0,-1.1831683335467988,True
2,0,0,3,1,409,1,0.8304058473073701,True
9,0,2,2,0,409,0,-0.5956809281008615,True
18,1,1,3,1,409,1,0.9054527940146839,True
15,1,0,4,0,409,0,-1.1836302075523422,True
6,0,1,3,1,410,1,1.2189670031945652,True
5,0,1,2,0,410,0,-1.426451673734428,True
18,1,1,3,1,410,1,0.7668355183249199,True
19,1,1,4,0,410,0,-1.0864089045277967,True
2,0,0,3,1,411,1,1.0203796632629345,True
7,0,1,4,0,411,0,-0.39782716905004234,True
18,1,1,3,1,411,1,1.136077204953339,True
21,1,2,2,0,411,0,-0.599824078161582,True
6,0,1,3,1,412,1,1.2128260348123696,True
1,0,0,2,0,412,1,0.09612183506519761,False
22,1,2,3,1,412,1,0.040210391659441014,True
15,1,0,4,0,412,0,-1.2186746963016866,True
0,0,0,1,1,413,1,1.020182840389702,True
1,0,0,2,0,413,0,-0.1587902925233981,True
14,1,0,3,1,413,1,0.11217997829737941,True
15,1,0,4,0,413,0,-1.675739033829113,True
4,0,1,1,1,414,0,-0.09777757786311914,False
9,0,2,2,0,414,0,-1.0119705660991347,True
12,1,0,1,1,414,0,-0.1873779955585262,False
17,1,1,2,0,414,0,-0.17327554291248703,True
0,0,0,1,1,415,1,1.5650264938903191,True
11,0,2,4,0,415,0,-0.5448560311284745,True
16,1,1,1,1,415,0,-0.20739546111839974,False
23,1,2,4,0,415,0,-0.9350919935772544,True
10,0,2,3,1,416,0,-0.11435070803179065,False
9,0,2,2,0,416,0,-0.5780396590011334,True
14,1,0,3,1,416,0,-0.08624174325865502,False
17,1,1,2,0,416,0,-0.21257970404526744,True
0,0,0,1,1,417,1,0.8084379668864732,True
7,0,1,4,0,417,0,-0.7421086545231961,True
18,1,1,3,1,417,1,0.7908456070721575,True
13,1,0,2,0,417,0,-0.21909445476726702,True
2,0,0,3,1,418,1,1.0941356283484702,True
3,0,0,4,0,418,0,-0.7621372712101658,True
12,1,0,1,1,418,0,-0.10078009761663989,False
15,1,0,4,0,418,0,-0.39346918648906415,True
6,0,1,3,1,419,1,1.2373213760696211,True
7,0,1,4,0,419,0,-0.3511723616853113,True
22,1,2,3,1,419,1,0.5715801695728773,True
19,1,1,4,0,419,0,-1.0193526929208103,True
6,0,1,3,1,420,1,1.854600919053998,True
1,0,0,2,0,420,1,0.20500513437442008,False
20,1,2,1,1,420,1,0.23550986898777743,True
15,1,0,4,0,420,0,-1.1385725095506742,True
0,0,0,1,1,421,1,0.8500543867296281,True
5,0,1,2,0,421,0,-1.0804299078835644,True
20,1,2,1,1,421,1,0.12908532494627253,True
17,1,1,2,0,421,1,0.018857213831085046,False
0,0,0,1,1,422,1,1.3510820464482307,True
1,0,0,2,0,422,0,-0.28785054234573626,True
22,1,2,3,1,422,0,-0.1951598809576709,False
23,1,2,4,0,422,0,-1.5174176941470983,True
10,0,2,3,1,423,1,0.3551727769710606,True
11,0,2,4,0,423,0,-0.5837013488782838,True
12,1,0,1,1,423,1,0.08171677317922937,True
13,1,0,2,0,423,0,-0.6541031632328431,True
4,0,1,1,1,424,0,-0.721816953259241,False
1,0,0,2,0,424,0,-0.2142177177302412,True
20,1,2,1,1,424,0,-0.12812477002734832,False
15,1,0,4,0,424,0,-1.0802938834130202,True
2,0,0,3,1,425,1,0.016451244591443648,True
5,0,1,2,0,425,0,-1.199524602624415,True
22,1,2,3,1,425,1,0.1491078496863324,True
19,1,1,4,0,425,0,-1.2968068014765666,True
6,0,1,3,1,426,1,1.5613056697203311,True
1,0,0,2,0,426,0,-0.1811260187841098,True
14,1,0,3,1,426,1,0.5376729054987462,True
17,1,1,2,0,426,1,0.06268782550486254,False
0,0,0,1,1,427,1,1.2308421390242104,True
5,0,1,2,0,427,0,-1.0737472974103723,True
18,1,1,3,1,427,1,0.999948400215406,True
15,1,0,4,0,427,0,-0.7619383406622764,True
10,0,2,3,1,428,1,0.030507919057398525,True
5,0,1,2,0,428,0,-0.7275651778107004,True
14,1,0,3,1,428,1,0.14066100838974666,True
17,1,1,2,0,428,0,-0.0925192118722788,True
2,0,0,3,1,429,1,1.371080892592047,True
5,0,1,2,0,429,0,-1.463624741849801,True
20,1,2,1,1,429,1,0.28445377285413675,True
13,1,0,2,0,429,0,-0.3966217401306822,True
2,0,0,3,1,430,1,1.3492085790434543,True
1,0,0,2,0,430,0,-0.12109744272639295,True
22,1,2,3,1,430,1,0.356238545524665,True
21,1,2,2,0,430,0,-0.6210867696350417,True
10,0,2,3,1,431,1,0.21831207564661687,True
7,0,1,4,0,431,0,-0.3902334164036169,True
18,1,1,3,1,431,1,0.9753690265554134,True
15,1,0,4,0,431,0,-0.6943533280531045,True
0,0,0,1,1,432,1,1.5536915228837958,True
11,0,2,4,0,432,0,-0.47647205108922525,True
16,1,1,1,1,432,0,-0.3175121502005733,False
19,1,1,4,0,432,0,-1.3698857873631993,True
2,0,0,3,1,433,1,0.8972672677005131,True
5,0,1,2,0,433,0,-1.6852240459672791,True
18,1,1,3,1,433,1,1.0354028448044104,True
21,1,2,2,0,433,0,-0.5430823113918612,True
2,0,0,3,1,434,1,0.7992538689396137,True
7,0,1,4,0,434,0,-0.8363783199400113,True
12,1,0,1,1,434,0,-0.28764636121298637,False
21,1,2,2,0,434,0,-0.7362364405091376,True
2,0,0,3,1,435,1,0.8401149638983035,True
5,0,1,2,0,435,0,-1.3501273298215695,True
14,1,0,3,1,435,0,-0.1659117771312776,False
19,1,1,4,0,435,0,-1.1694677870570638,True
6,0,1,3,1,436,1,1.3218396785897484,True
1,0,0,2,0,436,1,0.6053345030069399,False
22,1,2,3,1,436,1,0.6139355536550128,True
19,1,1,4,0,436,0,-1.0861570089816779,True
6,0,1,3,1,437,1,1.3422017155221129,True
1,0,0,2,0,437,1,0.033404125824206155,False
22,1,2,3,1,437,1,0.11427669890789449,True
23,1,2,4,0,437,0,-1.5113696759211654,True
10,0,2,3,1,438,0,-0.3296264833906921,False
11,0,2,4,0,438,0,-1.1363097752573719,True
14,1,0,3,1,438,0,-0.24880207424923387,False
19,1,1,4,0,438,0,-1.4577367278866964,True
8,0,2,1,1,439,1,0.6423839894510319,True
11,0,2,4,0,439,0,-0.8364900139405993,True
16,1,1,1,1,439,0,-0.15442530481946193,False
15,1,0,4,0,439,0,-0.8116671039909935,True
10,0,2,3,1,440,1,0.24202262641361538,True
7,0,1,4,0,440,0,-0.6131659967306613,True
20,1,2,1,1,440,1,0.27750049966854706,True
23,1,2,4,0,440,0,-0.8231199771603548,True
10,0,2,3,1,441,1,0.2114647565181909,True
9,0,2,2,0,441,0,-0.9789569857835889,True
12,1,0,1,1,441,0,-0.04988147209340327,False
23,1,2,4,0,441,0,-0.9048424926203198,True
2,0,0,3,1,442,1,1.095966006306906,True
1,0,0,2,0,442,0,-0.27352050268482814,True
12,1,0,1,1,442,0,-0.2592450860176904,False
15,1,0,4,0,442,0,-0.6195871820547667,True
4,0,1,1,1,443,0,-0.36143146582711844,False
3,0,0,4,0,443,0,-1.342983626048882,True
16,1,1,1,1,443,0,-0.6795904428869981,False
19,1,1,4,0,443,0,-1.2043046123516834,True
10,0,2,3,1,444,1,0.0858029379573392,True
7,0,1,4,0,444,0,-0.5482315554303282,True
14,1,0,3,1,444,1,0.403491707540392,True
17,1,1,2,0,444,0,-0.14305496790688318,True
10,0,2,3,1,445,1,0.21060564172091026,True
5,0,1,2,0,445,0,-1.0011830831230242,True
12,1,0,1,1,445,1,0.31654369137834854,True
21,1,2,2,0,445,0,-0.45914859855507034,True
10,0,2,3,1,446,1,0.3083792342689163,True
9,0,2,2,0,446,0,-0.8285380414301584,True
12,1,0,1,1,446,0,-0.04115460471103155,False
19,1,1,4,0,446,0,-1.4087353960267808,True
2,0,0,3,1,447,1,0.9368367030479154,True
7,0,1,4,0,447,0,-0.7307838533288393,True
12,1,0,1,1,447,0,-0.07590425609520854,False
17,1,1,2,0,447,0,-0.07322496390895769,True
10,0,2,3,1,448,1,0.21541135591669114,True
5,0,1,2,0,448,0,-1.0172161607624228,True
16,1,1,1,1,448,0,-0.33010842905104554,False
23,1,2,4,0,448,0,-1.1144466853854635,True
8,0,2,1,1,449,1,0.6433271924491668,True
3,0,0,4,0,449,0,-1.0277104386439595,True
12,1,0,1,1,449,1,0.25870040864779914,True
21,1,2,2,0,449,0,-0.4433861240341141,True
10,0,2,3,1,450,0,-0.0772148038625265,False
3,0,0,4,0,450,0,-0.5245798165976048,True
14,1,0,3,1,450,1,0.16533153003640416,True
19,1,1,4,0,450,0,-1.4793719296072432,True
4,0,1,1,1,451,0,-0.7080055071605894,False
7,0,1,4,0,451,0,-0.9357242694028963,True
12,1,0,1,1,451,0,-0.034331968869320134,False
21,1,2,2,0,451,0,-0.6425983682512978,True
4,0,1,1,1,452,0,-0.5819695236179394,False
7,0,1,4,0,452,0,-0.8949064940006644,True
14,1,0,3,1,452,1,0.6951052056128855,True
23,1,2,4,0,452,0,-0.8510266142611498,True
10,0,2,3,1,453,1,0.3637862549491707,True
5,0,1,2,0,453,0,-1.1746149272245336,True
20,1,2,1,1,453,1,0.17881084665401648,True
19,1,1,4,0,453,0,-1.7264299341016551,True
6,0,1,3,1,454,1,1.091521852503685,True
7,0,1,4,0,454,0,-0.5131260366210249,True
22,1,2,3,1,454,1,0.058628146605156396,True
13,1,0,2,0,454,0,-0.39996570376376955,True
2,0,0,3,1,455,1,1.1235346699917539,True
9,0,2,2,0,455,0,-0.8917832141073719,True
16,1,1,1,1,455,1,0.0446810848241076,True
17,1,1,2,0,455,0,-0.26329585399328337,True
10,0,2,3,1,456,1,0.1779347339465107,True
5,0,1,2,0,456,0,-1.008560971504585,True
18,1,1,3,1,456,1,0.8787294319776442,True
15,1,0,4,0,456,0,-0.6583812900823616,True
10,0,2,3,1,457,1,0.47739041496861734,True
1,0,0,2,0,457,0,-0.2863027789699296,True
22,1,2,3,1,457,0,-0.10565704857243227,False
17,1,1,2,0,457,1,0.15564410621150762,False
8,0,2,1,1,458,0,-0.0490775858861176,False
3,0,0,4,0,458,0,-0.6385705155150994,True
18,1,1,3,1,458,1,0.6846669275426269,True
19,1,1,4,0,458,0,-1.2139252051912297,True
10,0,2,3,1,459,1,0.5105181288113902,True
11,0,2,4,0,459,0,-0.5100931815927021,True
12,1,0,1,1,459,0,-0.08789836044968707,False
17,1,1,2,0,459,0,-0.14458595176715422,True
4,0,1,1,1,460,0,-0.4694886666590089,False
11,0,2,4,0,460,0,-0.37519879301072023,True
12,1,0,1,1,460,0,-0.3486931479507688,False
19,1,1,4,0,460,0,-1.268761893716917,True
6,0,1,3,1,461,1,1.2548726215788892,True
11,0,2,4,0,461,0,-0.4842652599167255,True
12,1,0,1,1,461,0,-0.12417606865255354,False
21,1,2,2,0,461,0,-0.6437678158475972,True
4,0,1,1,1,462,0,-0.2958222024431267,False
1,0,0,2,0,462,0,-0.30374356948708064,True
16,1,1,1,1,462,0,-0.48930883033425604,False
19,1,1,4,0,462,0,-1.0734028390161205,True
0,0,0,1,1,463,1,0.6960682140234512,True
5,0,1,2,0,463,0,-1.4092334645883713,True
20,1,2,1,1,463,1,0.09300714424416634,True
23,1,2,4,0,463,0,-0.6596931066373154,True
8,0,2,1,1,464,1,0.553928241494672,True
7,0,1,4,0,464,0,-0.06468819872235286,True
14,1,0,3,1,464,1,0.8786897418104471,True
19,1,1,4,0,464,0,-1.2692993888658715,True
4,0,1,1,1,465,0,-0.25918048396952403,False
9,0,2,2,0,465,0,-0.8460880716045767,True
16,1,1,1,1,465,0,-0.18415396649546462,False
23,1,2,4,0,465,0,-1.2077458285654823,True
2,0,0,3,1,466,1,1.4226444713986215,True
7,0,1,4,0,466,0,-0.351960883826658,True
14,1,0,3,1,466,1,0.6414880503056627,True
17,1,1,2,0,466,1,0.045782368607854534,False
4,0,1,1,1,467,1,0.03657357962969737,True
9,0,2,2,0,467,0,-0.1270736375913874,True
22,1,2,3,1,467,0,-0.20598267941693077,False
15,1,0,4,0,467,0,-0.8622865177059453,True
6,0,1,3,1,468,1,1.2055459664605517,True
7,0,1,4,0,468,0,-0.7167839250887875,True
18,1,1,3,1,468,1,0.9699974864892009,True
19,1,1,4,0,468,0,-1.0347866112959416,True
2,0,0,3,1,469,1,1.078641634669557,True
11,0,2,4,0,469,0,-0.6635615509562376,True
22,1,2,3,1,469,1,0.20638345079363868,True
23,1,2,4,0,469,0,-0.9260957554564433,True
6,0,1,3,1,470,1,0.9645693237477043,True
5,0,1,2,0,470,0,-1.185103137599529,True
14,1,0,3,1,470,1,0.3046211071163053,True
23,1,2,4,0,470,0,-0.5045265370081998,True
0,0,0,1,1,471,1,1.1557712861815084,True
7,0,1,4,0,471,0,-0.44896950668563834,True
16,1,1,1,1,471,0,-0.10884563005994258,False
23,1,2,4,0,471,0,-0.9699270618588551,True
0,0,0,1,1,472,1,1.356002162651762,True
3,0,0,4,0,472,0,-0.7446625001061934,True
16,1,1,1,1,472,1,0.2710745512026266,True
13,1,0,2,0,472,0,-0.5374311116386373,True
10,0,2,3,1,473,1,0.3292840545450609,True
3,0,0,4,0,473,0,-1.0449748675086048,True
16,1,1,1,1,473,0,-0.3507123483844476,False
23,1,2,4,0,473,0,-1.0432101960937898,True
10,0,2,3,1,474,0,-0.06455290130466843,False
3,0,0,4,0,474,0,-1.0250381088432503,True
14,1,0,3,1,474,1,0.048804062134401395,True
21,1,2,2,0,474,0,-0.44882374666428254,True
10,0,2,3,1,475,1,0.22147566597979326,True
11,0,2,4,0,475,0,-0.6484818816746906,True
18,1,1,3,1,475,1,1.04435025244855,True
23,1,2,4,0,475,0,-1.1595448963696409,True
8,0,2,1,1,476,1,0.23377312112645404,True
1,0,0,2,0,476,1,0.019747013090473386,False
22,1,2,3,1,476,1,0.15748393445702297,True
19,1,1,4,0,476,0,-1.3144405899221248,True
8,0,2,1,1,477,1,0.3564859122700608,True
9,0,2,2,0,477,0,-0.016282574758405388,True
22,1,2,3,1,477,0,-0.30383168282674217,False
23,1,2,4,0,477,0,-1.7237673589507405,True
10,0,2,3,1,478,1,0.4487716385600192,True
11,0,2,4,0,478,0,-0.6797010045931714,True
16,1,1,1,1,478,0,-0.4915321673726468,False
21,1,2,2,0,478,0,-0.3950595897296797,True
10,0,2,3,1,479,1,0.28817719384309726,True
5,0,1,2,0,479,0,-0.8083239396247919,True
16,1,1,1,1,479,1,0.2740502723073126,True
17,1,1,2,0,479,0,-0.24943880477630032,True
8,0,2,1,1,480,1,0.42778712753426473,True
7,0,1,4,0,480,0,-0.2406844204956787,True
20,1,2,1,1,480,1,0.7327249653722759,True
21,1,2,2,0,480,0,-0.48039279983755423,True
8,0,2,1,1,481,1,1.1009620524445964,True
5,0,1,2,0,481,0,-1.3273758908781585,True
12,1,0,1,1,481,1,0.41146595383478896,True
23,1,2,4,0,481,0,-0.7821608993733091,True
2,0,0,3,1,482,1,1.3998912283824914,True
1,0,0,2,0,482,0,-0.5235079506253304,True
14,1,0,3,1,482,1,0.5544919355643656,True
17,1,1,2,0,482,1,0.10827872295615168,False
10,0,2,3,1,483,0,-0.05358509011331969,False
1,0,0,2,0,483,0,-0.2718480042808269,True
20,1,2,1,1,483,1,0.08581549134881938,True
15,1,0,4,0,483,0,-0.851058545724886,True
2,0,0,3,1,484,1,0.6777983467771393,True
9,0,2,2,0,484,0,-0.5343401023850147,True
18,1,1,3,1,484,1,0.9842401889093588,True
19,1,1,4,0,484,0,-1.1850311823152497,True
8,0,2,1,1,485,1,0.7515552440969298,True
5,0,1,2,0,485,0,-1.6314267236664304,True
14,1,0,3,1,485,1,0.6982460467828078,True
19,1,1,4,0,485,0,-1.6499128713178453,True
10,0,2,3,1,486,1,0.3281623467489272,True
7,0,1,4,0,486,0,-0.23709110368073816,True
22,1,2,3,1,486,1,0.5366192658592555,True
19,1,1,4,0,486,0,-1.3692815778912335,True
4,0,1,1,1,487,0,-0.7266502372048249,False
1,0,0,2,0,487,0,-0.212226164029933,True
20,1,2,1,1,487,0,-0.024818112698933525,False
23,1,2,4,0,487,0,-0.6498983468297306,True
0,0,0,1,1,488,1,0.9442497578020683,True
1,0,0,2,0,488,0,-0.11585397385979322,True
20,1,2,1,1,488,1,0.40888762770810505,True
19,1,1,4,0,488,0,-1.5420517952509032,True
10,0,2,3,1,489,0,-0.27033997197984716,False
1,0,0,2,0,489,1,0.508821091918096,False
20,1,2,1,1,489,0,-0.018415820854916984,False
13,1,0,2,0,489,1,0.3221418487123633,False
6,0,1,3,1,490,1,1.0586127992426229,True
3,0,0,4,0,490,0,-0.3578676276266386,True
18,1,1,3,1,490,1,0.596787482562716,True
19,1,1,4,0,490,0,-1.3912011535745932,True
8,0,2,1,1,491,1,0.35391373933613685,True
3,0,0,4,0,491,0,-0.9002582985562515,True
18,1,1,3,1,491,1,0.698950901389652,True
13,1,0,2,0,491,0,-0.15374569667155918,True
0,0,0,1,1,492,1,1.2168921357945195,True
5,0,1,2,0,492,0,-1.1899985554275865,True
16,1,1,1,1,492,1,0.0363932444766874,True
19,1,1,4,0,492,0,-1.451269959500937,True
2,0,0,3,1,493,1,1.207395256509222,True
3,0,0,4,0,493,0,-1.132890983480127,True
16,1,1,1,1,493,0,-0.6789931206777406,False
21,1,2,2,0,493,0,-0.42171473855983416,True
8,0,2,1,1,494,1,0.511029390243791,True
3,0,0,4,0,494,0,-0.7312355727000843,True
12,1,0,1,1,494,1,0.39820444612476913,True
15,1,0,4,0,494,0,-0.8402600067159864,True
10,0,2,3,1,495,1,0.2842625941563718,True
3,0,0,4,0,495,0,-0.9657449604710732,True
12,1,0,1,1,495,1,0.1408568358555914,True
21,1,2,2,0,495,0,-0.47463400659160804,True
6,0,1,3,1,496,1,1.167637993772962,True
7,0,1,4,0,496,0,-0.8124597177632698,True
14,1,0,3,1,496,1,0.5331672088526296,True
19,1,1,4,0,496,0,-1.334580747110555,True
4,0,1,1,1,497,0,-0.8797625579398413,False
7,0,1,4,0,497,0,-0.9412477800093119,True
20,1,2,1,1,497,1,0.12939034762611631,True
19,1,1,4,0,497,0,-1.2505537753275808,True
2,0,0,3,1,498,1,1.3530079390246947,True
11,0,2,4,0,498,0,-0.62965814618341,True
14,1,0,3,1,498,1,0.05108625532822353,True
15,1,0,4,0,498,0,-1.6136375530717308,True
2,0,0,3,1,499,1,1.2631167583835619,True
3,0,0,4,0,499,0,-0.8699094185237732,True
16,1,1,1,1,499,0,-0.6862599312971418,False
19,1,1,4,0,499,0,-1.450114290772008,True
4,0,1,1,1,500,0,-0.1887027886499688,False
1,0,0,2,0,500,0,-0.29092816758050266,True
22,1,2,3,1,500,1,0.0036526032878014675,True
15,1,0,4,0,500,0,-1.004278478793377,True
4,0,1,1,1,501,0,-0.1280158833189169,False
11,0,2,4,0,501,0,-0.4442114803919395,True
18,1,1,3,1,501,1,0.9908451096557827,True
17,1,1,2,0,501,0,-0.1503745535674097,True
2,0,0,3,1,502,1,1.0504167028357134,True
1,0,0,2,0,502,1,0.3680237683198433,False
18,1,1,3,1,502,1,0.9556563857502507,True
13,1,0,2,0,502,1,0.2539075551823755,False
4,0,1,1,1,503,0,-0.5255325226037253,False
7,0,1,4,0,503,0,-0.5752231589509083,True
16,1,1,1,1,503,0,-0.4847248601596488,False
21,1,2,2,0,503,0,-0.4129908001553573,True
10,0,2,3,1,504,1,0.41655306344912224,True
3,0,0,4,0,504,0,-0.7809180635262442,True
20,1,2,1,1,504,0,-0.06843284358736368,False
17,1,1,2,0,504,1,0.1291991576125472,False
6,0,1,3,1,505,1,1.2812863205421416,True
7,0,1,4,0,505,0,-0.8818274980187983,True
12,1,0,1,1,505,1,0.3296825756255852,True
13,1,0,2,0,505,0,-0.575106573296938,True
2,0,0,3,1,506,1,1.2173465073478287,True
5,0,1,2,0,506,0,-1.1784604517810333,True
12,1,0,1,1,506,1,0.214384537930565,True
21,1,2,2,0,506,0,-0.6907643322789604,True
2,0,0,3,1,507,1,0.7432299812701202,True
9,0,2,2,0,507,0,-0.6459166885544012,True
12,1,0,1,1,507,1,0.13268604031656706,True
19,1,1,4,0,507,0,-1.2375108744574033,True
4,0,1,1,1,508,0,-0.4712240467727518,False
1,0,0,2,0,508,0,-0.26130996568669446,True
12,1,0,1,1,508,0,-0.452599188792338,False
15,1,0,4,0,508,0,-0.534288208037871,True
0,0,0,1,1,509,1,1.3638727309367757,True
11,0,2,4,0,509,0,-0.5777676485957874,True
18,1,1,3,1,509,1,1.163823342315975,True
21,1,2,2,0,509,0,-0.5476496907278277,True
2,0,0,3,1,510,1,0.6013136577353575,True
9,0,2,2,0,510,0,-0.7154062236973817,True
12,1,0,1,1,510,1,0.2585620945209936,True
13,1,0,2,0,510,0,-0.6345107795535063,True
0,0,0,1,1,511,1,1.4298741776057926,True
3,0,0,4,0,511,0,-0.6803852843410404,True
16,1,1,1,1,511,1,0.10840000893149815,True
23,1,2,4,0,511,0,-0.9492658898660095,True
4,0,1,1,1,512,0,-0.8284922190836495,False
9,0,2,2,0,512,0,-0.46175140030536954,True
18,1,1,3,1,512,1,0.3426416560014449,True
21,1,2,2,0,512,0,-0.1563977304889741,True
0,0,0,1,1,513,1,1.1442597554442622,True
9,0,2,2,0,513,0,-0.5301519164090958,True
18,1,1,3,1,513,1,0.9603532341016829,True
21,1,2,2,0,513,0,-0.33820598510893923,True
2,0,0,3,1,514,1,1.1806038963125092,True
11,0,2,4,0,514,0,-0.7203657537087667,True
20,1,2,1,1,514,1,0.4398345286498487,True
23,1,2,4,0,514,0,-0.5326223549565903,True
2,0,0,3,1,515,1,0.8736335785936424,True
7,0,1,4,0,515,0,-0.6973993431891123,True
12,1,0,1,1,515,0,-0.2280466367957003,False
19,1,1,4,0,515,0,-1.2232338262151046,True
6,0,1,3,1,516,1,0.9120258309091667,True
11,0,2,4,0,516,0,-0.6343146466449752,True
12,1,0,1,1,516,0,-0.21091514816731433,False
19,1,1,4,0,516,0,-1.239395351215157,True
4,0,1,1,1,517,1,0.2648913979483442,True
3,0,0,4,0,517,0,-0.9762714090578396,True
22,1,2,3,1,517,1,0.5725602146102072,True
13,1,0,2,0,517,0,-0.29631419780732565,True
0,0,0,1,1,518,1,0.6623086994973171,True
5,0,1,2,0,518,0,-1.344213216588732,True
20,1,2,1,1,518,1,0.08691714534488132,True
13,1,0,2,0,518,0,-0.6025848807882277,True
0,0,0,1,1,519,1,0.7958503715689356,True
5,0,1,2,0,519,0,-1.1702149271053546,True
14,1,0,3,1,519,1,0.17798281722660403,True
15,1,0,4,0,519,0,-1.2137186856895263,True
4,0,1,1,1,520,0,-0.5058451277568291,False
9,0,2,2,0,520,0,-0.8847725747588325,True
12,1,0,1,1,520,0,-0.1031021006009053,False
23,1,2,4,0,520,0,-1.080401165207629,True
2,0,0,3,1,521,1,0.7310140407576595,True
1,0,0,2,0,521,0,-0.04617733342967065,True
18,1,1,3,1,521,1,1.0438628789755517,True
23,1,2,4,0,521,0,-1.0156421412262615,True
6,0,1,3,1,522,1,0.9715288458332261,True
7,0,1,4,0,522,0,-1.1855083744427926,True
14,1,0,3,1,522,1,0.6047140962530497,True
13,1,0,2,0,522,0,-0.37375987775343217,True
2,0,0,3,1,523,1,0.967240106364467,True
3,0,0,4,0,523,0,-0.4464134480911096,True
22,1,2,3,1,523,1,0.591490823912456,True
19,1,1,4,0,523,0,-0.9523301143789763,True
2,0,0,3,1,524,1,1.229703458186444,True
11,0,2,4,0,524,0,-0.6105622591786809,True
22,1,2,3,1,524,1,0.01892769362557012,True
13,1,0,2,0,524,0,-0.1473673558726637,True
8,0,2,1,1,525,1,0.21837588373835193,True
9,0,2,2,0,525,0,-0.3554791326673018,True
16,1,1,1,1,525,0,-0.17373253280106116,False
21,1,2,2,0,525,0,-0.03662513533245526,True
4,0,1,1,1,526,0,-0.6587153593011926,False
7,0,1,4,0,526,0,-0.7288415025006291,True
14,1,0,3,1,526,1,0.8613339113028676,True
19,1,1,4,0,526,0,-1.167892812712593,True
0,0,0,1,1,527,1,0.6190090449324275,True
7,0,1,4,0,527,0,-0.6895241008411575,True
12,1,0,1,1,527,0,-0.11711934452360251,False
23,1,2,4,0,527,0,-0.6838053925421808,True
4,0,1,1,1,528,1,0.019751604477350138,True
11,0,2,4,0,528,0,-0.6611699481762577,True
14,1,0,3,1,528,1,0.49793015567621957,True
13,1,0,2,0,528,0,-0.20102914733472244,True
6,0,1,3,1,529,1,0.9464592873478879,True
1,0,0,2,0,529,1,0.3289305366943422,False
12,1,0,1,1,529,1,0.12163657440271541,True
13,1,0,2,0,529,0,-0.2737851911098533,True
6,0,1,3,1,530,1,0.9786270631650966,True
5,0,1,2,0,530,0,-1.2996470026911622,True
22,1,2,3,1,530,1,0.43255337504583924,True
19,1,1,4,0,530,0,-1.0124942304817415,True
0,0,0,1,1,531,1,1.5365577724988904,True
11,0,2,4,0,531,0,-0.6665353547062156,True
16,1,1,1,1,531,0,-0.28708897649319765,False
15,1,0,4,0,531,0,-0.7697950112528829,True
0,0,0,1,1,532,1,1.0390693368747028,True
3,0,0,4,0,532,0,-0.7402295039632412,True
20,1,2,1,1,532,1,0.30207915375510375,True
21,1,2,2,0,532,0,-0.7763013896987392,True
8,0,2,1,1,533,1,0.6493109387427487,True
7,0,1,4,0,533,0,-0.08280934013218882,True
12,1,0,1,1,533,1,0.6133576783640478,True
13,1,0,2,0,533,0,-0.6829439630475211,True
8,0,2,1,1,534,1,0.3503117749791757,True
7,0,1,4,0,534,0,-0.29928431472546874,True
18,1,1,3,1,534,1,0.8789577582127299,True
13,1,0,2,0,534,0,-0.39496358923547864,True
2,0,0,3,1,535,1,1.5724585970360039,True
3,0,0,4,0,535,0,-0.619479728661287,True
14,1,0,3,1,535,1,0.6391704856087053,True
17,1,1,2,0,535,1,0.045054575157722654,False
8,0,2,1,1,536,1,0.9924312780574166,True
5,0,1,2,0,536,0,-1.4599341200173481,True
12,1,0,1,1,536,1,0.4704393753799213,True
19,1,1,4,0,536,0,-1.5462449945096997,True
10,0,2,3,1,537,1,0.43679920558993934,True
5,0,1,2,0,537,0,-0.6082069145482168,True
22,1,2,3,1,537,1,0.3010312905073719,True
17,1,1,2,0,537,1,0.0317621409145151,False
0,0,0,1,1,538,1,0.8647449922236322,True
1,0,0,2,0,538,0,-0.1273279269396522,True
14,1,0,3,1,538,1,0.3487964523149617,True
19,1,1,4,0,538,0,-1.1953031007379618,True
2,0,0,3,1,539,1,0.7954846387900153,True
7,0,1,4,0,539,0,-0.4658378331134342,True
18,1,1,3,1,539,1,1.2719561108220536,True
17,1,1,2,0,539,1,0.016795789102188693,False
2,0,0,3,1,540,1,0.5694953997128749,True
7,0,1,4,0,540,0,-0.36759773924750516,True
18,1,1,3,1,540,1,1.0554183752762814,True
23,1,2,4,0,540,0,-0.8925940418944658,True
4,0,1,1,1,541,0,-0.34220445491540114,False
7,0,1,4,0,541,0,-1.109016192881529,True
18,1,1,3,1,541,1,0.579492993340068,True
13,1,0,2,0,541,0,-0.3603161771510664,True
6,0,1,3,1,542,1,1.4352232378854015,True
7,0,1,4,0,542,0,-0.3556913261294412,True
16,1,1,1,1,542,0,-0.5640048099311328,False
21,1,2,2,0,542,0,-0.6603723018636687,True
8,0,2,1,1,543,1,0.768412301192351,True
9,0,2,2,0,543,1,0.021494949249414197,False
14,1,0,3,1,543,1,0.6896270051911543,True
13,1,0,2,0,543,0,-0.5469059584471051,True
6,0,1,3,1,544,1,1.3840917791009308,True
5,0,1,2,0,544,0,-1.277625389571689,True
16,1,1,1,1,544,0,-0.502320648690542,False
21,1,2,2,0,544,0,-0.4346435154641488,True
6,0,1,3,1,545,1,0.9915219652189038,True
9,0,2,2,0,545,0,-0.06295868357431972,True
22,1,2,3,1,545,0,-0.11218692428683746,False
23,1,2,4,0,545,0,-1.4574258520327603,True
8,0,2,1,1,546,1,0.3097976658207873,True
5,0,1,2,0,546,0,-1.546482861633469,True
22,1,2,3,1,546,1,0.058966020185123466,True
19,1,1,4,0,546,0,-1.6306399155197628,True
10,0,2,3,1,547,0,-0.2535339498899448,False
1,0,0,2,0,547,1,0.4444376972275791,False
18,1,1,3,1,547,1,0.8811676656951054,True
13,1,0,2,0,547,1,0.35680859325752545,False
6,0,1,3,1,548,1,1.1165109346180544,True
1,0,0,2,0,548,1,0.6507572556410951,False
18,1,1,3,1,548,1,0.7672480228655912,True
13,1,0,2,0,548,1,0.32598403501113415,False
8,0,2,1,1,549,1,0.7563494538670309,True
9,0,2,2,0,549,1,0.051780277143883446,False
14,1,0,3,1,549,1,0.46723799192205606,True
19,1,1,4,0,549,0,-1.2986501456136534,True
6,0,1,3,1,550,1,1.3745126053794579,True
5,0,1,2,0,550,0,-1.1426516967693061,True
18,1,1,3,1,550,1,0.8793061098501588,True
17,1,1,2,0,550,0,-0.2400406106271352,True
0,0,0,1,1,551,1,1.4205507961982824,True
1,0,0,2,0,551,0,-0.27743389988437406,True
16,1,1,1,1,551,0,-0.2523035262931158,False
19,1,1,4,0,551,0,-1.3401814086963673,True
6,0,1,3,1,552,1,1.3356184347071327,True
11,0,2,4,0,552,0,-0.5464924941452534,True
18,1,1,3,1,552,1,0.9425239597520427,True
19,1,1,4,0,552,0,-1.4189142643158563,True
0,0,0,1,1,553,1,1.0583027659996538,True
1,0,0,2,0,553,1,0.16762879915384543,False
14,1,0,3,1,553,1,0.589844524802206,True
13,1,0,2,0,553,0,-0.2862449376624938,True
10,0,2,3,1,554,1,0.34946588416404556,True
3,0,0,4,0,554,0,-1.0161621906713825,True
16,1,1,1,1,554,0,-0.5000120542550576,False
19,1,1,4,0,554,0,-1.562505818515261,True
2,0,0,3,1,555,1,1.2033129645087464,True
9,0,2,2,0,555,0,-0.43572158947999884,True
20,1,2,1,1,555,1,0.3467857486933934,True
15,1,0,4,0,555,0,-1.004753695113403,True
0,0,0,1,1,556,1,1.5218558186890871,True
11,0,2,4,0,556,0,-0.5754841210953203,True
18,1,1,3,1,556,1,1.2005843254144755,True
15,1,0,4,0,556,0,-0.9914529016819471,True
4,0,1,1,1,557,0,-0.3786355265458757,False
3,0,0,4,0,557,0,-1.4475125595895049,True
12,1,0,1,1,557,0,-0.07442970422064682,False
13,1,0,2,0,557,0,-0.7823665833280404,True
2,0,0,3,1,558,1,0.8956719762602969,True
5,0,1,2,0,558,0,-1.3578405075349236,True
14,1,0,3,1,558,0,-0.0794820357684214,False
23,1,2,4,0,558,0,-0.2904144607638963,True
8,0,2,1,1,559,1,0.4344091326797575,True
7,0,1,4,0,559,0,-0.13668224793126876,True
18,1,1,3,1,559,1,0.7039945443286442,True
21,1,2,2,0,559,0,-0.26559614196443343,True
4,0,1,1,1,560,0,-0.3065778975946068,False
11,0,2,4,0,560,0,-0.9581663103911293,True
22,1,2,3,1,560,1,0.0995024826630792,True
23,1,2,4,0,560,0,-1.5373783539244148,True
2,0,0,3,1,561,1,0.8807920050868795,True
11,0,2,4,0,561,0,-0.5612410228426222,True
18,1,1,3,1,561,1,1.0374561483154197,True
21,1,2,2,0,561,0,-0.5985893797519649,True
4,0,1,1,1,562,0,-0.12836307418430348,False
11,0,2,4,0,562,0,-0.3396345772479058,True
16,1,1,1,1,562,0,-0.616213963681478,False
19,1,1,4,0,562,0,-1.1875591013578273,True
6,0,1,3,1,563,1,1.1294108126541686,True
3,0,0,4,0,563,0,-0.7766253664189475,True
16,1,1,1,1,563,0,-0.6074494659204419,False
19,1,1,4,0,563,0,-1.4321310291763327,True
8,0,2,1,1,564,1,0.3488923433775548,True
1,0,0,2,0,564,1,0.03366019170720391,False
18,1,1,3,1,564,1,0.8871548963925446,True
15,1,0,4,0,564,0,-1.4340022478428696,True
6,0,1,3,1,565,1,1.1651503834854864,True
11,0,2,4,0,565,0,-0.9509146266331031,True
22,1,2,3,1,565,0,-0.054844797905480774,False
17,1,1,2,0,565,1,0.0749196942197449,False
2,0,0,3,1,566,1,0.82591253217606,True
7,0,1,4,0,566,0,-0.8735998502453185,True
18,1,1,3,1,566,1,0.797996184089676,True
13,1,0,2,0,566,1,0.11368563621996905,False
6,0,1,3,1,567,1,1.5554670139200055,True
7,0,1,4,0,567,0,-0.6667500002261575,True
18,1,1,3,1,567,1,0.9328272811706657,True
15,1,0,4,0,567,0,-0.7826452933128112,True
2,0,0,3,1,568,1,1.1667780117834432,True
3,0,0,4,0,568,0,-0.957673348394388,True
16,1,1,1,1,568,0,-0.5921162275201912,False
23,1,2,4,0,568,0,-0.7955257184096933,True
2,0,0,3,1,569,1,1.3427535021303292,True
3,0,0,4,0,569,0,-0.8471893091902482,True
20,1,2,1,1,569,1,0.07919492697996824,True
13,1,0,2,0,569,0,-0.31969923653613225,True
8,0,2,1,1,570,1,0.16377355722816953,True
3,0,0,4,0,570,0,-0.43827948293869734,True
16,1,1,1,1,570,0,-0.4017746636656294,False
15,1,0,4,0,570,0,-0.5679706380710747,True
8,0,2,1,1,571,1,0.776223927529113,True
5,0,1,2,0,571,0,-1.5270413520873616,True
14,1,0,3,1,571,1,0.5907699386137644,True
21,1,2,2,0,571,0,-0.406446136228662,True
2,0,0,3,1,572,1,0.6480528800944588,True
9,0,2,2,0,572,0,-0.4144296736082064,True
22,1,2,3,1,572,0,-0.15400165223435336,False
13,1,0,2,0,572,0,-0.16354947468097036,True
8,0,2,1,1,573,1,0.5515801116585188,True
9,0,2,2,0,573,0,-0.3415599306856581,True
16,1,1,1,1,573,0,-0.030681844942127834,False
19,1,1,4,0,573,0,-1.268652035654005,True
0,0,0,1,1,574,1,0.4975294158958049,True
7,0,1,4,0,574,0,-0.7311184978533111,True
12,1,0,1,1,574,0,-0.1550566500976719,False
21,1,2,2,0,574,0,-0.7162330931665758,True
10,0,2,3,1,575,1,0.30729009419312453,True
3,0,0,4,0,575,0,-0.6319349169846404,True
22,1,2,3,1,575,1,0.6853861613765524,True
17,1,1,2,0,575,0,-0.09617391065632924,True
6,0,1,3,1,576,1,0.987222931564703,True
11,0,2,4,0,576,0,-0.9316993141935785,True
22,1,2,3,1,576,1,0.131420251565751,True
15,1,0,4,0,576,0,-1.103341805682725,True
0,0,0,1,1,577,1,1.2002372631933456,True
1,0,0,2,0,577,0,-0.17537767618349984,True
22,1,2,3,1,577,0,-0.24399081525066743,False
15,1,0,4,0,577,0,-1.1250487175361032,True
2,0,0,3,1,578,1,0.49847751355412656,True
5,0,1,2,0,578,0,-1.2337874922382515,True
22,1,2,3,1,578,0,-0.1651111624145472,False
15,1,0,4,0,578,0,-0.9174188946886837,True
2,0,0,3,1,579,1,0.7182493435698583,True
9,0,2,2,0,579,0,-0.9891879206380512,True
16,1,1,1,1,579,0,-0.5003795932926971,False
23,1,2,4,0,579,0,-0.8493462476279736,True
0,0,0,1,1,580,1,1.2566429340020628,True
11,0,2,4,0,580,0,-0.4668685944860617,True
20,1,2,1,1,580,1,0.17845788711393978,True
17,1,1,2,0,580,1,0.16377435482913177,False
2,0,0,3,1,581,1,1.2599749606399269,True
9,0,2,2,0,581,0,-0.04275471522485713,True
14,1,0,3,1,581,0,-0.24266135018430784,False
21,1,2,2,0,581,0,-0.3817327863024392,True
0,0,0,1,1,582,1,0.811085760809505,True
7,0,1,4,0,582,0,-0.5135163665907414,True
16,1,1,1,1,582,1,0.2114148921707542,True
13,1,0,2,0,582,0,-0.4541812937753193,True
0,0,0,1,1,583,1,1.0700781317881436,True
7,0,1,4,0,583,0,-0.7470729425632908,True
14,1,0,3,1,583,1,0.38695470529265463,True
15,1,0,4,0,583,0,-1.0439612638697726,True
4,0,1,1,1,584,0,-0.5032435422867967,False
7,0,1,4,0,584,0,-0.7001274018007346,True
12,1,0,1,1,584,0,-0.18018874932942325,False
15,1,0,4,0,584,0,-0.3447819796077139,True
2,0,0,3,1,585,1,1.1364075332913866,True
7,0,1,4,0,585,0,-0.01666751874222583,True
16,1,1,1,1,585,0,-0.7080408834426366,False
23,1,2,4,0,585,0,-0.8011887852196551,True
8,0,2,1,1,586,1,0.08048305894862562,True
1,0,0,2,0,586,0,-0.10999056078456793,True
22,1,2,3,1,586,0,-0.17271750396550534,False
15,1,0,4,0,586,0,-1.3326804702708737,True
4,0,1,1,1,587,0,-0.06693509462554179,False
5,0,1,2,0,587,0,-1.468923512131888,True
16,1,1,1,1,587,0,-0.3001365858986589,False
23,1,2,4,0,587,0,-1.0857910242821684,True
6,0,1,3,1,588,1,1.0611812146298532,True
3,0,0,4,0,588,0,-0.7950936623677397,True
12,1,0,1,1,588,1,0.12451476479519487,True
17,1,1,2,0,588,0,-0.06985902122552977,True
8,0,2,1,1,589,1,0.7722913785288066,True
1,0,0,2,0,589,0,-0.16238178465147168,True
12,1,0,1,1,589,1,0.12207819101427209,True
17,1,1,2,0,589,0,-0.04909183465568123,True
10,0,2,3,1,590,1,0.13839762233536188,True
5,0,1,2,0,590,0,-1.0268567930005141,True
16,1,1,1,1,590,0,-0.1318990131890269,False
13,1,0,2,0,590,0,-0.6699298899825873,True
8,0,2,1,1,591,1,0.15230270622709163,True
1,0,0,2,0,591,0,-0.12951214431111957,True
16,1,1,1,1,591,0,-0.626931262481099,False
21,1,2,2,0,591,0,-0.1735377288206017,True
6,0,1,3,1,592,1,1.026369816589473,True
9,0,2,2,0,592,1,0.10989671374882337,False
22,1,2,3,1,592,0,-0.11129340248290132,False
15,1,0,4,0,592,0,-1.0129955702733906,True
0,0,0,1,1,593,1,0.5919501067818441,True
9,0,2,2,0,593,1,0.053437109452989184,False
14,1,0,3,1,593,0,-0.10940734744505531,False
21,1,2,2,0,593,0,-0.2499308285460543,True
10,0,2,3,1,594,1,0.5233710162862648,True
9,0,2,2,0,594,0,-0.26166064318680693,True
22,1,2,3,1,594,0,-0.282540004928447,False
23,1,2,4,0,594,0,-1.7391771544705792,True
0,0,0,1,1,595,1,0.4955804438728645,True
5,0,1,2,0,595,0,-1.2435450313680003,True
12,1,0,1,1,595,0,-0.11420180399952128,False
19,1,1,4,0,595,0,-1.4020606800496256,True
10,0,2,3,1,596,1,0.2020348753013272,True
1,0,0,2,0,596,0,-0.3080040708559167,True
12,1,0,1,1,596,0,-0.14538394742174315,False
17,1,1,2,0,596,0,-0.09133996552043616,True
8,0,2,1,1,597,1,0.3687983352911984,True
7,0,1,4,0,597,0,-0.3577455222483196,True
20,1,2,1,1,597,1,0.488850956558248,True
13,1,0,2,0,597,0,-0.4723954617095289,True
4,0,1,1,1,598,0,-0.11698297003653979,False
3,0,0,4,0,598,0,-1.0665119310390359,True
22,1,2,3,1,598,1,0.5999282944432845,True
21,1,2,2,0,598,0,-0.14882246824088663,True
6,0,1,3,1,599,1,1.1746770903674086,True
7,0,1,4,0,599,0,-0.8037944128778421,True
12,1,0,1,1,599,1,0.14184201818925046,True
19,1,1,4,0,599,0,-1.4540892172577076,True
8,0,2,1,1,600,1,0.3387561250314726,True
1,0,0,2,0,600,0,-0.16039113198517246,True
22,1,2,3,1,600,0,-0.025368723228674298,False
23,1,2,4,0,600,0,-1.4942675642391563,True
4,0,1,1,1,601,0,-0.3822528683490092,False
9,0,2,2,0,601,0,-0.14164240606868206,True
22,1,2,3,1,601,1,0.22284631416831213,True
21,1,2,2,0,601,0,-0.1892400140016044,True
6,0,1,3,1,602,1,1.079012473655247,True
3,0,0,4,0,602,0,-0.47061399085323063,True
22,1,2,3,1,602,1,0.84780022558801,True
23,1,2,4,0,602,0,-1.0541227994962519,True
8,0,2,1,1,603,1,0.9773866367885846,True
9,0,2,2,0,603,0,-0.309602285898909,True
14,1,0,3,1,603,1,0.4439999025365173,True
15,1,0,4,0,603,0,-1.0844219655821705,True
8,0,2,1,1,604,1,0.49893234970187206,True
1,0,0,2,0,604,0,-0.2279587794900404,True
20,1,2,1,1,604,1,0.016358485427617767,True
17,1,1,2,0,604,1,0.10644578313873267,False
8,0,2,1,1,605,1,0.12089731650914476,True
7,0,1,4,0,605,0,-0.018646947208011688,True
22,1,2,3,1,605,1,0.08314185880248576,True
21,1,2,2,0,605,0,-0.4093777739661301,True
2,0,0,3,1,606,1,1.2707572176423536,True
7,0,1,4,0,606,0,-0.4902448191468735,True
14,1,0,3,1,606,1,0.2985764650831469,True
21,1,2,2,0,606,0,-0.629042121459605,True
0,0,0,1,1,607,1,1.4252181365602814,True
11,0,2,4,0,607,0,-0.5288028696341307,True
18,1,1,3,1,607,1,1.1584019082002506,True
19,1,1,4,0,607,0,-1.3830449406179062,True
8,0,2,1,1,608,1,0.12802625748770816,True
3,0,0,4,0,608,0,-0.47927875310573287,True
16,1,1,1,1,608,0,-0.25019890933480016,False
13,1,0,2,0,608,0,-1.0871176231138118,True
10,0,2,3,1,609,1,0.12537923815112934,True
11,0,2,4,0,609,0,-0.8117838759309246,True
22,1,2,3,1,609,1,0.21608681928185342,True
13,1,0,2,0,609,1,0.008379144705818298,False
0,0,0,1,1,610,1,1.1398584824613567,True
5,0,1,2,0,610,0,-1.2613953248745646,True
22,1,2,3,1,610,1,0.07787748332074441,True
23,1,2,4,0,610,0,-1.3581961357478745,True
4,0,1,1,1,611,0,-0.41733338231535877,False
5,0,1,2,0,611,0,-1.593712343114157,True
12,1,0,1,1,611,1,0.1857903117144687,True
21,1,2,2,0,611,0,-0.4995086598162809,True
10,0,2,3,1,612,1,0.2258052408336788,True
3,0,0,4,0,612,0,-1.0546698628774356,True
16,1,1,1,1,612,0,-0.07580654640896678,False
13,1,0,2,0,612,0,-0.4933883396232399,True
2,0,0,3,1,613,1,0.9020704268166939,True
11,0,2,4,0,613,0,-0.168542826860634,True
16,1,1,1,1,613,0,-0.6656319462419733,False
23,1,2,4,0,613,0,-0.4988072242909605,True
4,0,1,1,1,614,0,-0.4461828383421412,False
1,0,0,2,0,614,0,-0.5060132441369272,True
14,1,0,3,1,614,1,0.8559940449840118,True
15,1,0,4,0,614,0,-1.1178166699967866,True
2,0,0,3,1,615,1,1.0407526701313423,True
1,0,0,2,0,615,0,-0.14193113033469865,True
12,1,0,1,1,615,0,-0.037595235144268574,False
23,1,2,4,0,615,0,-0.7786824785672795,True
0,0,0,1,1,616,1,0.7845171498344995,True
9,0,2,2,0,616,0,-0.39436307075238386,True
20,1,2,1,1,616,1,0.19514240918899964,True
15,1,0,4,0,616,0,-0.6733855971554271,True
10,0,2,3,1,617,1,0.36118049811924435,True
11,0,2,4,0,617,0,-0.48813418719222335,True
16,1,1,1,1,617,0,-0.26398833342793915,False
13,1,0,2,0,617,0,-0.5455020242987259,True
10,0,2,3,1,618,1,0.06775097781097086,True
11,0,2,4,0,618,0,-0.6607072433690846,True
18,1,1,3,1,618,1,0.8555155312836271,True
13,1,0,2,0,618,1,0.015449011226584174,False
4,0,1,1,1,619,0,-0.5263175837651529,False
5,0,1,2,0,619,0,-1.9942796319598384,True
20,1,2,1,1,619,1,0.10253442956593642,True
19,1,1,4,0,619,0,-1.5882388715178455,True
4,0,1,1,1,620,1,0.06821149455875886,True
11,0,2,4,0,620,0,-0.5871403445684049,True
16,1,1,1,1,620,0,-0.5681161757312012,False
15,1,0,4,0,620,0,-0.5317392308651476,True
6,0,1,3,1,621,1,1.8074965811924175,True
5,0,1,2,0,621,0,-1.324990220891484,True
20,1,2,1,1,621,1,0.26715899194035775,True
15,1,0,4,0,621,0,-0.9601077273173341,True
4,0,1,1,1,622,0,-0.30875314566316386,False
5,0,1,2,0,622,0,-1.542469556147487,True
12,1,0,1,1,622,1,0.04298898410068447,True
13,1,0,2,0,622,0,-0.7880826047248715,True
0,0,0,1,1,623,1,1.0268907521923492,True
7,0,1,4,0,623,0,-0.5090953601297824,True
14,1,0,3,1,623,1,0.4966425161214304,True
23,1,2,4,0,623,0,-0.7397083026823578,True
0,0,0,1,1,624,1,0.7875854064675983,True
5,0,1,2,0,624,0,-1.0719156938895873,True
12,1,0,1,1,624,1,0.18051937363965828,True
13,1,0,2,0,624,0,-0.7945221707787614,True
2,0,0,3,1,625,1,1.0920643852036216,True
7,0,1,4,0,625,0,-0.8033132458746682,True
14,1,0,3,1,625,1,0.4143307775182513,True
13,1,0,2,0,625,0,-0.29405723094596936,True
6,0,1,3,1,626,1,0.9921691696191057,True
1,0,0,2,0,626,1,0.4348846322604618,False
12,1,0,1,1,626,0,-0.2653659595665572,False
19,1,1,4,0,626,0,-1.0176293928194815,True
2,0,0,3,1,627,1,0.6782653498329678,True
5,0,1,2,0,627,0,-1.0626098233447008,True
12,1,0,1,1,627,1,0.09026965835439621,True
19,1,1,4,0,627,0,-1.0820623781567666,True
0,0,0,1,1,628,1,1.459860332504308,True
11,0,2,4,0,628,0,-0.6295871098330479,True
16,1,1,1,1,628,0,-0.3716420229931238,False
21,1,2,2,0,628,0,-0.34819490291524996,True
0,0,0,1,1,629,1,1.2562007955217578,True
1,0,0,2,0,629,0,-0.2839854521288501,True
22,1,2,3,1,629,0,-0.18031292674532545,False
19,1,1,4,0,629,0,-1.537493312489924,True
4,0,1,1,1,630,0,-0.10651399257522479,False
9,0,2,2,0,630,0,-0.23928220953631255,True
22,1,2,3,1,630,0,-0.11476139225477369,False
13,1,0,2,0,630,0,-0.5134122779632899,True
10,0,2,3,1,631,1,0.17410119953399858,True
5,0,1,2,0,631,0,-1.216576057496261,True
18,1,1,3,1,631,1,0.9535334595679007,True
19,1,1,4,0,631,0,-1.5488870500859964,True
8,0,2,1,1,632,1,0.6138497043838546,True
1,0,0,2,0,632,0,-0.1861758314708747,True
14,1,0,3,1,632,1,0.5015294978358648,True
23,1,2,4,0,632,0,-0.8450074179245738,True
10,0,2,3,1,633,0,-0.2083803935139881,False
3,0,0,4,0,633,0,-0.33863014352335163,True
14,1,0,3,1,633,1,0.17417534910071628,True
23,1,2,4,0,633,0,-0.8702206963736745,True
4,0,1,1,1,634,0,-0.15203205519025215,False
11,0,2,4,0,634,0,-0.5379554360234438,True
18,1,1,3,1,634,1,0.47625623267827993,True
13,1,0,2,0,634,0,-0.016439966426774755,True
8,0,2,1,1,635,1,0.5910902151066683,True
7,0,1,4,0,635,0,-0.047399446151458996,True
14,1,0,3,1,635,1,0.828368414720169,True
23,1,2,4,0,635,0,-0.6704173548029481,True
0,0,0,1,1,636,1,1.2974717518437746,True
11,0,2,4,0,636,0,-0.580362402419313,True
20,1,2,1,1,636,1,0.5702457465035922,True
21,1,2,2,0,636,0,-0.7957191114274345,True
4,0,1,1,1,637,1,0.10774945663301227,True
5,0,1,2,0,637,0,-1.265140054976433,True
14,1,0,3,1,637,1,0.6008039672581676,True
17,1,1,2,0,637,0,-0.26719870317664995,True
4,0,1,1,1,638,0,-0.6693220443795385,False
7,0,1,4,0,638,0,-1.0353520332244406,True
12,1,0,1,1,638,0,-0.1366964411737755,False
13,1,0,2,0,638,0,-0.7913743192033067,True
10,0,2,3,1,639,1,0.1473480038858973,True
7,0,1,4,0,639,0,-0.621448531078166,True
20,1,2,1,1,639,1,0.28667332691490566,True
15,1,0,4,0,639,0,-0.6697813926626136,True
6,0,1,3,1,640,1,1.0474378395623467,True
3,0,0,4,0,640,0,-0.09949575736974176,True
16,1,1,1,1,640,0,-0.4290515409404035,False
15,1,0,4,0,640,0,-0.31734506174042704,True
2,0,0,3,1,641,1,1.3903098003458552,True
1,0,0,2,0,641,1,0.3416850511083403,False
20,1,2,1,1,641,1,0.16887951350412997,True
13,1,0,2,0,641,1,0.049679304804088525,False
0,0,0,1,1,642,1,1.136256282712216,True
7,0,1,4,0,642,0,-0.6642690209397928,True
16,1,1,1,1,642,0,-0.015322417969414692,False
15,1,0,4,0,642,0,-0.6949434433509747,True
6,0,1,3,1,643,1,1.0281397041458904,True
3,0,0,4,0,643,0,-0.6328444374727276,True
14,1,0,3,1,643,1,0.4488279273009448,True
21,1,2,2,0,643,0,-0.7187867112801978,True
8,0,2,1,1,644,1,0.6844746355263295,True
5,0,1,2,0,644,0,-1.654528289568328,True
18,1,1,3,1,644,1,0.8528228502914276,True
13,1,0,2,0,644,0,-0.31558356175635593,True
6,0,1,3,1,645,1,1.4045795210812906,True
11,0,2,4,0,645,0,-0.30330740133768147,True
16,1,1,1,1,645,0,-0.9435934114285116,False
19,1,1,4,0,645,0,-1.3818913153839958,True
10,0,2,3,1,646,1,0.42236292292980493,True
11,0,2,4,0,646,0,-0.46220220362762654,True
16,1,1,1,1,646,0,-0.5420918698704054,False
23,1,2,4,0,646,0,-0.9581745579895975,True
6,0,1,3,1,647,1,1.645233831466701,True
7,0,1,4,0,647,0,-0.0881736318851481,True
22,1,2,3,1,647,1,0.03015029868979896,True
23,1,2,4,0,647,0,-1.3563034905286173,True
4,0,1,1,1,648,0,-0.8712417604282368,False
7,0,1,4,0,648,0,-0.6979181050885068,True
20,1,2,1,1,648,1,0.08925373397193101,True
23,1,2,4,0,648,0,-0.8087667603552124,True
2,0,0,3,1,649,1,1.1340086313481588,True
3,0,0,4,0,649,0,-0.5249115869613895,True
18,1,1,3,1,649,1,0.6885129248861422,True
21,1,2,2,0,649,0,-0.47711811714425234,True
8,0,2,1,1,650,0,-0.4436949257996853,False
3,0,0,4,0,650,0,-0.3814409950337071,True
22,1,2,3,1,650,0,-0.02802314110404559,False
19,1,1,4,0,650,0,-1.2136136261136616,True
6,0,1,3,1,651,1,1.3998680164986586,True
5,0,1,2,0,651,0,-1.4223872912969173,True
20,1,2,1,1,651,1,0.3075647432924479,True
19,1,1,4,0,651,0,-1.6042336873162735,True
4,0,1,1,1,652,0,-0.30796892804358744,False
11,0,2,4,0,652,0,-0.42274320958348166,True
12,1,0,1,1,652,0,-0.47160554936093557,False
15,1,0,4,0,652,0,-0.4149693996688829,True
2,0,0,3,1,653,1,1.214035378570134,True
11,0,2,4,0,653,0,-0.7260667903186795,True
14,1,0,3,1,653,1,0.05719728655454731,True
13,1,0,2,0,653,0,-0.14081696867564047,True
0,0,0,1,1,654,1,1.3121376005359096,True
3,0,0,4,0,654,0,-0.4409336772898549,True
22,1,2,3,1,654,1,0.6448434407786603,True
23,1,2,4,0,654,0,-1.1363181764518206,True
0,0,0,1,1,655,1,1.4114018497508263,True
5,0,1,2,0,655,0,-0.6966832798446628,True
22,1,2,3,1,655,0,-0.09439920954872036,False
17,1,1,2,0,655,1,0.06757601908972291,False
4,0,1,1,1,656,1,0.003124891581083755,True
9,0,2,2,0,656,0,-0.7138251596730085,True
16,1,1,1,1,656,0,-0.15775995031911494,False
15,1,0,4,0,656,0,-0.46946425272461534,True
8,0,2,1,1,657,1,0.20072433156956676,True
9,0,2,2,0,657,0,-0.20625079657057982,True
22,1,2,3,1,657,0,-0.5611800385133676,False
17,1,1,2,0,657,1,0.06046798835831807,False
10,0,2,3,1,658,1,0.21989161674333457,True
9,0,2,2,0,658,0,-0.5650505610385187,True
20,1,2,1,1,658,1,0.4280849251402049,True
19,1,1,4,0,658,0,-1.5585053962484072,True
4,0,1,1,1,659,0,-0.667003699606667,False
1,0,0,2,0,659,0,-0.08827058714703279,True
18,1,1,3,1,659,1,0.5449451548743189,True
21,1,2,2,0,659,0,-0.2997422627810033,True
6,0,1,3,1,660,1,1.717255313520119,True
11,0,2,4,0,660,0,-0.5199340542522224,True
20,1,2,1,1,660,1,0.35769237023134526,True
15,1,0,4,0,660,0,-0.8823273458273873,True
8,0,2,1,1,661,1,0.5668120203277418,True
11,0,2,4,0,661,0,-0.7718553806742721,True
16,1,1,1,1,661,0,-0.31073371528983174,False
19,1,1,4,0,661,0,-1.3200204171753924,True
8,0,2,1,1,662,1,0.8080590218748049,True
11,0,2,4,0,662,0,-1.0849752106582014,True
14,1,0,3,1,662,1,0.4383378666205047,True
13,1,0,2,0,662,0,-0.6249916715672008,True
4,0,1,1,1,663,0,-0.49720615238724236,False
11,0,2,4,0,663,0,-0.8971188931431351,True
22,1,2,3,1,663,1,0.45667615484006713,True
21,1,2,2,0,663,0,-0.2211162793162315,True
4,0,1,1,1,664,0,-0.0555924140102072,False
5,0,1,2,0,664,0,-1.1164988996148724,True
12,1,0,1,1,664,1,0.01702393727484719,True
17,1,1,2,0,664,0,-0.24283959537403177,True
0,0,0,1,1,665,1,1.1788326624003533,True
5,0,1,2,0,665,0,-1.0217027786170714,True
18,1,1,3,1,665,1,1.068402664495338,True
17,1,1,2,0,665,0,-0.22985905947071364,True
6,0,1,3,1,666,1,1.617376628377059,True
5,0,1,2,0,666,0,-0.8053655874532417,True
16,1,1,1,1,666,1,0.44127330024584216,True
17,1,1,2,0,666,1,0.04681622834170701,False
8,0,2,1,1,667,1,0.6191725573271302,True
11,0,2,4,0,667,0,-1.0249304913484325,True
18,1,1,3,1,667,1,0.8772925814076632,True
17,1,1,2,0,667,0,-0.39971783189054555,True
8,0,2,1,1,668,1,0.47254756361663824,True
7,0,1,4,0,668,1,0.08591052900150402,False
16,1,1,1,1,668,0,-0.5787319977115005,False
15,1,0,4,0,668,0,-0.6043229881606252,True
0,0,0,1,1,669,1,0.6788229273854004,True
1,0,0,2,0,669,0,-0.33341654026383905,True
12,1,0,1,1,669,0,-0.28400881312702475,False
21,1,2,2,0,669,0,-0.6653894740711376,True
0,0,0,1,1,670,1,1.5157905691291225,True
9,0,2,2,0,670,0,-0.8536305234175278,True
18,1,1,3,1,670,1,1.2163158312395934,True
17,1,1,2,0,670,0,-0.09973913754517916,True
4,0,1,1,1,671,1,0.1195755677247754,True
1,0,0,2,0,671,0,-0.5347588621271275,True
16,1,1,1,1,671,0,-0.442870406131203,False
15,1,0,4,0,671,0,-0.5035505348344054,True
2,0,0,3,1,672,1,0.9176056718146446,True
9,0,2,2,0,672,0,-0.3511088330140153,True
18,1,1,3,1,672,1,0.8862065341477885,True
21,1,2,2,0,672,0,-0.34930599364568615,True
0,0,0,1,1,673,1,1.0584365489207987,True
1,0,0,2,0,673,0,-0.03598269091116735,True
18,1,1,3,1,673,1,1.061014332243724,True
21,1,2,2,0,673,0,-0.4004754515614801,True
4,0,1,1,1,674,0,-0.28926986304368185,False
7,0,1,4,0,674,0,-0.5400825228414696,True
22,1,2,3,1,674,1,0.1184451863316571,True
15,1,0,4,0,674,0,-0.8127685803911255,True
6,0,1,3,1,675,1,1.6949435636425483,True
7,0,1,4,0,675,0,-0.8332203635212286,True
20,1,2,1,1,675,1,0.1431475348518848,True
17,1,1,2,0,675,1,0.14038290376526896,False
6,0,1,3,1,676,1,1.0004330570119953,True
3,0,0,4,0,676,0,-0.39525631946165085,True
20,1,2,1,1,676,0,-0.05720070784532638,False
19,1,1,4,0,676,0,-1.466817877659624,True
10,0,2,3,1,677,1,0.3753064474296901,True
3,0,0,4,0,677,0,-0.7481141311821065,True
20,1,2,1,1,677,1,0.14217430628017014,True
19,1,1,4,0,677,0,-1.7981734302422956,True
6,0,1,3,1,678,1,1.497044597948203,True
5,0,1,2,0,678,0,-1.1565352511637224,True
16,1,1,1,1,678,0,-0.6652492705720084,False
23,1,2,4,0,678,0,-0.7918009162251759,True
0,0,0,1,1,679,1,1.0782111760715325,True
3,0,0,4,0,679,0,-0.753988630813645,True
20,1,2,1,1,679,1,0.0293301183350905,True
17,1,1,2,0,679,1,0.07425332287896017,False
4,0,1,1,1,680,0,-0.5103326902018077,False
11,0,2,4,0,680,0,-0.4967406884387282,True
18,1,1,3,1,680,1,0.5873923191488615,True
23,1,2,4,0,680,0,-0.9680216648338398,True
2,0,0,3,1,681,1,0.9274927274064886,True
3,0,0,4,0,681,0,-0.7788724048423534,True
12,1,0,1,1,681,1,0.11594876978091209,True
19,1,1,4,0,681,0,-1.0781680187150988,True
8,0,2,1,1,682,1,0.5636082361664515,True
1,0,0,2,0,682,0,-0.02686517915854178,True
18,1,1,3,1,682,1,0.9783263865342983,True
23,1,2,4,0,682,0,-1.0329736416825157,True
8,0,2,1,1,683,1,0.9031845554205327,True
9,0,2,2,0,683,0,-0.2586448336773164,True
12,1,0,1,1,683,1,0.6624507151981525,True
21,1,2,2,0,683,0,-0.32337266580121815,True
2,0,0,3,1,684,1,1.2325063249205035,True
11,0,2,4,0,684,0,-0.3704023386128486,True
16,1,1,1,1,684,0,-0.5654215560641733,False
15,1,0,4,0,684,0,-0.8460052290885207,True
0,0,0,1,1,685,1,1.0583239412100889,True
3,0,0,4,0,685,0,-0.44537541180136864,True
14,1,0,3,1,685,1,0.5760846523951295,True
17,1,1,2,0,685,0,-0.07987948847396463,True
0,0,0,1,1,686,1,1.3456649547937827,True
9,0,2,2,0,686,0,-0.5875755515395513,True
18,1,1,3,1,686,1,0.9327468443049145,True
15,1,0,4,0,686,0,-0.8310224042118943,True
4,0,1,1,1,687,0,-0.08311729025313946,False
11,0,2,4,0,687,0,-0.6745999045224798,True
14,1,0,3,1,687,1,0.27510103446715645,True
23,1,2,4,0,687,0,-0.8489925706434498,True
0,0,0,1,1,688,1,0.5000640772143998,True
9,0,2,2,0,688,1,0.017411782111053764,False
14,1,0,3,1,688,1,0.08925426332999953,True
19,1,1,4,0,688,0,-1.1090509510932898,True
2,0,0,3,1,689,1,0.8443245839007731,True
11,0,2,4,0,689,0,-0.40655474798207725,True
18,1,1,3,1,689,1,1.0804544073573001,True
19,1,1,4,0,689,0,-1.3364993208665175,True
10,0,2,3,1,690,1,0.3110409504737095,True
1,0,0,2,0,690,1,0.09557295490924814,False
12,1,0,1,1,690,0,-0.2831221241548312,False
19,1,1,4,0,690,0,-1.1942267044796326,True
0,0,0,1,1,691,1,1.3828620598570192,True
3,0,0,4,0,691,0,-0.6237796660223038,True
18,1,1,3,1,691,1,1.0486805292805608,True
17,1,1,2,0,691,0,-0.11767069032645683,True
6,0,1,3,1,692,1,1.6742499362123302,True
11,0,2,4,0,692,0,-0.4108162798702389,True
20,1,2,1,1,692,1,0.0632834711139833,True
17,1,1,2,0,692,1,0.3805472516197141,False
8,0,2,1,1,693,1,0.19907922287331276,True
1,0,0,2,0,693,0,-0.37716879847553314,True
22,1,2,3,1,693,0,-0.37230781539361785,False
17,1,1,2,0,693,1,0.2114242650138934,False
2,0,0,3,1,694,1,1.0570819687687858,True
5,0,1,2,0,694,0,-1.0490712430097848,True
12,1,0,1,1,694,1,0.2683925647302616,True
13,1,0,2,0,694,0,-0.6767081167420037,True
2,0,0,3,1,695,1,0.8413690123885538,True
1,0,0,2,0,695,1,0.028888991771991168,False
14,1,0,3,1,695,1,0.04599118513398731,True
19,1,1,4,0,695,0,-1.0341744548458764,True
6,0,1,3,1,696,1,0.9116811328032945,True
5,0,1,2,0,696,0,-1.2575276743266277,True
14,1,0,3,1,696,1,0.41707613186672465,True
19,1,1,4,0,696,0,-1.3697025756325034,True
6,0,1,3,1,697,1,1.1789908973227015,True
5,0,1,2,0,697,0,-1.32922811558618,True
22,1,2,3,1,697,1,0.26980653066596816,True
23,1,2,4,0,697,0,-1.245843263801082,True
6,0,1,3,1,698,1,1.1337058964178799,True
11,0,2,4,0,698,0,-0.9534624377029989,True
22,1,2,3,1,698,1,0.1738631719644083,True
23,1,2,4,0,698,0,-1.4672332742617225,True
10,0,2,3,1,699,1,0.2851184053374932,True
5,0,1,2,0,699,0,-1.0859392507882963,True
12,1,0,1,1,699,1,0.20907942598504647,True
19,1,1,4,0,699,0,-1.5427533211340207,True
10,0,2,3,1,700,1,0.19941325961846046,True
11,0,2,4,0,700,0,-0.7184297509789216,True
18,1,1,3,1,700,1,1.0571406837052222,True
19,1,1,4,0,700,0,-1.50269291928814,True
10,0,2,3,1,701,0,-0.13639698704298747,False
5,0,1,2,0,701,0,-1.0372927735588926,True
14,1,0,3,1,701,1,0.05527502468003381,True
23,1,2,4,0,701,0,-0.9080661031175989,True
0,0,0,1,1,702,1,0.7219520911662445,True
3,0,0,4,0,702,0,-0.8754862455391137,True
12,1,0,1,1,702,1,0.04785912169368629,True
21,1,2,2,0,702,0,-0.6101319939932075,True
2,0,0,3,1,703,1,1.1992696748739964,True
9,0,2,2,0,703,0,-0.729493873804795,True
20,1,2,1,1,703,1,0.20855255030240588,True
17,1,1,2,0,703,1,0.17631075219549647,False
0,0,0,1,1,704,1,1.011428662424003,True
7,0,1,4,0,704,0,-0.8296593801905809,True
14,1,0,3,1,704,1,0.42008549964770014,True
13,1,0,2,0,704,0,-0.5009068818733653,True
10,0,2,3,1,705,1,0.20808195017752834,True
5,0,1,2,0,705,0,-0.8264092927013744,True
12,1,0,1,1,705,1,0.04071949250388823,True
15,1,0,4,0,705,0,-0.4604135945234636,True
8,0,2,1,1,706,1,0.13096688751369692,True
5,0,1,2,0,706,0,-1.3603170860419544,True
22,1,2,3,1,706,0,-0.19832664616495618,False
15,1,0,4,0,706,0,-1.243116366521001,True
8,0,2,1,1,707,1,0.8037395101855336,True
7,0,1,4,0,707,0,-0.25352151806806456,True
12,1,0,1,1,707,1,0.44564933491274106,True
21,1,2,2,0,707,0,-0.626323627877587,True
4,0,1,1,1,708,0,-0.3018540747770071,False
3,0,0,4,0,708,0,-1.0051799445886467,True
18,1,1,3,1,708,1,0.2837875876101801,True
13,1,0,2,0,708,0,-0.21318631607651795,True
4,0,1,1,1,709,0,-0.19043939130403792,False
9,0,2,2,0,709,0,-0.8916961094272147,True
16,1,1,1,1,709,0,-0.050276821631644084,False
17,1,1,2,0,709,0,-0.5868546761700408,True
0,0,0,1,1,710,1,1.0531824223539616,True
11,0,2,4,0,710,0,-0.46171414416604994,True
20,1,2,1,1,710,1,0.29933102138201884,True
13,1,0,2,0,710,0,-0.12701620732608943,True
10,0,2,3,1,711,1,0.005989600357982877,True
11,0,2,4,0,711,0,-0.7458521923623,True
14,1,0,3,1,711,1,0.39090752568412723,True
15,1,0,4,0,711,0,-1.2738493024410684,True
10,0,2,3,1,712,1,0.2307918431742793,True
7,0,1,4,0,712,0,-0.1597461957255883,True
22,1,2,3,1,712,1,0.35294331281640595,True
23,1,2,4,0,712,0,-1.250063574531175,True
10,0,2,3,1,713,1,0.2546089847937373,True
1,0,0,2,0,713,0,-0.12858978295586987,True
20,1,2,1,1,713,1,0.13386959512611785,True
23,1,2,4,0,713,0,-0.7737701891915326,True
4,0,1,1,1,714,0,-0.5257133149237099,False
3,0,0,4,0,714,0,-0.8473383824559848,True
20,1,2,1,1,714,0,-0.12984609136087683,False
21,1,2,2,0,714,0,-0.9463952486811111,True
4,0,1,1,1,715,0,-0.6469041965213708,False
5,0,1,2,0,715,0,-1.770633981771282,True
18,1,1,3,1,715,1,0.42588205785192124,True
21,1,2,2,0,715,0,-0.12488009348366788,True
10,0,2,3,1,716,0,-0.21992479428023343,False
7,0,1,4,0,716,0,-0.5569020757232406,True
14,1,0,3,1,716,1,0.19036042602219577,True
23,1,2,4,0,716,0,-0.8869575172625148,True
0,0,0,1,1,717,1,1.3851664971573394,True
9,0,2,2,0,717,0,-0.17939920497264134,True
22,1,2,3,1,717,0,-0.4646462419131116,False
17,1,1,2,0,717,0,-0.08031991391458042,True
6,0,1,3,1,718,1,0.9762884022126073,True
3,0,0,4,0,718,0,-0.20689588167373624,True
12,1,0,1,1,718,1,0.2840786379565435,True
15,1,0,4,0,718,0,-0.5002998906517562,True
8,0,2,1,1,719,1,1.2306910870500902,True
11,0,2,4,0,719,0,-0.8100802211669363,True
12,1,0,1,1,719,1,0.22097436881838753,True
15,1,0,4,0,719,0,-0.7631817761411986,True
4,0,1,1,1,720,0,-0.4832319217081349,False
9,0,2,2,0,720,0,-0.8744270026499585,True
12,1,0,1,1,720,0,-0.17134543857940376,False
19,1,1,4,0,720,0,-1.1885087184717273,True
0,0,0,1,1,721,1,1.333239471493767,True
5,0,1,2,0,721,0,-0.9484355370598574,True
16,1,1,1,1,721,0,-0.0594987692114155,False
15,1,0,4,0,721,0,-0.613871099396293,True
10,0,2,3,1,722,1,0.3825639692808943,True
11,0,2,4,0,722,0,-0.5777300250694127,True
20,1,2,1,1,722,1,0.09280439236390003,True
17,1,1,2,0,722,1,0.2541803563410129,False
10,0,2,3,1,723,1,0.3148358246044757,True
5,0,1,2,0,723,0,-1.2666114749880395,True
22,1,2,3,1,723,1,0.5895275230816884,True
19,1,1,4,0,723,0,-1.6750154820474619,True
0,0,0,1,1,724,1,1.327192161718172,True
9,0,2,2,0,724,0,-0.5956363774483129,True
16,1,1,1,1,724,1,0.13403649016223845,True
19,1,1,4,0,724,0,-1.356006216576057,True
0,0,0,1,1,725,1,1.3577347808287088,True
3,0,0,4,0,725,0,-0.7692775016085432,True
16,1,1,1,1,725,1,0.6373654795938736,True
17,1,1,2,0,725,0,-0.06304270814680313,True
2,0,0,3,1,726,1,0.9807991731453714,True
9,0,2,2,0,726,0,-0.9858505625217331,True
16,1,1,1,1,726,0,-0.4793554795744084,False
15,1,0,4,0,726,0,-0.7547621585218154,True
8,0,2,1,1,727,1,0.8653470555796862,True
11,0,2,4,0,727,0,-0.5356152678453648,True
12,1,0,1,1,727,1,0.22411734409492257,True
13,1,0,2,0,727,0,-0.7399829203748588,True
0,0,0,1,1,728,1,1.0407639055320699,True
1,0,0,2,0,728,0,-0.392263501496564,True
14,1,0,3,1,728,1,0.502679745156537,True
17,1,1,2,0,728,0,-0.1703273238333773,True
6,0,1,3,1,729,1,1.085286070914165,True
3,0,0,4,0,729,0,-0.670159758657886,True
18,1,1,3,1,729,1,0.6893012684543434,True
13,1,0,2,0,729,0,-0.23230066541900674,True
2,0,0,3,1,730,1,1.0313008506438974,True
9,0,2,2,0,730,0,-0.47712566355328345,True
20,1,2,1,1,730,1,0.33153978449471655,True
13,1,0,2,0,730,0,-0.2597989029281811,True
10,0,2,3,1,731,1,0.23199779465552697,True
9,0,2,2,0,731,0,-0.7414527580720147,True
12,1,0,1,1,731,1,0.06211173665717687,True
21,1,2,2,0,731,0,-0.46716502082145706,True
2,0,0,3,1,732,1,1.480300831103003,True
5,0,1,2,0,732,0,-1.5190108737553896,True
14,1,0,3,1,732,1,0.13012592321310384,True
21,1,2,2,0,732,0,-0.7246551904562306,True
6,0,1,3,1,733,1,1.5111856303070095,True
3,0,0,4,0,733,0,-0.6950586764743374,True
20,1,2,1,1,733,0,-0.08817317030495525,False
17,1,1,2,0,733,1,0.18437497753905602,False
4,0,1,1,1,734,1,0.10109365344148466,True
7,0,1,4,0,734,0,-0.4400367280078664,True
22,1,2,3,1,734,0,-0.20510210639613993,False
17,1,1,2,0,734,0,-0.0470531252260499,True
8,0,2,1,1,735,1,0.8931427615166152,True
11,0,2,4,0,735,0,-0.7140148621315596,True
18,1,1,3,1,735,1,0.8345428602251204,True
13,1,0,2,0,735,0,-0.2989168986568745,True
10,0,2,3,1,736,1,0.38084669268510907,True
5,0,1,2,0,736,0,-1.0841665033014365,True
16,1,1,1,1,736,0,-0.35983820353442497,False
21,1,2,2,0,736,0,-0.30963810603140307,True
2,0,0,3,1,737,1,1.3808220269185996,True
1,0,0,2,0,737,1,0.12864303709834923,False
16,1,1,1,1,737,0,-0.4249599640325886,False
13,1,0,2,0,737,0,-0.48458650984771834,True
8,0,2,1,1,738,1,0.9353859451814298,True
5,0,1,2,0,738,0,-1.468469086965826,True
14,1,0,3,1,738,1,0.4793745737142704,True
23,1,2,4,0,738,0,-0.7464051790377372,True
2,0,0,3,1,739,1,1.0345716695175562,True
1,0,0,2,0,739,0,-0.009687568906881494,True
12,1,0,1,1,739,1,0.12170874940707821,True
13,1,0,2,0,739,0,-0.5111268778719168,True
4,0,1,1,1,740,0,-0.6887308064434242,False
9,0,2,2,0,740,0,-0.620822540545373,True
20,1,2,1,1,740,1,0.1629653900178679,True
23,1,2,4,0,740,0,-0.9165858835366377,True
6,0,1,3,1,741,1,1.5061691764787186,True
7,0,1,4,0,741,0,-0.777544169546854,True
20,1,2,1,1,741,1,0.27280514698385316,True
19,1,1,4,0,741,0,-1.4856672473087178,True
4,0,1,1,1,742,0,-0.4398231684908681,False
5,0,1,2,0,742,0,-1.8834154055144703,True
20,1,2,1,1,742,1,0.23177467894216963,True
21,1,2,2,0,742,0,-0.7993118687154191,True
6,0,1,3,1,743,1,0.9628795559088223,True
9,0,2,2,0,743,0,-0.12017045961294295,True
22,1,2,3,1,743,0,-0.37140378386307993,False
17,1,1,2,0,743,0,-0.06983783416531056,True
2,0,0,3,1,744,1,0.9196688730497711,True
3,0,0,4,0,744,0,-0.36414366076942417,True
18,1,1,3,1,744,1,0.6657786740561218,True
15,1,0,4,0,744,0,-0.9983207414468882,True
8,0,2,1,1,745,1,0.5440426401855086,True
3,0,0,4,0,745,0,-0.9710174331435534,True
12,1,0,1,1,745,1,0.24134699748087163,True
17,1,1,2,0,745,1,0.09323878085120396,False
10,0,2,3,1,746,0,-0.008076531355340685,False
11,0,2,4,0,746,0,-0.7884690513729705,True
20,1,2,1,1,746,1,0.15601898261464378,True
13,1,0,2,0,746,1,0.015382135395663701,False
0,0,0,1,1,747,1,1.2357193711344554,True
1,0,0,2,0,747,1,0.4638442474606965,False
18,1,1,3,1,747,1,0.9766539319074969,True
13,1,0,2,0,747,1,0.1863676643641068,False
2,0,0,3,1,748,1,1.1494992378509867,True
5,0,1,2,0,748,0,-1.356588046140488,True
16,1,1,1,1,748,0,-0.7425211635309903,False
19,1,1,4,0,748,0,-1.5008399494138345,True
0,0,0,1,1,749,1,0.5575412368989381,True
11,0,2,4,0,749,0,-0.45677315012151115,True
12,1,0,1,1,749,0,-0.39952720937687075,False
19,1,1,4,0,749,0,-1.3739180304166239,True
6,0,1,3,1,750,1,1.177501727375451,True
1,0,0,2,0,750,1,0.2677270452716102,False
12,1,0,1,1,750,0,-0.3019795376420459,False
21,1,2,2,0,750,0,-0.6001264655915072,True
4,0,1,1,1,751,1,0.14239977621287042,True
1,0,0,2,0,751,0,-0.43240017621806953,True
22,1,2,3,1,751,0,-0.1424618954382903,False
17,1,1,2,0,751,0,-0.04958778594433494,True
4,0,1,1,1,752,0,-0.38407140677865054,False
3,0,0,4,0,752,0,-0.9909319455531616,True
14,1,0,3,1,752,1,0.6678086453443319,True
21,1,2,2,0,752,0,-0.3384931700340312,True
2,0,0,3,1,753,1,1.2565276952327507,True
11,0,2,4,0,753,0,-0.9357478142594795,True
20,1,2,1,1,753,1,0.6233501994375237,True
21,1,2,2,0,753,0,-0.7260144803937569,True
2,0,0,3,1,754,1,0.4269920492722109,True
9,0,2,2,0,754,0,-0.17408182077232107,True
22,1,2,3,1,754,1,0.05305284212872893,True
19,1,1,4,0,754,0,-1.3403290072875487,True
6,0,1,3,1,755,1,1.0367802445535024,True
3,0,0,4,0,755,0,-0.6576090488060257,True
22,1,2,3,1,755,1,0.540144963318615,True
13,1,0,2,0,755,0,-0.257163861526723,True
4,0,1,1,1,756,0,-0.3528123131756222,False
9,0,2,2,0,756,0,-0.8768301496647986,True
12,1,0,1,1,756,0,-0.3415502181841388,False
15,1,0,4,0,756,0,-0.3519081626696934,True
8,0,2,1,1,757,1,0.8071847428369574,True
5,0,1,2,0,757,0,-1.509198049986532,True
14,1,0,3,1,757,1,0.6727549936094996,True
13,1,0,2,0,757,0,-0.6719667641411109,True
0,0,0,1,1,758,1,1.0850698052654457,True
7,0,1,4,0,758,0,-0.239896195918949,True
16,1,1,1,1,758,0,-0.4516067999679226,False
21,1,2,2,0,758,0,-0.4354059312957053,True
2,0,0,3,1,759,1,0.968519573824893,True
3,0,0,4,0,759,0,-0.3618258798438295,True
18,1,1,3,1,759,1,0.8337042097741295,True
17,1,1,2,0,759,1,0.023586447083610795,False
0,0,0,1,1,760,1,1.2914625379549765,True
3,0,0,4,0,760,0,-0.569247772718579,True
18,1,1,3,1,760,1,0.8011018581327762,True
23,1,2,4,0,760,0,-1.0909325329179718,True
8,0,2,1,1,761,1,0.43550189413233487,True
7,0,1,4,0,761,0,-0.12449345653191722,True
18,1,1,3,1,761,1,1.0722458998652515,True
17,1,1,2,0,761,0,-0.2736737494569609,True
10,0,2,3,1,762,0,-0.30735470855715075,False
7,0,1,4,0,762,0,-0.6859507477369621,True
14,1,0,3,1,762,0,-0.038798024677933224,False
15,1,0,4,0,762,0,-1.1569112892038145,True
4,0,1,1,1,763,0,-0.29361552963371673,False
7,0,1,4,0,763,0,-0.7709685212532399,True
16,1,1,1,1,763,1,0.15377290910085117,True
17,1,1,2,0,763,0,-0.3662440403730848,True
4,0,1,1,1,764,0,-0.20953026213093603,False
3,0,0,4,0,764,0,-1.0783417193530274,True
16,1,1,1,1,764,1,0.09242446657860584,True
17,1,1,2,0,764,0,-0.305485218890055,True
6,0,1,3,1,765,1,1.341619713414635,True
1,0,0,2,0,765,1,0.13447257583284278,False
16,1,1,1,1,765,0,-0.35022981671501674,False
13,1,0,2,0,765,0,-0.33976875348951696,True
8,0,2,1,1,766,0,-0.24913307639949733,False
3,0,0,4,0,766,0,-0.6794885867859465,True
22,1,2,3,1,766,0,-0.0099351589317761,False
21,1,2,2,0,766,0,-0.14773349780743084,True
0,0,0,1,1,767,1,1.2219996542820228,True
11,0,2,4,0,767,0,-0.4907461908873126,True
20,1,2,1,1,767,1,0.38472289862504033,True
23,1,2,4,0,767,0,-0.7617609529826754,True
4,0,1,1,1,768,0,-0.4591355806480986,False
9,0,2,2,0,768,0,-0.9225308217809973,True
12,1,0,1,1,768,0,-0.1761169789572697,False
13,1,0,2,0,768,0,-0.911415564042626,True
8,0,2,1,1,769,1,0.24936009001855514,True
5,0,1,2,0,769,0,-1.328536750189024,True
22,1,2,3,1,769,0,-0.15493815277371364,False
13,1,0,2,0,769,0,-0.47061395558596825,True
8,0,2,1,1,770,1,0.8781858225055108,True
7,0,1,4,0,770,0,-0.058882848183108516,True
12,1,0,1,1,770,1,0.4345434878800789,True
19,1,1,4,0,770,0,-1.2119585963004698,True
8,0,2,1,1,771,1,0.793176944495582,True
9,0,2,2,0,771,0,-0.11844074696176601,True
18,1,1,3,1,771,1,0.6163150074240463,True
13,1,0,2,0,771,0,-0.36276131898219355,True
4,0,1,1,1,772,0,-0.5890465281051466,False
7,0,1,4,0,772,0,-0.9069905175156269,True
16,1,1,1,1,772,0,-0.2648612812040905,False
13,1,0,2,0,772,0,-0.7391514780694634,True
6,0,1,3,1,773,1,1.4313975606684644,True
7,0,1,4,0,773,0,-0.8847106714247006,True
12,1,0,1,1,773,1,0.16928800735952199,True
17,1,1,2,0,773,0,-0.10014197705489436,True
8,0,2,1,1,774,1,1.0525536091245686,True
11,0,2,4,0,774,0,-0.7192084219819609,True
12,1,0,1,1,774,1,0.29115002977989823,True
19,1,1,4,0,774,0,-1.4134481035003463,True
10,0,2,3,1,775,1,0.21147343860771606,True
7,0,1,4,0,775,0,-0.22076632522485096,True
16,1,1,1,1,775,0,-0.21516806000916422,False
13,1,0,2,0,775,0,-0.579903927845829,True
4,0,1,1,1,776,0,-0.5872372022071448,False
9,0,2,2,0,776,0,-0.7264841771519897,True
12,1,0,1,1,776,0,-0.012465205103268706,False
21,1,2,2,0,776,0,-0.4072919594434103,True
8,0,2,1,1,777,1,0.6749974945848836,True
9,0,2,2,0,777,0,-0.2035988702738143,True
20,1,2,1,1,777,1,0.26939119678011725,True
15,1,0,4,0,777,0,-0.9144745298265535,True
4,0,1,1,1,778,1,0.20420174552609563,True
11,0,2,4,0,778,0,-0.9490772027673982,True
22,1,2,3,1,778,0,-0.18821752291926305,False
17,1,1,2,0,778,0,-0.06333762089133874,True
8,0,2,1,1,779,1,0.7426550076717836,True
1,0,0,2,0,779,1,0.20376016679227268,False
12,1,0,1,1,779,1,0.3051377227859782,True
21,1,2,2,0,779,0,-0.4353024503143003,True
6,0,1,3,1,780,1,1.073556580709352,True
1,0,0,2,0,780,0,-0.19745938575714797,True
12,1,0,1,1,780,0,-0.18904155423393712,False
17,1,1,2,0,780,0,-0.020829893878494467,True
10,0,2,3,1,781,1,0.2569251380277119,True
5,0,1,2,0,781,0,-1.1685658702305117,True
18,1,1,3,1,781,1,0.7555293776056607,True
21,1,2,2,0,781,0,-0.2484416178712444,True
0,0,0,1,1,782,1,0.9017007992323726,True
3,0,0,4,0,782,0,-0.7056360614254863,True
14,1,0,3,1,782,1,0.35806837781678597,True
21,1,2,2,0,782,0,-0.4992051759284168,True
8,0,2,1,1,783,1,0.5965124794992577,True
1,0,0,2,0,783,0,-0.10716593644566799,True
14,1,0,3,1,783,1,0.33609842472975504,True
21,1,2,2,0,783,0,-0.2742970975320348,True
6,0,1,3,1,784,1,1.1053055569524937,True
3,0,0,4,0,784,0,-0.931078398862393,True
16,1,1,1,1,784,0,-0.22766094398795,False
13,1,0,2,0,784,0,-0.3699796695484767,True
4,0,1,1,1,785,0,-0.7549959946912367,False
7,0,1,4,0,785,0,-0.9980267401524184,True
20,1,2,1,1,785,1,0.11155321418429001,True
15,1,0,4,0,785,0,-0.8233694144818445,True
6,0,1,3,1,786,1,0.691002290053478,True
3,0,0,4,0,786,1,0.03519207390962338,False
14,1,0,3,1,786,1,0.5784544687946329,True
19,1,1,4,0,786,0,-1.321404636687001,True
8,0,2,1,1,787,1,0.07848050895260389,True
3,0,0,4,0,787,0,-0.8271548644015287,True
18,1,1,3,1,787,1,0.5949655871138169,True
21,1,2,2,0,787,0,-0.1485551169884372,True
8,0,2,1,1,788,0,-0.230045574179563,False
3,0,0,4,0,788,0,-0.42170424111031574,True
22,1,2,3,1,788,0,-0.02825913976126765,False
23,1,2,4,0,788,0,-1.4650192539853961,True
0,0,0,1,1,789,1,0.993192723115153,True
1,0,0,2,0,789,0,-0.20265759800978694,True
20,1,2,1,1,789,1,0.1345904158934123,True
17,1,1,2,0,789,1,0.020275668412078326,False
2,0,0,3,1,790,1,0.993676812372471,True
11,0,2,4,0,790,0,-0.3690975505529591,True
18,1,1,3,1,790,1,1.100124721443129,True
15,1,0,4,0,790,0,-1.280314153811085,True
6,0,1,3,1,791,1,1.2197977526602213,True
3,0,0,4,0,791,0,-0.2695514753068602,True
18,1,1,3,1,791,1,0.5287808827094433,True
15,1,0,4,0,791,0,-0.7630298353023817,True
10,0,2,3,1,792,1,0.32118440869544507,True
3,0,0,4,0,792,0,-0.5132997711631121,True
20,1,2,1,1,792,0,-0.009432268691664913,False
15,1,0,4,0,792,0,-0.5324227175657043,True
6,0,1,3,1,793,1,1.278396632200746,True
1,0,0,2,0,793,1,0.20828685872008396,False
18,1,1,3,1,793,1,0.7560507293434864,True
21,1,2,2,0,793,0,-0.5578923378064589,True
0,0,0,1,1,794,1,0.9878075365233068,True
9,0,2,2,0,794,0,-0.7066164248643458,True
20,1,2,1,1,794,1,0.3071884212951757,True
13,1,0,2,0,794,0,-0.19781741891509247,True
10,0,2,3,1,795,1,0.17344612012718574,True
11,0,2,4,0,795,0,-0.9719781053639931,True
22,1,2,3,1,795,1,0.5855430432528941,True
21,1,2,2,0,795,0,-0.42204282745129795,True
2,0,0,3,1,796,1,0.8237793187401733,True
11,0,2,4,0,796,0,-0.5009383365571921,True
12,1,0,1,1,796,0,-0.05331739872340405,False
19,1,1,4,0,796,0,-1.3099926031512028,True
6,0,1,3,1,797,1,1.6308414750532407,True
9,0,2,2,0,797,0,-0.6037477005893457,True
20,1,2,1,1,797,1,0.35966186257114185,True
15,1,0,4,0,797,0,-0.9607492405561,True
0,0,0,1,1,798,1,1.1913404125126352,True
9,0,2,2,0,798,0,-0.46221390730631445,True
20,1,2,1,1,798,1,0.8265307112532148,True
21,1,2,2,0,798,0,-0.42715850154745166,True
8,0,2,1,1,799,1,0.5225337391118542,True
7,0,1,4,0,799,1,0.28524832832701696,False
16,1,1,1,1,799,0,-0.5747999688574191,False
23,1,2,4,0,799,0,-0.792938398698554,True
2,0,0,3,1,800,1,1.2114350776128349,True
3,0,0,4,0,800,0,-0.6201191843115359,True
14,1,0,3,1,800,1,0.48451492946937497,True
13,1,0,2,0,800,0,-0.17526392564141363,True
10,0,2,3,1,801,0,-0.07771948690808421,False
1,0,0,2,0,801,1,0.4127740369771184,False
22,1,2,3,1,801,1,0.2664187407518201,True
13,1,0,2,0,801,1,0.1623309030981654,False
0,0,0,1,1,802,1,0.9313609323837,True
9,0,2,2,0,802,0,-0.7951903205220476,True
12,1,0,1,1,802,1,0.20737837663210018,True
13,1,0,2,0,802,0,-0.6653164457952687,True
6,0,1,3,1,803,1,1.0934245948963914,True
1,0,0,2,0,803,0,-0.020723602377635986,True
12,1,0,1,1,803,0,-0.3944205791043753,False
15,1,0,4,0,803,0,-0.650845700212999,True
8,0,2,1,1,804,1,0.5408326343867718,True
1,0,0,2,0,804,0,-0.22485330690525698,True
18,1,1,3,1,804,1,1.1259424207522735,True
17,1,1,2,0,804,0,-0.2523956386050574,True
10,0,2,3,1,805,1,0.202555789095339,True
5,0,1,2,0,805,0,-0.9342867030253764,True
16,1,1,1,1,805,0,-0.36305350356177846,False
15,1,0,4,0,805,0,-0.4565005340445284,True
8,0,2,1,1,806,1,0.6688708197844996,True
9,0,2,2,0,806,0,-0.16736200517932637,True
18,1,1,3,1,806,1,0.6166166732741051,True
15,1,0,4,0,806,0,-1.0991931085827977,True
0,0,0,1,1,807,1,1.1455458186548513,True
11,0,2,4,0,807,0,-0.6381146755144385,True
14,1,0,3,1,807,1,0.3159443624896796,True
17,1,1,2,0,807,0,-0.07434140414570625,True
0,0,0,1,1,808,1,0.9415316666733058,True
7,0,1,4,0,808,0,-0.6531399479145406,True
20,1,2,1,1,808,1,0.3719949448489648,True
23,1,2,4,0,808,0,-0.7293828836915925,True
10,0,2,3,1,809,1,0.13133335005563535,True
9,0,2,2,0,809,0,-0.6411669303338878,True
18,1,1,3,1,809,1,1.1032091255684846,True
19,1,1,4,0,809,0,-1.4585462914182492,True
8,0,2,1,1,810,1,0.45060883786164474,True
1,0,0,2,0,810,1,0.058213219780285715,False
20,1,2,1,1,810,1,0.3157229600091974,True
19,1,1,4,0,810,0,-1.4304473634733172,True
6,0,1,3,1,811,1,1.1958893790217042,True
11,0,2,4,0,811,0,-0.6415973655603391,True
18,1,1,3,1,811,1,1.0280040471355953,True
15,1,0,4,0,811,0,-1.0632970151740533,True
8,0,2,1,1,812,1,0.6757881522210908,True
9,0,2,2,0,812,0,-0.13262826787237436,True
14,1,0,3,1,812,1,0.4870537065878643,True
17,1,1,2,0,812,0,-0.2967681350825274,True
2,0,0,3,1,813,1,1.2609119796661323,True
1,0,0,2,0,813,0,-0.24401110056633601,True
14,1,0,3,1,813,1,0.018181223249449485,True
21,1,2,2,0,813,0,-0.552071490414395,True
10,0,2,3,1,814,1,0.4844501418222019,True
11,0,2,4,0,814,0,-0.3973598938910169,True
16,1,1,1,1,814,1,0.0017618407718728094,True
17,1,1,2,0,814,0,-0.2811591699736543,True
4,0,1,1,1,815,1,0.3201112736375108,True
11,0,2,4,0,815,0,-0.6522365451230961,True
14,1,0,3,1,815,1,0.4408037094564615,True
17,1,1,2,0,815,0,-0.11807105401074913,True
2,0,0,3,1,816,1,1.3169956782505658,True
3,0,0,4,0,816,0,-0.6772033823874649,True
16,1,1,1,1,816,0,-0.5969770610403066,False
15,1,0,4,0,816,0,-0.4424759459839068,True
6,0,1,3,1,817,1,1.4198475801131365,True
3,0,0,4,0,817,0,-0.6446621544979494,True
20,1,2,1,1,817,0,-0.08345119472791523,False
21,1,2,2,0,817,0,-1.1001759544755436,True
0,0,0,1,1,818,1,1.2479761063027546,True
3,0,0,4,0,818,0,-0.6309651337428983,True
22,1,2,3,1,818,1,0.5387006871230282,True
21,1,2,2,0,818,0,-0.39379005585049937,True
4,0,1,1,1,819,0,-0.6179920672218895,False
5,0,1,2,0,819,0,-1.7207276470970045,True
18,1,1,3,1,819,1,0.34899805676143186,True
23,1,2,4,0,819,0,-0.9270326892357152,True
2,0,0,3,1,820,1,1.0505512186177688,True
7,0,1,4,0,820,0,-0.5004541621110983,True
20,1,2,1,1,820,1,0.5824543333598564,True
19,1,1,4,0,820,0,-1.2460249797691096,True
0,0,0,1,1,821,1,1.2874908869597308,True
9,0,2,2,0,821,0,-0.21011363511312076,True
22,1,2,3,1,821,0,-0.4030003485918827,False
13,1,0,2,0,821,0,-0.3255293729814015,True
10,0,2,3,1,822,1,0.3528209633213891,True
11,0,2,4,0,822,0,-0.7436376346981436,True
22,1,2,3,1,822,1,0.2540858022318745,True
17,1,1,2,0,822,1,0.06610245233576326,False
10,0,2,3,1,823,1,0.2630457889282519,True
3,0,0,4,0,823,0,-0.7428639756878163,True
22,1,2,3,1,823,1,0.7864802213786953,True
21,1,2,2,0,823,0,-0.3379552629440946,True
0,0,0,1,1,824,1,0.9729054678930997,True
9,0,2,2,0,824,0,-0.25910831678123225,True
14,1,0,3,1,824,0,-0.31329908069740187,False
23,1,2,4,0,824,0,-0.8670835323801476,True
2,0,0,3,1,825,1,0.5643764929261347,True
5,0,1,2,0,825,0,-1.04752999739579,True
22,1,2,3,1,825,0,-0.12929925456215863,False
13,1,0,2,0,825,0,-0.4945778102221273,True
6,0,1,3,1,826,1,1.3473036312486975,True
11,0,2,4,0,826,0,-0.410250438081896,True
12,1,0,1,1,826,0,-0.18457441096395436,False
23,1,2,4,0,826,0,-0.8891252713467533,True
8,0,2,1,1,827,1,0.38357102390411135,True
5,0,1,2,0,827,0,-1.4676987559261425,True
22,1,2,3,1,827,0,-0.017246712045181245,False
23,1,2,4,0,827,0,-1.422690554441906,True
8,0,2,1,1,828,1,0.8681942861373293,True
5,0,1,2,0,828,0,-1.4661751057425154,True
14,1,0,3,1,828,1,0.5666415463242003,True
15,1,0,4,0,828,0,-1.262683540947315,True
10,0,2,3,1,829,1,0.22422584465228507,True
1,0,0,2,0,829,0,-0.3228819249775295,True
20,1,2,1,1,829,0,-0.03081223458759258,False
17,1,1,2,0,829,1,0.22564769769880438,False
2,0,0,3,1,830,1,0.7809557285256811,True
11,0,2,4,0,830,0,-0.5728720435542868,True
12,1,0,1,1,830,0,-0.0314176312058817,False
21,1,2,2,0,830,0,-0.6525954173869098,True
10,0,2,3,1,831,1,0.2741312218115425,True
3,0,0,4,0,831,0,-0.6309144436901933,True
20,1,2,1,1,831,1,0.01639331178423331,True
23,1,2,4,0,831,0,-0.9272983568331116,True
4,0,1,1,1,832,0,-0.18335880898209328,False
9,0,2,2,0,832,0,-0.09805471153875205,True
22,1,2,3,1,832,0,-0.07056392461140541,False
19,1,1,4,0,832,0,-1.3353035790345296,True
4,0,1,1,1,833,0,-0.5324713383477562,False
7,0,1,4,0,833,0,-0.9119477539976266,True
22,1,2,3,1,833,1,0.13337376717049315,True
13,1,0,2,0,833,0,-0.5195889418754192,True
4,0,1,1,1,834,1,0.04046065554249262,True
11,0,2,4,0,834,0,-0.3558535009799711,True
16,1,1,1,1,834,0,-0.3259259994488986,False
13,1,0,2,0,834,0,-0.7794549482282571,True
0,0,0,1,1,835,1,1.6876949645651207,True
11,0,2,4,0,835,0,-0.7411958856951175,True
22,1,2,3,1,835,1,0.08172937681582138,True
15,1,0,4,0,835,0,-1.073161534800481,True
10,0,2,3,1,836,1,0.1979340758783707,True
9,0,2,2,0,836,0,-0.9251263426180167,True
16,1,1,1,1,836,1,0.058977278860071924,True
13,1,0,2,0,836,0,-0.52298401691661,True
10,0,2,3,1,837,1,0.12907667695866026,True
7,0,1,4,0,837,0,-0.6931624271866328,True
12,1,0,1,1,837,1,0.174588010561136,True
23,1,2,4,0,837,0,-0.8163225273736483,True
0,0,0,1,1,838,1,0.4959308483993905,True
1,0,0,2,0,838,0,-0.1612674251139674,True
12,1,0,1,1,838,0,-0.43959759203751303,False
19,1,1,4,0,838,0,-1.2623456040664986,True
10,0,2,3,1,839,0,-0.21711741628544284,False
9,0,2,2,0,839,0,-0.22747079255599917,True
14,1,0,3,1,839,0,-0.47803404840864544,False
21,1,2,2,0,839,0,-0.3146776977691926,True
8,0,2,1,1,840,0,-0.08980317130018839,False
11,0,2,4,0,840,0,-1.1018609095207206,True
22,1,2,3,1,840,0,-0.23279208820235758,False
19,1,1,4,0,840,0,-1.320650232598336,True
6,0,1,3,1,841,1,1.1264309294916468,True
3,0,0,4,0,841,0,-0.4711398606187322,True
18,1,1,3,1,841,1,0.9164529815077698,True
17,1,1,2,0,841,0,-0.21262697700180405,True
10,0,2,3,1,842,0,-0.10454665356706486,False
1,0,0,2,0,842,0,-0.4021609642304774,True
14,1,0,3,1,842,1,0.15315581291804534,True
17,1,1,2,0,842,0,-0.03871483821177826,True
4,0,1,1,1,843,0,-0.3112733656152636,False
9,0,2,2,0,843,0,-0.6870756297849543,True
16,1,1,1,1,843,0,-0.2522985047823985,False
21,1,2,2,0,843,0,-0.16906326088095308,True
10,0,2,3,1,844,1,0.44601074855371237,True
3,0,0,4,0,844,0,-0.8611255506919908,True
12,1,0,1,1,844,1,0.05175122880896834,True
19,1,1,4,0,844,0,-1.4175909801849034,True
2,0,0,3,1,845,1,0.7847857631310352,True
7,0,1,4,0,845,0,-0.29782879145999874,True
22,1,2,3,1,845,1,0.3084459042552067,True
19,1,1,4,0,845,0,-1.0644147238869568,True
8,0,2,1,1,846,1,0.2371027160267687,True
5,0,1,2,0,846,0,-1.5118969940525577,True
16,1,1,1,1,846,0,-0.54408566065133,False
21,1,2,2,0,846,0,-0.24175207771418616,True
2,0,0,3,1,847,1,1.4438985928198396,True
11,0,2,4,0,847,0,-0.5385654969351783,True
20,1,2,1,1,847,1,0.23517169451029857,True
17,1,1,2,0,847,1,0.34760001711119876,False
6,0,1,3,1,848,1,1.3713404139954688,True
5,0,1,2,0,848,0,-1.4379507672546252,True
18,1,1,3,1,848,1,0.7246560728247019,True
15,1,0,4,0,848,0,-1.1163604832860872,True
6,0,1,3,1,849,1,0.8820970316570892,True
9,0,2,2,0,849,1,0.1829492981420361,False
22,1,2,3,1,849,1,0.0029160617030540292,True
19,1,1,4,0,849,0,-0.8679002323794142,True
8,0,2,1,1,850,1,0.02957653446350378,True
7,0,1,4,0,850,0,-0.07035252986690871,True
22,1,2,3,1,850,0,-0.17176849893094776,False
15,1,0,4,0,850,0,-1.001524410020291,True
6,0,1,3,1,851,1,1.0547558515626527,True
5,0,1,2,0,851,0,-1.223671552806988,True
12,1,0,1,1,851,1,0.32371156419440006,True
13,1,0,2,0,851,0,-0.6648790418870839,True
2,0,0,3,1,852,1,0.8151297118743033,True
7,0,1,4,0,852,0,-0.21493808475671278,True
18,1,1,3,1,852,1,1.1484219342084065,True
19,1,1,4,0,852,0,-0.9759578382427705,True
2,0,0,3,1,853,1,1.0611185551364684,True
3,0,0,4,0,853,0,-0.9217029095700034,True
12,1,0,1,1,853,1,0.1392611762139083,True
21,1,2,2,0,853,0,-0.6290147194310863,True
8,0,2,1,1,854,1,0.8537715002732074,True
9,0,2,2,0,854,0,-0.5150006091108286,True
12,1,0,1,1,854,1,0.4384435444620034,True
17,1,1,2,0,854,0,-0.1221213049958636,True
6,0,1,3,1,855,1,1.5211461772243478,True
7,0,1,4,0,855,0,-0.526918164514439,True
22,1,2,3,1,855,1,0.1860367696285319,True
15,1,0,4,0,855,0,-0.8043499686383442,True
0,0,0,1,1,856,1,0.5821975713168466,True
9,0,2,2,0,856,0,-0.714783471051303,True
12,1,0,1,1,856,0,-0.27231248623302434,False
15,1,0,4,0,856,0,-0.4149636031025658,True
10,0,2,3,1,857,1,0.30643335262669236,True
5,0,1,2,0,857,0,-0.8508296175556557,True
22,1,2,3,1,857,1,0.3973802007191053,True
15,1,0,4,0,857,0,-0.7222005482811761,True
8,0,2,1,1,858,1,0.8351904415754551,True
11,0,2,4,0,858,0,-1.1371223344247703,True
18,1,1,3,1,858,1,0.7107611919750009,True
15,1,0,4,0,858,0,-1.0285486865176168,True
6,0,1,3,1,859,1,1.1754333982801817,True
5,0,1,2,0,859,0,-1.265300188390404,True
14,1,0,3,1,859,1,0.538303554188729,True
13,1,0,2,0,859,0,-0.4924840836980474,True
4,0,1,1,1,860,0,-0.16908602706356576,False
3,0,0,4,0,860,0,-0.8602482250399676,True
18,1,1,3,1,860,1,0.651352383729554,True
17,1,1,2,0,860,0,-0.11080828030923148,True
4,0,1,1,1,861,0,-0.8331801512345314,False
7,0,1,4,0,861,0,-0.8457575220021674,True
18,1,1,3,1,861,1,0.4152749283896056,True
21,1,2,2,0,861,0,-0.2797806220815359,True
2,0,0,3,1,862,1,1.1143746146055986,True
11,0,2,4,0,862,0,-0.4514642419210876,True
16,1,1,1,1,862,0,-0.6329792090275624,False
21,1,2,2,0,862,0,-0.5465630689052613,True
0,0,0,1,1,863,1,1.0024372947081435,True
5,0,1,2,0,863,0,-1.1368507178755467,True
18,1,1,3,1,863,1,0.8738895726177638,True
13,1,0,2,0,863,0,-0.32701162203708933,True
4,0,1,1,1,864,0,-0.43192211380977213,False
3,0,0,4,0,864,0,-1.1479753161699235,True
12,1,0,1,1,864,0,-0.16865729521963654,False
15,1,0,4,0,864,0,-0.5274246593539267,True
8,0,2,1,1,865,1,1.066902562778759,True
5,0,1,2,0,865,0,-1.1877826586729134,True
12,1,0,1,1,865,1,0.44896431592186714,True
15,1,0,4,0,865,0,-0.8586795440680394,True
4,0,1,1,1,866,0,-0.3318904378164901,False
1,0,0,2,0,866,0,-0.2026873462921647,True
14,1,0,3,1,866,1,0.659234667499261,True
19,1,1,4,0,866,0,-1.2405513288005903,True
10,0,2,3,1,867,1,0.4486295159853737,True
1,0,0,2,0,867,1,0.03352387196173079,False
22,1,2,3,1,867,1,0.42013655854776455,True
21,1,2,2,0,867,0,-0.47069968775183146,True
4,0,1,1,1,868,0,-0.1652995967578903,False
9,0,2,2,0,868,0,-0.40008385311933026,True
14,1,0,3,1,868,1,0.520856387001297,True
17,1,1,2,0,868,0,-0.4186690470483221,True
0,0,0,1,1,869,1,0.44355141757392513,True
7,0,1,4,0,869,0,-0.6535510297270014,True
12,1,0,1,1,869,1,0.08704338837522052,True
13,1,0,2,0,869,0,-0.6040381145028747,True
2,0,0,3,1,870,1,1.4198173581129852,True
11,0,2,4,0,870,0,-0.6294086816005939,True
14,1,0,3,1,870,0,-0.16464832980781047,False
17,1,1,2,0,870,1,0.10483022725220842,False
2,0,0,3,1,871,1,1.2967336908274996,True
7,0,1,4,0,871,0,-0.30528526061994676,True
16,1,1,1,1,871,0,-0.14997151953703128,False
17,1,1,2,0,871,0,-0.4483868677265923,True
0,0,0,1,1,872,1,1.4089120237353137,True
3,0,0,4,0,872,0,-0.5239711324069964,True
22,1,2,3,1,872,1,0.522276550204714,True
17,1,1,2,0,872,0,-0.11173866127217696,True
8,0,2,1,1,873,1,0.7263193885335876,True
5,0,1,2,0,873,0,-1.7003825276814128,True
18,1,1,3,1,873,1,0.8433502418206337,True
23,1,2,4,0,873,0,-0.9153861701979517,True
8,0,2,1,1,874,1,0.6261761172106393,True
11,0,2,4,0,874,0,-0.6816797174452749,True
16,1,1,1,1,874,0,-0.2697559842321591,False
23,1,2,4,0,874,0,-1.0570372967612152,True
10,0,2,3,1,875,0,-0.20411888180068904,False
9,0,2,2,0,875,0,-0.3910470142532757,True
14,1,0,3,1,875,1,0.3223049372028074,True
13,1,0,2,0,875,0,-0.1260606428883001,True
8,0,2,1,1,876,1,0.14684231806467102,True
1,0,0,2,0,876,0,-0.08685971830555056,True
22,1,2,3,1,876,1,0.1662055137525265,True
21,1,2,2,0,876,0,-0.29642367507974215,True
6,0,1,3,1,877,1,0.832885430915585,True
3,0,0,4,0,877,0,-0.31308436782392157,True
14,1,0,3,1,877,1,0.75075932172391,True
13,1,0,2,0,877,0,-0.32408232723801345,True
8,0,2,1,1,878,1,0.7886389910707389,True
11,0,2,4,0,878,0,-0.9671319707574765,True
20,1,2,1,1,878,1,0.09075958732270972,True
13,1,0,2,0,878,0,-0.6186644613762252,True
6,0,1,3,1,879,1,1.194459926102693,True
3,0,0,4,0,879,0,-0.9908496554650563,True
16,1,1,1,1,879,0,-0.5762298663173875,False
21,1,2,2,0,879,0,-0.5689653798348067,True
10,0,2,3,1,880,1,0.2603983055112749,True
5,0,1,2,0,880,0,-0.8266406134963707,True
18,1,1,3,1,880,1,1.0613134675588802,True
17,1,1,2,0,880,0,-0.15731803242234169,True
6,0,1,3,1,881,1,1.1553147962943386,True
5,0,1,2,0,881,0,-0.7946480170641896,True
12,1,0,1,1,881,1,0.062413354653192366,True
17,1,1,2,0,881,1,0.07316858144657429,False
10,0,2,3,1,882,1,0.24526055907693256,True
1,0,0,2,0,882,0,-0.043209869392606626,True
20,1,2,1,1,882,1,0.3199318660639181,True
21,1,2,2,0,882,0,-0.8276094318647897,True
10,0,2,3,1,883,1,0.20992818574519614,True
5,0,1,2,0,883,0,-1.0971695892743227,True
18,1,1,3,1,883,1,0.8262092149966497,True
23,1,2,4,0,883,0,-1.2516893018903663,True
10,0,2,3,1,884,1,0.3519691388196615,True
7,0,1,4,0,884,0,-0.24669221720623602,True
16,1,1,1,1,884,0,-0.39997720661649483,False
19,1,1,4,0,884,0,-1.2510523556624942,True
0,0,0,1,1,885,1,1.1694713532061969,True
9,0,2,2,0,885,0,-0.030301196208962967,True
22,1,2,3,1,885,0,-0.36949441646753156,False
15,1,0,4,0,885,0,-0.8972782275296391,True
4,0,1,1,1,886,0,-0.6553843044745273,False
7,0,1,4,0,886,0,-0.9010211969351716,True
12,1,0,1,1,886,0,-0.10561747423591972,False
23,1,2,4,0,886,0,-0.9186832992445926,True
0,0,0,1,1,887,1,1.5400684499475128,True
11,0,2,4,0,887,0,-0.5313082108598275,True
16,1,1,1,1,887,1,0.4859327260853306,True
17,1,1,2,0,887,0,-0.34409256356246404,True
10,0,2,3,1,888,1,0.1813263069728458,True
9,0,2,2,0,888,0,-0.7210594111593486,True
18,1,1,3,1,888,1,0.9699668572688581,True
15,1,0,4,0,888,0,-0.7779174849250249,True
8,0,2,1,1,889,1,0.5885447246000313,True
5,0,1,2,0,889,0,-1.426557905708127,True
16,1,1,1,1,889,0,-0.46533170972015364,False
23,1,2,4,0,889,0,-0.9738209688191661,True
4,0,1,1,1,890,0,-0.17069523663667718,False
9,0,2,2,0,890,0,-0.1995249979701197,True
22,1,2,3,1,890,0,-0.03808582948143037,False
23,1,2,4,0,890,0,-1.6085955115699577,True
8,0,2,1,1,891,1,0.08656938409861781,True
11,0,2,4,0,891,0,-1.2145232777535666,True
22,1,2,3,1,891,0,-0.20609307995865478,False
15,1,0,4,0,891,0,-1.1848932364507396,True
10,0,2,3,1,892,1,0.2660588173671907,True
7,0,1,4,0,892,0,-0.375805201141705,True
16,1,1,1,1,892,0,-0.38086682093921476,False
15,1,0,4,0,892,0,-0.4435667910136909,True
6,0,1,3,1,893,1,1.4677622797206913,True
9,0,2,2,0,893,0,-0.6882707769905843,True
16,1,1,1,1,893,0,-0.495456601884235,False
19,1,1,4,0,893,0,-1.2821758833183543,True
0,0,0,1,1,894,1,1.1856215021042964,True
3,0,0,4,0,894,0,-0.6293387989490775,True
18,1,1,3,1,894,1,0.7387803316290487,True
21,1,2,2,0,894,0,-0.44321804564207556,True
4,0,1,1,1,895,0,-0.3140641700829414,False
1,0,0,2,0,895,1,0.0661616932119016,False
22,1,2,3,1,895,1,0.1933168378433854,True
13,1,0,2,0,895,0,-0.4072278268669771,True
6,0,1,3,1,896,1,1.2057338364667147,True
5,0,1,2,0,896,0,-1.2616458557148464,True
12,1,0,1,1,896,1,0.141038261327578,True
21,1,2,2,0,896,0,-0.8060025382650571,True
8,0,2,1,1,897,1,0.5732496102471536,True
11,0,2,4,0,897,0,-1.0118166908433335,True
20,1,2,1,1,897,1,0.43830926895195327,True
19,1,1,4,0,897,0,-1.5671222310071962,True
10,0,2,3,1,898,0,-0.3024425452101961,False
11,0,2,4,0,898,0,-1.1503236478206942,True
14,1,0,3,1,898,0,-0.2762649309423745,False
21,1,2,2,0,898,0,-0.4518709592987332,True
10,0,2,3,1,899,1,0.7480877900425524,True
9,0,2,2,0,899,0,-0.084727265721243,True
22,1,2,3,1,899,0,-0.24603504222360306,False
19,1,1,4,0,899,0,-1.3552265306185303,True
2,0,0,3,1,900,1,1.00736577015367,True
3,0,0,4,0,900,0,-0.6911147068420999,True
14,1,0,3,1,900,1,0.20197974604381513,True
19,1,1,4,0,900,0,-1.2290622466012937,True
2,0,0,3,1,901,1,0.9371411309664603,True
11,0,2,4,0,901,0,-0.4328957426015387,True
12,1,0,1,1,901,0,-0.010466210615327876,False
17,1,1,2,0,901,1,0.12125211024909538,False
10,0,2,3,1,902,1,0.02312971734993073,True
5,0,1,2,0,902,0,-1.0531464986543575,True
18,1,1,3,1,902,1,0.7236434871734467,True
13,1,0,2,0,902,0,-0.11750044695022656,True
8,0,2,1,1,903,1,0.5480708063726634,True
7,0,1,4,0,903,0,-0.08433201037379456,True
14,1,0,3,1,903,1,0.8301651518480226,True
21,1,2,2,0,903,0,-0.41747125077039415,True
6,0,1,3,1,904,1,1.670100515614505,True
7,0,1,4,0,904,0,-0.6420820513420308,True
14,1,0,3,1,904,1,0.7696362873497359,True
17,1,1,2,0,904,1,0.02718989607107114,False
4,0,1,1,1,905,0,-0.8562710054852655,False
7,0,1,4,0,905,0,-0.6832736842578221,True
18,1,1,3,1,905,1,0.547618942562545,True
19,1,1,4,0,905,0,-1.1412837576672215,True
4,0,1,1,1,906,0,-0.4120647638298036,False
7,0,1,4,0,906,0,-0.599732338016201,True
22,1,2,3,1,906,1,0.18564208331335785,True
23,1,2,4,0,906,0,-1.2799146095050327,True
4,0,1,1,1,907,0,-0.6746236232100461,False
1,0,0,2,0,907,0,-0.14314715020320035,True
20,1,2,1,1,907,1,0.09240240964110459,True
19,1,1,4,0,907,0,-1.296144294349123,True
8,0,2,1,1,908,1,0.3171916144436153,True
9,0,2,2,0,908,0,-0.10216142273390713,True
22,1,2,3,1,908,0,-0.4144366919122753,False
13,1,0,2,0,908,0,-0.4066747228133707,True
0,0,0,1,1,909,1,1.173706700594322,True
9,0,2,2,0,909,0,-0.7021400929874589,True
18,1,1,3,1,909,1,0.846694395103024,True
13,1,0,2,0,909,0,-0.08177069799755307,True
6,0,1,3,1,910,1,1.2870444114311093,True
5,0,1,2,0,910,0,-1.1724519967014866,True
12,1,0,1,1,910,1,0.12971507993051978,True
23,1,2,4,0,910,0,-0.762110454188637,True
8,0,2,1,1,911,1,0.6096560635074332,True
5,0,1,2,0,911,0,-1.5681819847227525,True
20,1,2,1,1,911,1,0.5446515532707127,True
21,1,2,2,0,911,0,-0.6555428780945914,True
4,0,1,1,1,912,0,-0.18299293284728627,False
11,0,2,4,0,912,0,-0.5385797404185536,True
20,1,2,1,1,912,1,0.19281543528061448,True
15,1,0,4,0,912,0,-0.8609188218122182,True
8,0,2,1,1,913,1,0.21326775310836252,True
5,0,1,2,0,913,0,-0.8951207516452752,True
22,1,2,3,1,913,0,-0.32786142127702333,False
17,1,1,2,0,913,1,0.2552018564141757,False
4,0,1,1,1,914,0,-0.06981735408871034,False
3,0,0,4,0,914,0,-0.5523540700110625,True
22,1,2,3,1,914,1,0.312038123629629,True
23,1,2,4,0,914,0,-1.4591171505330052,True
2,0,0,3,1,915,1,1.374927385733101,True
1,0,0,2,0,915,0,-0.25862520884054174,True
18,1,1,3,1,915,1,1.2713840023169816,True
15,1,0,4,0,915,0,-1.2131917217177115,True
2,0,0,3,1,916,1,1.45577081007911,True
3,0,0,4,0,916,0,-0.5656709737171909,True
20,1,2,1,1,916,1,0.11187346870895384,True
21,1,2,2,0,916,0,-1.0550272875479683,True
10,0,2,3,1,917,1,0.18441598539952206,True
9,0,2,2,0,917,0,-0.9315604569448558,True
12,1,0,1,1,917,1,0.1753411865407287,True
13,1,0,2,0,917,0,-0.6161628329141612,True
10,0,2,3,1,918,0,-0.08926294574147366,False
9,0,2,2,0,918,0,-0.867745567728352,True
18,1,1,3,1,918,1,0.7903518739061935,True
13,1,0,2,0,918,1,0.059979795605372574,False
8,0,2,1,1,919,1,0.48479306366983893,True
7,0,1,4,0,919,1,0.15556643713089885,False
18,1,1,3,1,919,1,1.0113062416539353,True
19,1,1,4,0,919,0,-1.0804729384808596,True
8,0,2,1,1,920,1,0.5890945266940643,True
5,0,1,2,0,920,0,-1.8280484639345338,True
18,1,1,3,1,920,1,0.9241738550939532,True
19,1,1,4,0,920,0,-1.434197433697269,True
2,0,0,3,1,921,1,0.8791999100621277,True
5,0,1,2,0,921,0,-1.06341815343138,True
12,1,0,1,1,921,1,0.20293051238185372,True
23,1,2,4,0,921,0,-0.7056652340264273,True
10,0,2,3,1,922,1,0.08786801990780141,True
7,0,1,4,0,922,0,-0.6973911060591829,True
12,1,0,1,1,922,1,0.5898264196784546,True
13,1,0,2,0,922,0,-0.48655770159585515,True
8,0,2,1,1,923,1,0.39156275811242,True
7,0,1,4,0,923,0,-0.03482012464234735,True
18,1,1,3,1,923,1,0.9278974494609025,True
15,1,0,4,0,923,0,-1.0100087550033545,True
4,0,1,1,1,924,0,-0.16571738805184305,False
5,0,1,2,0,924,0,-1.5788396328552645,True
22,1,2,3,1,924,1,0.26781243760729984,True
21,1,2,2,0,924,0,-0.22667660116278748,True
6,0,1,3,1,925,1,1.3042007918319087,True
11,0,2,4,0,925,0,-0.6755237495253187,True
20,1,2,1,1,925,1,0.486133040960128,True
19,1,1,4,0,925,0,-1.5483672620498825,True
0,0,0,1,1,926,1,0.9325064905489232,True
9,0,2,2,0,926,1,0.021121679579445468,False
22,1,2,3,1,926,1,0.015495318723364987,True
21,1,2,2,0,926,0,-0.2172150475238511,True
4,0,1,1,1,927,1,0.07419576208574452,True
5,0,1,2,0,927,0,-1.4242823209628088,True
16,1,1,1,1,927,0,-0.14900912584874315,False
13,1,0,2,0,927,0,-0.9270793013198213,True
6,0,1,3,1,928,1,1.6506052771427824,True
7,0,1,4,0,928,0,-0.8251269236059346,True
20,1,2,1,1,928,1,0.29123342665973273,True
23,1,2,4,0,928,0,-0.6641073577917787,True
0,0,0,1,1,929,1,1.183501480585389,True
3,0,0,4,0,929,0,-0.7271682320880108,True
22,1,2,3,1,929,1,0.5063236475252291,True
15,1,0,4,0,929,0,-0.9349886375265912,True
2,0,0,3,1,930,1,1.0402142232576632,True
9,0,2,2,0,930,0,-0.16414535643424932,True
14,1,0,3,1,930,1,0.2730285075135347,True
13,1,0,2,0,930,0,-0.17915591080919369,True
6,0,1,3,1,931,1,1.1342751618052207,True
11,0,2,4,0,931,0,-0.578314808937711,True
14,1,0,3,1,931,1,0.11344038887945657,True
19,1,1,4,0,931,0,-1.4460339101661208,True
2,0,0,3,1,932,1,1.5395076220998791,True
1,0,0,2,0,932,0,-0.1799626592789888,True
16,1,1,1,1,932,0,-0.6140679398999594,False
15,1,0,4,0,932,0,-0.775355701073439,True
2,0,0,3,1,933,1,1.2592265523219432,True
7,0,1,4,0,933,0,-0.4526285149356509,True
20,1,2,1,1,933,1,0.34406996095077724,True
23,1,2,4,0,933,0,-0.6126221803135726,True
6,0,1,3,1,934,1,1.2286555449155339,True
3,0,0,4,0,934,0,-0.7254460361235777,True
20,1,2,1,1,934,1,0.17597061397868696,True
13,1,0,2,0,934,0,-0.29962328901766266,True
6,0,1,3,1,935,1,1.127734787360462,True
3,0,0,4,0,935,0,-0.44624904921235325,True
18,1,1,3,1,935,1,0.674043812033267,True
23,1,2,4,0,935,0,-1.101903761925083,True
6,0,1,3,1,936,1,1.189256510251027,True
9,0,2,2,0,936,0,-0.6570185132927499,True
18,1,1,3,1,936,1,0.9747980136476034,True
17,1,1,2,0,936,0,-0.22964916554705928,True
0,0,0,1,1,937,1,1.2934836799476577,True
5,0,1,2,0,937,0,-1.0406336389240367,True
16,1,1,1,1,937,1,0.22392769887720504,True
13,1,0,2,0,937,0,-0.750167344870533,True
10,0,2,3,1,938,1,0.20284216481067496,True
11,0,2,4,0,938,0,-0.7898410737631955,True
12,1,0,1,1,938,0,-0.15549758064401675,False
15,1,0,4,0,938,0,-0.591115476758933,True
10,0,2,3,1,939,1,0.3369288634799037,True
3,0,0,4,0,939,0,-0.8337295983004911,True
16,1,1,1,1,939,1,0.23855384712191777,True
17,1,1,2,0,939,0,-0.32724064461362823,True
4,0,1,1,1,940,0,-0.15133195012558498,False
9,0,2,2,0,940,0,-0.7563920126329131,True
16,1,1,1,1,940,0,-0.18525196880820505,False
19,1,1,4,0,940,0,-1.1660096172201413,True
8,0,2,1,1,941,1,0.4367529085359927,True
1,0,0,2,0,941,1,0.027518147265863435,False
18,1,1,3,1,941,1,1.0301768604518753,True
19,1,1,4,0,941,0,-1.1454868619830492,True
10,0,2,3,1,942,0,-0.31020764206000667,False
11,0,2,4,0,942,0,-1.0476798644925496,True
14,1,0,3,1,942,0,-0.21276170447708648,False
23,1,2,4,0,942,0,-0.9251191170482165,True
4,0,1,1,1,943,0,-0.8332074371401001,False
7,0,1,4,0,943,0,-0.8609842167680688,True
18,1,1,3,1,943,1,0.5139243956725756,True
15,1,0,4,0,943,0,-0.87161793510768,True
10,0,2,3,1,944,1,0.21011701896812685,True
11,0,2,4,0,944,0,-0.8799706981606238,True
20,1,2,1,1,944,1,0.4565279552127207,True
19,1,1,4,0,944,0,-1.5972080942714246,True
10,0,2,3,1,945,1,0.31988282918638655,True
7,0,1,4,0,945,0,-0.5168750513051904,True
20,1,2,1,1,945,1,0.45046281134251276,True
19,1,1,4,0,945,0,-1.4921760370398425,True
2,0,0,3,1,946,1,1.283353142993358,True
7,0,1,4,0,946,0,-0.4016109574890776,True
22,1,2,3,1,946,1,0.3233379245419372,True
23,1,2,4,0,946,0,-1.057262416371049,True
10,0,2,3,1,947,0,-0.024049098646127524,False
1,0,0,2,0,947,1,0.1606385300084216,False
12,1,0,1,1,947,1,0.15614792438744812,True
13,1,0,2,0,947,0,-0.3663373521221472,True
4,0,1,1,1,948,0,-0.5824507762719504,False
11,0,2,4,0,948,0,-0.532273132053021,True
12,1,0,1,1,948,0,-0.23521689676886487,False
21,1,2,2,0,948,0,-0.5016315588129912,True
2,0,0,3,1,949,1,1.381875656188025,True
3,0,0,4,0,949,0,-0.7913685040649561,True
22,1,2,3,1,949,1,0.3974246455696282,True
13,1,0,2,0,949,0,-0.22209938682356056,True
4,0,1,1,1,950,0,-0.3300676630617222,False
5,0,1,2,0,950,0,-1.5739499755740218,True
18,1,1,3,1,950,1,0.3040925886064748,True
13,1,0,2,0,950,0,-0.2570414717508257,True
6,0,1,3,1,951,1,1.4295460591624394,True
7,0,1,4,0,951,0,-0.7494246749146829,True
16,1,1,1,1,951,1,0.24319813202357277,True
17,1,1,2,0,951,0,-0.2326532313351486,True
4,0,1,1,1,952,0,-0.3763958178499807,False
1,0,0,2,0,952,0,-0.11142550853710681,True
14,1,0,3,1,952,1,0.7728365088694225,True
13,1,0,2,0,952,0,-0.4411565257350412,True
0,0,0,1,1,953,1,1.2495480821119398,True
9,0,2,2,0,953,0,-0.5859721820348862,True
16,1,1,1,1,953,0,-0.032792298356748406,False
21,1,2,2,0,953,0,-0.21936861035979544,True
0,0,0,1,1,954,1,0.8039673292330735,True
5,0,1,2,0,954,0,-0.8029286938886256,True
12,1,0,1,1,954,1,0.0819219373057628,True
17,1,1,2,0,954,0,-0.023271503186686693,True
2,0,0,3,1,955,1,1.1250095669701083,True
11,0,2,4,0,955,0,-0.8068606377475318,True
14,1,0,3,1,955,0,-0.15051257731414247,False
19,1,1,4,0,955,0,-1.2988473042702149,True
10,0,2,3,1,956,1,0.17829353402703213,True
9,0,2,2,0,956,0,-0.9713774142985543,True
16,1,1,1,1,956,0,-0.30772768756256436,False
23,1,2,4,0,956,0,-1.2506007069107679,True
10,0,2,3,1,957,1,0.14169545660424576,True
11,0,2,4,0,957,0,-0.8085247463038417,True
18,1,1,3,1,957,1,1.0772648978759523,True
15,1,0,4,0,957,0,-0.8876217946179509,True
0,0,0,1,1,958,1,1.5080745635878599,True
11,0,2,4,0,958,0,-0.5618040460184683,True
18,1,1,3,1,958,1,1.3917809349424204,True
17,1,1,2,0,958,0,-0.13235065742363777,True
10,0,2,3,1,959,1,0.08449132379960816,True
3,0,0,4,0,959,0,-0.426727529942503,True
16,1,1,1,1,959,0,-0.327404679216243,False
15,1,0,4,0,959,0,-0.18482049980741627,True
4,0,1,1,1,960,1,0.07819362794125947,True
5,0,1,2,0,960,0,-1.346281532596412,True
16,1,1,1,1,960,0,-0.39572244389824995,False
15,1,0,4,0,960,0,-0.4470137046995629,True
2,0,0,3,1,961,1,1.1031700833086733,True
3,0,0,4,0,961,0,-0.760829330547927,True
12,1,0,1,1,961,1,0.22025060971175844,True
23,1,2,4,0,961,0,-0.7816879431229333,True
10,0,2,3,1,962,1,0.19468131096255747,True
9,0,2,2,0,962,0,-1.0111464488743231,True
20,1,2,1,1,962,1,0.09394730448301869,True
17,1,1,2,0,962,1,0.22194143733073302,False
10,0,2,3,1,963,0,-0.04204078597378713,False
11,0,2,4,0,963,0,-0.927561173981792,True
20,1,2,1,1,963,1,0.3092823447277059,True
15,1,0,4,0,963,0,-0.7876616852232182,True
6,0,1,3,1,964,1,1.4787296867433017,True
9,0,2,2,0,964,0,-0.8522452420518468,True
16,1,1,1,1,964,0,-0.5060980655331998,False
15,1,0,4,0,964,0,-0.6306657266546426,True
2,0,0,3,1,965,1,1.2013861376360124,True
5,0,1,2,0,965,0,-1.4134259850578903,True
14,1,0,3,1,965,1,0.33918265718896495,True
15,1,0,4,0,965,0,-1.389938170281998,True
6,0,1,3,1,966,1,1.7330131945323346,True
5,0,1,2,0,966,0,-1.0407569486943038,True
20,1,2,1,1,966,1,0.06484633921115958,True
17,1,1,2,0,966,1,0.239265140101647,False
6,0,1,3,1,967,1,1.1675793682290603,True
3,0,0,4,0,967,0,-0.4457394791216658,True
22,1,2,3,1,967,1,0.7046599622838563,True
15,1,0,4,0,967,0,-0.8250271121479031,True
2,0,0,3,1,968,1,1.1942630558407303,True
11,0,2,4,0,968,0,-0.8813757078867079,True
20,1,2,1,1,968,1,0.5579027042859435,True
19,1,1,4,0,968,0,-1.5051754513730418,True
0,0,0,1,1,969,1,0.8480701092440838,True
7,0,1,4,0,969,0,-0.5994333140152471,True
14,1,0,3,1,969,1,0.3578831306405509,True
21,1,2,2,0,969,0,-0.5621710118555258,True
2,0,0,3,1,970,1,1.2864286153790268,True
7,0,1,4,0,970,0,-0.011771439056820598,True
16,1,1,1,1,970,0,-0.737653640394095,False
15,1,0,4,0,970,0,-0.5111683368286499,True
10,0,2,3,1,971,0,-0.14218598399955706,False
5,0,1,2,0,971,0,-0.9175758757207763,True
14,1,0,3,1,971,1,0.28441411166744934,True
13,1,0,2,0,971,0,-0.38596738203554637,True
6,0,1,3,1,972,1,1.6104164266830217,True
9,0,2,2,0,972,0,-0.7492906011767321,True
20,1,2,1,1,972,1,0.2523214885646571,True
17,1,1,2,0,972,1,0.10667129463026512,False
0,0,0,1,1,973,1,1.2815652572070726,True
3,0,0,4,0,973,0,-0.5361914208618503,True
18,1,1,3,1,973,1,0.7841268167618418,True
19,1,1,4,0,973,0,-1.3895407984177517,True
6,0,1,3,1,974,1,1.263429291527872,True
1,0,0,2,0,974,1,0.6678760194619886,False
22,1,2,3,1,974,1,0.07963135939858959,True
13,1,0,2,0,974,1,0.06953952144687173,False
0,0,0,1,1,975,1,1.641244574756176,True
11,0,2,4,0,975,0,-0.753912452171217,True
22,1,2,3,1,975,0,-0.017228942869921438,False
23,1,2,4,0,975,0,-1.4883325436874268,True
10,0,2,3,1,976,1,0.24517207701828114,True
3,0,0,4,0,976,0,-0.4974876436021477,True
22,1,2,3,1,976,1,0.9509463268308872,True
19,1,1,4,0,976,0,-1.429188949725836,True
4,0,1,1,1,977,0,-0.395066351365749,False
5,0,1,2,0,977,0,-1.8468497263327033,True
20,1,2,1,1,977,0,-0.046534076913046174,False
15,1,0,4,0,977,0,-0.8113320731063605,True
0,0,0,1,1,978,1,1.1588419138694765,True
3,0,0,4,0,978,0,-0.7755575319058734,True
18,1,1,3,1,978,1,0.7285368645597365,True
13,1,0,2,0,978,0,-0.2126143338266468,True
10,0,2,3,1,979,0,-0.03512752250294529,False
7,0,1,4,0,979,0,-0.6838389784547483,True
18,1,1,3,1,979,1,0.6793918155742691,True
13,1,0,2,0,979,0,-0.10791779982758179,True
8,0,2,1,1,980,1,0.6322857892975605,True
9,0,2,2,0,980,0,-0.4384437871245602,True
16,1,1,1,1,980,1,0.06600118025418344,True
15,1,0,4,0,980,0,-0.806302316281094,True
10,0,2,3,1,981,1,0.25296509203151096,True
3,0,0,4,0,981,0,-0.813517613045939,True
12,1,0,1,1,981,1,0.3754463816653342,True
13,1,0,2,0,981,0,-0.5646514852870492,True
0,0,0,1,1,982,1,0.9880193385320435,True
11,0,2,4,0,982,0,-0.7034742518725816,True
14,1,0,3,1,982,0,-0.11800555198976007,False
21,1,2,2,0,982,0,-0.5246098772204422,True
8,0,2,1,1,983,1,0.04660276246689837,True
11,0,2,4,0,983,0,-1.207182601837433,True
22,1,2,3,1,983,1,0.08144675708607602,True
21,1,2,2,0,983,0,-0.20956723867712873,True
0,0,0,1,1,984,1,1.489727081218065,True
11,0,2,4,0,984,0,-0.7529405100237948,True
22,1,2,3,1,984,1,0.38929525857878267,True
21,1,2,2,0,984,0,-0.48172633661698716,True
8,0,2,1,1,985,1,0.5043915552504818,True
1,0,0,2,0,985,0,-0.05891868945406059,True
16,1,1,1,1,985,0,-0.3968753023978809,False
15,1,0,4,0,985,0,-0.9679009128126774,True
4,0,1,1,1,986,0,-0.20292491685850908,False
1,0,0,2,0,986,0,-0.4397472124256675,True
16,1,1,1,1,986,0,-0.19578004252429845,False
17,1,1,2,0,986,0,-0.6276062109867114,True
8,0,2,1,1,987,1,0.4756404882763188,True
1,0,0,2,0,987,1,0.04881148317116546,False
20,1,2,1,1,987,1,0.14008131693617676,True
15,1,0,4,0,987,0,-1.3529157721005078,True
2,0,0,3,1,988,1,1.3483228719629343,True
3,0,0,4,0,988,0,-0.7642460906654742,True
22,1,2,3,1,988,1,0.12368299479935713,True
17,1,1,2,0,988,1,0.18700222520034954,False
6,0,1,3,1,989,1,1.7451918517949048,True
7,0,1,4,0,989,0,-0.9236743477510407,True
20,1,2,1,1,989,1,0.355860772119003,True
15,1,0,4,0,989,0,-0.7097943088214456,True
8,0,2,1,1,990,1,0.759958750073124,True
9,0,2,2,0,990,0,-0.06396085787135661,True
18,1,1,3,1,990,1,0.6367018002388989,True
23,1,2,4,0,990,0,-1.0810164502239388,True
8,0,2,1,1,991,1,0.9215521927881767,True
1,0,0,2,0,991,1,0.18703969146273633,False
12,1,0,1,1,991,1,0.09234724320872265,True
23,1,2,4,0,991,0,-0.7682348051530887,True
2,0,0,3,1,992,1,0.9206211846667919,True
9,0,2,2,0,992,0,-0.8826129917340592,True
16,1,1,1,1,992,0,-0.5623887671953732,False
19,1,1,4,0,992,0,-1.279425835415437,True
0,0,0,1,1,993,1,0.6820048003118457,True
5,0,1,2,0,993,0,-1.4862716899464208,True
20,1,2,1,1,993,1,0.22655666207072,True
19,1,1,4,0,993,0,-1.7491293561727113,True
0,0,0,1,1,994,1,1.068414182979494,True
7,0,1,4,0,994,0,-0.5070271186543436,True
22,1,2,3,1,994,1,0.13940367242230467,True
15,1,0,4,0,994,0,-0.8734446731565373,True
6,0,1,3,1,995,1,1.3706455631269563,True
3,0,0,4,0,995,0,-0.5194232629333858,True
20,1,2,1,1,995,0,-0.049871227220719905,False
23,1,2,4,0,995,0,-0.7865127123102152,True
4,0,1,1,1,996,0,-0.11477367034300295,False
11,0,2,4,0,996,0,-0.4711312255651406,True
20,1,2,1,1,996,0,-0.06478995430153939,False
17,1,1,2,0,996,1,0.06521172454696517,False
2,0,0,3,1,997,1,0.7238613904788391,True
11,0,2,4,0,997,0,-0.4452874787665901,True
12,1,0,1,1,997,0,-0.2958271197038946,False
15,1,0,4,0,997,0,-0.6509773201887323,True
8,0,2,1,1,998,1,0.8654836745979037,True
9,0,2,2,0,998,1,0.022600215995545292,False
14,1,0,3,1,998,1,0.3820996502681432,True
23,1,2,4,0,998,0,-0.7546994941540678,True
8,0,2,1,1,999,1,0.6207056805579,True
5,0,1,2,0,999,0,-1.2547786386127404,True
20,1,2,1,1,999,1,0.14087265068970564,True
17,1,1,2,0,999,1,0.23592100770240262,False
2,0,0,3,1,1000,1,0.6667431518088058,True
5,0,1,2,0,1000,0,-0.49960960138506477,True
22,1,2,3,1,1000,0,-0.19402114933412123,False
17,1,1,2,0,1000,1,0.6384250681941595,False
2,0,0,3,1,1001,1,1.4787537386191159,True
1,0,0,2,0,1001,1,0.3097811307343652,False
22,1,2,3,1,1001,1,0.36605184700117066,True
13,1,0,2,0,1001,0,-0.019402258175041265,True
0,0,0,1,1,1002,1,1.1617105453451004,True
1,0,0,2,0,1002,0,-0.04593074540056058,True
18,1,1,3,1,1002,1,1.1380610914518035,True
23,1,2,4,0,1002,0,-0.9959538083235713,True
0,0,0,1,1,1003,1,1.085486440322441,True
11,0,2,4,0,1003,0,-0.6505128678790925,True
14,1,0,3,1,1003,1,0.011053804516674731,True
23,1,2,4,0,1003,0,-0.769590302455215,True
4,0,1,1,1,1004,0,-0.33941795607521186,False
5,0,1,2,0,1004,0,-1.2146479850793666,True
12,1,0,1,1,1004,0,-0.06935392843594176,False
15,1,0,4,0,1004,0,-0.35313232197491373,True
2,0,0,3,1,1005,1,1.1614859302606928,True
3,0,0,4,0,1005,0,-1.0598374894494342,True
16,1,1,1,1,1005,0,-0.38299355438919536,False
13,1,0,2,0,1005,0,-0.5886708993496419,True
10,0,2,3,1,1006,1,0.41061538805612086,True
5,0,1,2,0,1006,0,-0.8644254914283233,True
20,1,2,1,1,1006,1,0.009408527237960818,True
17,1,1,2,0,1006,1,0.11521068497220577,False
4,0,1,1,1,1007,0,-0.3428239810680631,False
1,0,0,2,0,1007,1,0.01295166890535368,False
22,1,2,3,1,1007,1,0.5602038671398566,True
19,1,1,4,0,1007,0,-1.1690666350934167,True
10,0,2,3,1,1008,1,0.4199540823066922,True
7,0,1,4,0,1008,0,-0.5685639100737024,True
22,1,2,3,1,1008,1,0.2830485689353658,True
17,1,1,2,0,1008,0,-0.09155215828801533,True
8,0,2,1,1,1009,1,0.9819533684562356,True
9,0,2,2,0,1009,0,-0.27592949855806514,True
12,1,0,1,1,1009,1,0.5331368233485443,True
19,1,1,4,0,1009,0,-1.3161691468657142,True
4,0,1,1,1,1010,0,-0.3968035073539865,False
11,0,2,4,0,1010,0,-0.9590236443145129,True
22,1,2,3,1,1010,1,0.1276129454842271,True
19,1,1,4,0,1010,0,-1.400751631896284,True
2,0,0,3,1,1011,1,1.0627040509853964,True
3,0,0,4,0,1011,0,-0.9109441876560114,True
12,1,0,1,1,1011,1,0.13724140635758447,True
17,1,1,2,0,1011,0,-0.04531727937094837,True
6,0,1,3,1,1012,1,0.7025470286531336,True
3,0,0,4,0,1012,0,-0.021417109461051992,True
14,1,0,3,1,1012,1,0.4419074133007259,True
23,1,2,4,0,1012,0,-0.45188368210980845,True
2,0,0,3,1,1013,1,0.9584064003424396,True
7,0,1,4,0,1013,0,-0.5840150578708153,True
12,1,0,1,1,1013,0,-0.3104674501106329,False
15,1,0,4,0,1013,0,-0.47314571407032047,True
8,0,2,1,1,1014,1,0.3659529931633415,True
3,0,0,4,0,1014,0,-1.068156950350907,True
16,1,1,1,1,1014,0,-0.4949597791742354,False
23,1,2,4,0,1014,0,-1.0209101877684996,True
8,0,2,1,1,1015,1,0.7924004099768814,True
1,0,0,2,0,1015,1,0.4671188293280188,False
18,1,1,3,1,1015,1,0.8872765945418662,True
13,1,0,2,0,1015,0,-0.008425728979215636,True
4,0,1,1,1,1016,0,-0.4024896335629302,False
3,0,0,4,0,1016,0,-0.8775926471986377,True
16,1,1,1,1,1016,0,-0.508381779018575,False
15,1,0,4,0,1016,0,-0.3814321118092794,True
10,0,2,3,1,1017,1,0.3771030372911952,True
7,0,1,4,0,1017,0,-0.7188947120607618,True
20,1,2,1,1,1017,1,0.16432595553424112,True
17,1,1,2,0,1017,1,0.03967025880721686,False
4,0,1,1,1,1018,0,-0.19605979144579722,False
5,0,1,2,0,1018,0,-1.5222031275144519,True
16,1,1,1,1,1018,0,-0.37431079440322435,False
21,1,2,2,0,1018,0,-0.19273161557839946,True
8,0,2,1,1,1019,1,0.6154721970132442,True
9,0,2,2,0,1019,0,-0.08447791035093144,True
18,1,1,3,1,1019,1,0.7153389796844489,True
19,1,1,4,0,1019,0,-1.2332265760269057,True
4,0,1,1,1,1020,0,-0.6021234739925548,False
1,0,0,2,0,1020,1,0.11454988119387488,False
12,1,0,1,1,1020,0,-0.1522036009519928,False
21,1,2,2,0,1020,0,-0.484525816903283,True
2,0,0,3,1,1021,1,1.3580351957459853,True
11,0,2,4,0,1021,0,-0.9842114797538257,True
22,1,2,3,1,1021,1,0.2238262166660721,True
21,1,2,2,0,1021,0,-0.6664685787143143,True
8,0,2,1,1,1022,0,-0.3476945534659649,False
3,0,0,4,0,1022,0,-0.4716189256722082,True
22,1,2,3,1,1022,0,-0.09235716740357137,False
13,1,0,2,0,1022,0,-0.5432829766924115,True
2,0,0,3,1,1023,1,1.2827088429001277,True
3,0,0,4,0,1023,0,-0.7982769031582413,True
14,1,0,3,1,1023,1,0.24675548811952003,True
21,1,2,2,0,1023,0,-0.5944154271903266,True
8,0,2,1,1,1024,1,0.696264734184959,True
5,0,1,2,0,1024,0,-1.6013004344195603,True
20,1,2,1,1,1024,1,0.23298126323015622,True
13,1,0,2,0,1024,0,-0.5456948238454713,True
2,0,0,3,1,1025,1,1.461362908906373,True
1,0,0,2,0,1025,0,-0.4903510048199551,True
20,1,2,1,1,1025,1,0.10393211383877657,True
17,1,1,2,0,1025,1,0.3285500440622715,False
6,0,1,3,1,1026,1,1.5044835436983037,True
9,0,2,2,0,1026,0,-0.9570193776747615,True
16,1,1,1,1,1026,1,0.07226777817131506,True
17,1,1,2,0,1026,0,-0.2696637013546583,True
4,0,1,1,1,1027,0,-0.6903271245688125,False
9,0,2,2,0,1027,0,-0.48240970647367876,True
18,1,1,3,1,1027,1,0.3520500582421948,True
19,1,1,4,0,1027,0,-1.1888940962049213,True
6,0,1,3,1,1028,1,1.2835956205987924,True
7,0,1,4,0,1028,0,-1.1068365801898978,True
20,1,2,1,1,1028,1,0.23899490904928677,True
13,1,0,2,0,1028,0,-0.24289217665070828,True
8,0,2,1,1,1029,1,0.40528734551361517,True
7,0,1,4,0,1029,1,0.24127945236800455,False
16,1,1,1,1,1029,0,-0.5885754144270944,False
19,1,1,4,0,1029,0,-0.9650403042393115,True
4,0,1,1,1,1030,0,-0.1501388563050322,False
5,0,1,2,0,1030,0,-1.5677926996108917,True
14,1,0,3,1,1030,1,0.5697994904010618,True
23,1,2,4,0,1030,0,-0.8365449234255297,True
4,0,1,1,1,1031,0,-0.4031042823292099,False
9,0,2,2,0,1031,0,-0.41022491514084103,True
18,1,1,3,1,1031,1,0.10320016215061908,True
13,1,0,2,0,1031,1,0.006766492640904537,False
2,0,0,3,1,1032,1,0.9803930730307316,True
11,0,2,4,0,1032,0,-0.29815503412687805,True
18,1,1,3,1,1032,1,1.0063254367358874,True
13,1,0,2,0,1032,0,-0.017749573575435745,True
10,0,2,3,1,1033,1,0.19306707500235842,True
7,0,1,4,0,1033,0,-0.7146178563743575,True
12,1,0,1,1,1033,1,0.28587759720089356,True
21,1,2,2,0,1033,0,-0.633005346291825,True
8,0,2,1,1,1034,1,0.09950552823073282,True
3,0,0,4,0,1034,0,-0.7003545108140975,True
16,1,1,1,1,1034,0,-0.5527572309416086,False
19,1,1,4,0,1034,0,-1.3510680757156022,True
4,0,1,1,1,1035,0,-0.44560385030584965,False
3,0,0,4,0,1035,0,-1.387967076723873,True
16,1,1,1,1,1035,0,-0.5114867774796037,False
23,1,2,4,0,1035,0,-1.0822766994437705,True
10,0,2,3,1,1036,1,0.27847663559798524,True
7,0,1,4,0,1036,0,-0.727170841951251,True
12,1,0,1,1,1036,1,0.22460299270906509,True
17,1,1,2,0,1036,0,-0.15279114722621584,True
4,0,1,1,1,1037,0,-0.43799102198943435,False
1,0,0,2,0,1037,0,-0.4571532801114085,True
14,1,0,3,1,1037,1,0.6396471557760519,True
23,1,2,4,0,1037,0,-0.9034247252492305,True
0,0,0,1,1,1038,1,1.5397989754123262,True
11,0,2,4,0,1038,0,-0.694015292734422,True
22,1,2,3,1,1038,1,0.009394158424107846,True
13,1,0,2,0,1038,0,-0.05302608943626208,True
8,0,2,1,1,1039,1,0.8714898587883251,True
5,0,1,2,0,1039,0,-1.0019819923592614,True
12,1,0,1,1,1039,1,0.34302343486692055,True
17,1,1,2,0,1039,1,0.06494951043144748,False
8,0,2,1,1,1040,1,0.5909367195616391,True
11,0,2,4,0,1040,0,-1.1267745776912317,True
20,1,2,1,1,1040,1,0.6816641751242802,True
21,1,2,2,0,1040,0,-0.46373591063231845,True
2,0,0,3,1,1041,1,0.6084607831815464,True
9,0,2,2,0,1041,0,-0.5570664931438224,True
18,1,1,3,1,1041,1,1.0200159521102803,True
23,1,2,4,0,1041,0,-1.0497942546291057,True
8,0,2,1,1,1042,1,0.23503584188904258,True
11,0,2,4,0,1042,0,-0.877340998595477,True
16,1,1,1,1,1042,0,-0.3243297892560355,False
21,1,2,2,0,1042,0,-0.18265664542281024,True
8,0,2,1,1,1043,1,0.2273780439858234,True
9,0,2,2,0,1043,1,0.051668411652194934,False
22,1,2,3,1,1043,0,-0.2567496014615619,False
19,1,1,4,0,1043,0,-1.3894027835800222,True
8,0,2,1,1,1044,1,0.5555200051099394,True
5,0,1,2,0,1044,0,-1.5747180864399433,True
18,1,1,3,1,1044,1,0.7631163914895598,True
15,1,0,4,0,1044,0,-1.322301569153127,True
2,0,0,3,1,1045,1,1.4614884925829543,True
7,0,1,4,0,1045,0,-0.4130492574650429,True
22,1,2,3,1,1045,1,0.14246739028967886,True
15,1,0,4,0,1045,0,-0.8953130850922484,True
10,0,2,3,1,1046,1,0.11243028315190401,True
11,0,2,4,0,1046,0,-0.9113017340559089,True
20,1,2,1,1,1046,1,0.43012002297504776,True
21,1,2,2,0,1046,0,-0.832722860868198,True
6,0,1,3,1,1047,1,1.3816893592217763,True
11,0,2,4,0,1047,0,-0.5013022311148305,True
14,1,0,3,1,1047,1,0.34657568408695805,True
17,1,1,2,0,1047,0,-0.00782037357284815,True
8,0,2,1,1,1048,1,0.18889666701500146,True
3,0,0,4,0,1048,0,-0.7573704775760921,True
20,1,2,1,1,1048,0,-0.15908676710705344,False
17,1,1,2,0,1048,1,0.2019224782152345,False
4,0,1,1,1,1049,0,-0.8412699570114626,False
7,0,1,4,0,1049,0,-0.9134029291878178,True
20,1,2,1,1,1049,1,0.2531024808897797,True
21,1,2,2,0,1049,0,-0.779573216387071,True
4,0,1,1,1,1050,0,-0.7464833311534766,False
1,0,0,2,0,1050,0,-0.17477502008122509,True
20,1,2,1,1,1050,1,0.15622286692402637,True
21,1,2,2,0,1050,0,-0.8436215586986817,True
6,0,1,3,1,1051,1,1.1796618018287781,True
3,0,0,4,0,1051,0,-0.1706730218481869,True
20,1,2,1,1,1051,1,0.12942606199952533,True
15,1,0,4,0,1051,0,-0.5875353604596112,True
0,0,0,1,1,1052,1,1.4116807983882385,True
1,0,0,2,0,1052,0,-0.14998233142351336,True
18,1,1,3,1,1052,1,1.2333213890080799,True
15,1,0,4,0,1052,0,-1.1299877774171165,True
0,0,0,1,1,1053,1,1.4278098297723592,True
1,0,0,2,0,1053,0,-0.21536393249657948,True
16,1,1,1,1,1053,0,-0.45121097252814835,False
21,1,2,2,0,1053,0,-0.25666884119302846,True
2,0,0,3,1,1054,1,0.6311798293041457,True
5,0,1,2,0,1054,0,-0.9856293369247071,True
18,1,1,3,1,1054,1,0.9662713237443361,True
17,1,1,2,0,1054,1,0.10957935920952716,False
0,0,0,1,1,1055,1,0.45360250138501745,True
5,0,1,2,0,1055,0,-1.0566056837825435,True
12,1,0,1,1,1055,0,-0.31334205525560554,False
15,1,0,4,0,1055,0,-0.334303878246654,True
0,0,0,1,1,1056,1,1.4293159415272592,True
3,0,0,4,0,1056,0,-1.072156027587981,True
16,1,1,1,1,1056,0,-0.33651773521050865,False
21,1,2,2,0,1056,0,-0.27878387186075626,True
8,0,2,1,1,1057,1,1.1420228562544945,True
9,0,2,2,0,1057,0,-0.3639816940955181,True
12,1,0,1,1,1057,1,0.4085890443842392,True
15,1,0,4,0,1057,0,-0.681821885293042,True
10,0,2,3,1,1058,0,-0.20188903393089794,False
1,0,0,2,0,1058,0,-0.1162749999880329,True
14,1,0,3,1,1058,0,-0.08615568599879561,False
23,1,2,4,0,1058,0,-0.9343169316208785,True
6,0,1,3,1,1059,1,1.5836027058527504,True
5,0,1,2,0,1059,0,-0.952583470835692,True
16,1,1,1,1,1059,0,-0.6275415157302531,False
15,1,0,4,0,1059,0,-0.6279332784844458,True
8,0,2,1,1,1060,1,0.28068282721220195,True
1,0,0,2,0,1060,0,-0.0577972507897235,True
18,1,1,3,1,1060,1,0.8038736987937889,True
21,1,2,2,0,1060,0,-0.20118153209124887,True
10,0,2,3,1,1061,1,0.3796548050774642,True
1,0,0,2,0,1061,1,0.07410351355729139,False
20,1,2,1,1,1061,1,0.409263371884776,True
19,1,1,4,0,1061,0,-1.4589153471103598,True
6,0,1,3,1,1062,1,1.1249071244423732,True
9,0,2,2,0,1062,0,-0.6338055637485169,True
18,1,1,3,1,1062,1,0.9837527393168024,True
23,1,2,4,0,1062,0,-0.97784458398006,True
4,0,1,1,1,1063,0,-0.5805275654961914,False
7,0,1,4,0,1063,0,-0.5781603353734532,True
22,1,2,3,1,1063,1,0.38667802978105015,True
21,1,2,2,0,1063,0,-0.3427399881268107,True
4,0,1,1,1,1064,0,-0.8051137658377779,False
1,0,0,2,0,1064,1,0.17326373417943194,False
20,1,2,1,1,1064,0,-0.18890497016270516,False
13,1,0,2,0,1064,0,-0.32078183851097497,True
10,0,2,3,1,1065,1,0.3424742362512299,True
3,0,0,4,0,1065,0,-0.7141609124987078,True
20,1,2,1,1,1065,1,0.09976113959898353,True
21,1,2,2,0,1065,0,-0.928574618667271,True
4,0,1,1,1,1066,0,-0.4534251193313026,False
1,0,0,2,0,1066,0,-0.19819958031190874,True
22,1,2,3,1,1066,1,0.3976593348440882,True
21,1,2,2,0,1066,0,-0.3580933281837446,True
6,0,1,3,1,1067,1,1.4109486975809173,True
1,0,0,2,0,1067,1,0.1334678785765951,False
14,1,0,3,1,1067,1,0.056343227424476214,True
21,1,2,2,0,1067,0,-0.4814168225473198,True
8,0,2,1,1,1068,1,0.9764923078363301,True
11,0,2,4,0,1068,0,-0.9941449216900402,True
14,1,0,3,1,1068,1,0.32335114020103006,True
15,1,0,4,0,1068,0,-1.2400326644081492,True
2,0,0,3,1,1069,1,0.8039186754111256,True
1,0,0,2,0,1069,1,0.17490078692001632,False
22,1,2,3,1,1069,1,0.42792425607032847,True
19,1,1,4,0,1069,0,-1.0911812390946078,True
6,0,1,3,1,1070,1,1.2457293128541105,True
11,0,2,4,0,1070,0,-0.4821307777577095,True
12,1,0,1,1,1070,0,-0.108631667019508,False
17,1,1,2,0,1070,0,-0.12268974971412394,True
6,0,1,3,1,1071,1,1.268904035196988,True
7,0,1,4,0,1071,0,-0.6788616609658839,True
18,1,1,3,1,1071,1,0.9165044478550571,True
21,1,2,2,0,1071,0,-0.7962568841128616,True
2,0,0,3,1,1072,1,1.0577414535229264,True
1,0,0,2,0,1072,0,-0.299380638978739,True
14,1,0,3,1,1072,1,0.03965437379093428,True
23,1,2,4,0,1072,0,-0.6310505011844323,True
2,0,0,3,1,1073,1,1.4571714044487358,True
1,0,0,2,0,1073,0,-0.15257980894446524,True
22,1,2,3,1,1073,1,0.1870877919874012,True
15,1,0,4,0,1073,0,-1.0830465067033266,True
10,0,2,3,1,1074,1,0.3022089899706407,True
7,0,1,4,0,1074,0,-0.6906907225537006,True
16,1,1,1,1,1074,1,0.3879338229846033,True
17,1,1,2,0,1074,0,-0.19573973065895178,True
10,0,2,3,1,1075,1,0.3299099470205925,True
5,0,1,2,0,1075,0,-1.1183552376137047,True
22,1,2,3,1,1075,1,0.5953894087733397,True
21,1,2,2,0,1075,0,-0.3275278947588508,True
0,0,0,1,1,1076,1,1.2740281250524959,True
9,0,2,2,0,1076,0,-0.8746255364409024,True
20,1,2,1,1,1076,1,0.2158101104255205,True
17,1,1,2,0,1076,1,0.08567297333216034,False
2,0,0,3,1,1077,1,1.3144790986028285,True
5,0,1,2,0,1077,0,-1.4279138801682736,True
14,1,0,3,1,1077,1,0.10112814946019366,True
13,1,0,2,0,1077,0,-0.34274499845480566,True
8,0,2,1,1,1078,1,0.8602115236821486,True
11,0,2,4,0,1078,0,-0.645005493577526,True
12,1,0,1,1,1078,1,0.2391831847003078,True
17,1,1,2,0,1078,0,-0.002778622871281222,True
6,0,1,3,1,1079,1,1.1331546936360137,True
5,0,1,2,0,1079,0,-1.2010008582527991,True
22,1,2,3,1,1079,1,0.14067966225364784,True
13,1,0,2,0,1079,0,-0.33774512695106307,True
0,0,0,1,1,1080,1,1.3283230475803463,True
5,0,1,2,0,1080,0,-1.0404946541820734,True
16,1,1,1,1,1080,1,0.03512499068586128,True
23,1,2,4,0,1080,0,-0.998004593215575,True
6,0,1,3,1,1081,1,1.428050291124806,True
1,0,0,2,0,1081,0,-0.25651931486496754,True
16,1,1,1,1,1081,0,-0.7693677562410712,False
15,1,0,4,0,1081,0,-0.5512550256038657,True
10,0,2,3,1,1082,1,0.24156411129235378,True
9,0,2,2,0,1082,0,-0.8064048605020689,True
16,1,1,1,1,1082,0,-0.13771374012600168,False
15,1,0,4,0,1082,0,-0.6010404058193167,True
4,0,1,1,1,1083,0,-0.3134454560070882,False
5,0,1,2,0,1083,0,-1.3777078620062684,True
18,1,1,3,1,1083,1,0.735097941390984,True
17,1,1,2,0,1083,0,-0.30571985202120044,True
0,0,0,1,1,1084,1,0.39025601524819964,True
7,0,1,4,0,1084,0,-0.5162486156204661,True
12,1,0,1,1,1084,0,-0.2973879465806947,False
15,1,0,4,0,1084,0,-0.3946909138062814,True
4,0,1,1,1,1085,0,-0.2684536334917013,False
3,0,0,4,0,1085,0,-0.8287628539006833,True
20,1,2,1,1,1085,0,-0.24563368617012,False
17,1,1,2,0,1085,0,-0.027841522668321905,True
6,0,1,3,1,1086,1,1.331664651013841,True
11,0,2,4,0,1086,0,-0.39968037953136193,True
20,1,2,1,1,1086,1,0.1656709970963215,True
13,1,0,2,0,1086,0,-0.006759859221800987,True
4,0,1,1,1,1087,0,-0.5215834229913683,False
3,0,0,4,0,1087,0,-0.7487613391635208,True
20,1,2,1,1,1087,0,-0.16690736986118582,False
23,1,2,4,0,1087,0,-0.8861808438612546,True
6,0,1,3,1,1088,1,1.1626953714748824,True
11,0,2,4,0,1088,0,-0.6389482755266458,True
14,1,0,3,1,1088,1,0.41648154772303614,True
13,1,0,2,0,1088,0,-0.059542785855054126,True
6,0,1,3,1,1089,1,1.101305683015886,True
9,0,2,2,0,1089,0,-0.2160299160366193,True
14,1,0,3,1,1089,1,0.6559032697139799,True
13,1,0,2,0,1089,0,-0.19888500870935172,True
4,0,1,1,1,1090,0,-0.03640387827355615,False
5,0,1,2,0,1090,0,-1.474243142555975,True
16,1,1,1,1,1090,0,-0.40501668998883755,False
19,1,1,4,0,1090,0,-1.2372104088475329,True
4,0,1,1,1,1091,0,-0.6813948502188534,False
9,0,2,2,0,1091,0,-0.6205409289722474,True
20,1,2,1,1,1091,1,0.08535703002141412,True
13,1,0,2,0,1091,0,-0.4447244956709049,True
4,0,1,1,1,1092,0,-0.6647766564790281,False
9,0,2,2,0,1092,0,-0.4527838548571334,True
20,1,2,1,1,1092,1,0.528179532844731,True
21,1,2,2,0,1092,0,-0.5311159258103124,True
6,0,1,3,1,1093,1,1.3675882423964065,True
9,0,2,2,0,1093,0,-0.5569646720280286,True
20,1,2,1,1,1093,1,0.38005469508101625,True
13,1,0,2,0,1093,0,-0.1335533778902018,True
2,0,0,3,1,1094,1,1.306385817129976,True
7,0,1,4,0,1094,0,-0.5815626649606445,True
22,1,2,3,1,1094,1,0.4439502339506076,True
21,1,2,2,0,1094,0,-0.6247021927526333,True
10,0,2,3,1,1095,1,0.27789432840457057,True
5,0,1,2,0,1095,0,-0.9895959106166239,True
12,1,0,1,1,1095,1,0.23333984181687534,True
23,1,2,4,0,1095,0,-0.9290253333513587,True
8,0,2,1,1,1096,1,0.8171734548161599,True
1,0,0,2,0,1096,1,0.14989803023248138,False
12,1,0,1,1,1096,1,0.2542147741073265,True
19,1,1,4,0,1096,0,-1.220965553553388,True
0,0,0,1,1,1097,1,0.5419947643632048,True
11,0,2,4,0,1097,0,-0.5448286383330785,True
12,1,0,1,1,1097,0,-0.475240375970875,False
15,1,0,4,0,1097,0,-0.5143958124312416,True
4,0,1,1,1,1098,0,-0.32636994690699117,False
9,0,2,2,0,1098,0,-0.40379911159670057,True
14,1,0,3,1,1098,1,0.2952468723999808,True
23,1,2,4,0,1098,0,-0.8037342767962001,True
0,0,0,1,1,1099,1,1.0863046858710779,True
7,0,1,4,0,1099,0,-0.8621469062853674,True
16,1,1,1,1,1099,1,0.7393852218360889,True
17,1,1,2,0,1099,0,-0.08929043224611773,True
8,0,2,1,1,1100,1,0.32144643330194117,True
5,0,1,2,0,1100,0,-1.4637693777676561,True
16,1,1,1,1,1100,0,-0.4392355115327848,False
13,1,0,2,0,1100,0,-0.9666164475081096,True
2,0,0,3,1,1101,1,0.8578683214392442,True
9,0,2,2,0,1101,0,-0.2474015082169802,True
22,1,2,3,1,1101,0,-0.2752802164423939,False
15,1,0,4,0,1101,0,-1.1051280314100722,True
0,0,0,1,1,1102,1,1.3403886894041361,True
9,0,2,2,0,1102,0,-0.622233260916609,True
18,1,1,3,1,1102,1,1.125512622305285,True
19,1,1,4,0,1102,0,-1.2625757286028343,True
4,0,1,1,1,1103,0,-0.31383686530656324,False
1,0,0,2,0,1103,0,-0.29177740686505044,True
16,1,1,1,1,1103,0,-0.4298150415470274,False
23,1,2,4,0,1103,0,-1.1292252079590763,True
6,0,1,3,1,1104,1,1.2401372388463638,True
11,0,2,4,0,1104,0,-0.5673341244298413,True
14,1,0,3,1,1104,0,-0.020216760059389688,False
21,1,2,2,0,1104,0,-0.5448638005014037,True
2,0,0,3,1,1105,1,0.7093223736646318,True
11,0,2,4,0,1105,0,-0.39562381980317884,True
12,1,0,1,1,1105,0,-0.002968274047009306,False
23,1,2,4,0,1105,0,-0.6232362906194401,True
0,0,0,1,1,1106,1,0.8097326617332813,True
9,0,2,2,0,1106,0,-0.851568627192672,True
12,1,0,1,1,1106,0,-0.017728466436330956,False
23,1,2,4,0,1106,0,-0.9015848190643775,True
8,0,2,1,1,1107,1,0.3636493065533085,True
1,0,0,2,0,1107,1,0.2536497754780055,False
22,1,2,3,1,1107,0,-0.0868716577775369,False
13,1,0,2,0,1107,0,-0.23564816213240392,True
10,0,2,3,1,1108,0,-0.05517227304470279,False
11,0,2,4,0,1108,0,-0.9297847739362239,True
14,1,0,3,1,1108,1,0.058353339795040704,True
17,1,1,2,0,1108,0,-0.1286252154621887,True
10,0,2,3,1,1109,1,0.2977399863941391,True
1,0,0,2,0,1109,0,-0.5468629618788793,True
16,1,1,1,1,1109,0,-0.16258254912142223,False
17,1,1,2,0,1109,0,-0.5013628721804407,True
0,0,0,1,1,1110,1,0.5583840463968723,True
3,0,0,4,0,1110,0,-0.7191440613782332,True
12,1,0,1,1,1110,0,-0.15943478233562308,False
15,1,0,4,0,1110,0,-0.4361606560341081,True
2,0,0,3,1,1111,1,1.3359153698045734,True
11,0,2,4,0,1111,0,-0.49702374139700123,True
22,1,2,3,1,1111,0,-0.0652616769029192,False
17,1,1,2,0,1111,1,0.45147158349418415,False
8,0,2,1,1,1112,1,0.7125405605168195,True
9,0,2,2,0,1112,1,0.12018667670905547,False
14,1,0,3,1,1112,1,0.398957036894796,True
21,1,2,2,0,1112,0,-0.14753853608104162,True
4,0,1,1,1,1113,0,-0.6308082493586703,False
7,0,1,4,0,1113,0,-0.8945117624099211,True
20,1,2,1,1,1113,0,-0.06056212283098508,False
17,1,1,2,0,1113,0,-0.18907285630125661,True
6,0,1,3,1,1114,1,1.279963467772365,True
7,0,1,4,0,1114,0,-0.8627080537065849,True
16,1,1,1,1,1114,0,-0.28676813174293986,False
15,1,0,4,0,1114,0,-0.5682812946069346,True
8,0,2,1,1,1115,1,0.4975669969967279,True
5,0,1,2,0,1115,0,-1.407485555364259,True
16,1,1,1,1,1115,0,-0.3918352071794001,False
15,1,0,4,0,1115,0,-0.8031261633981098,True
0,0,0,1,1,1116,1,1.5381008061603736,True
1,0,0,2,0,1116,0,-0.5377081689707226,True
16,1,1,1,1,1116,0,-0.3178813495270814,False
15,1,0,4,0,1116,0,-0.661942752151957,True
6,0,1,3,1,1117,1,1.12553682710728,True
5,0,1,2,0,1117,0,-1.3060044085210236,True
14,1,0,3,1,1117,1,0.4856274535769096,True
15,1,0,4,0,1117,0,-1.400434470555657,True
6,0,1,3,1,1118,1,1.3030961287377145,True
9,0,2,2,0,1118,0,-0.48904065076864645,True
14,1,0,3,1,1118,1,0.4342055621868546,True
15,1,0,4,0,1118,0,-1.45000332037814,True
0,0,0,1,1,1119,1,1.0945061276478694,True
5,0,1,2,0,1119,0,-1.2280592746573606,True
18,1,1,3,1,1119,1,0.9387610379371873,True
23,1,2,4,0,1119,0,-1.0307024377830485,True
6,0,1,3,1,1120,1,1.1929925651865687,True
11,0,2,4,0,1120,0,-0.5725406736451605,True
18,1,1,3,1,1120,1,0.9215814287861678,True
13,1,0,2,0,1120,0,-0.038502690031316227,True
2,0,0,3,1,1121,1,1.1704698438403227,True
7,0,1,4,0,1121,0,-1.1206456086546552,True
20,1,2,1,1,1121,1,0.39376545008423675,True
13,1,0,2,0,1121,1,0.05960746378779552,False
4,0,1,1,1,1122,0,-0.5416799751056693,False
3,0,0,4,0,1122,0,-0.6312770899966598,True
18,1,1,3,1,1122,1,0.32856679252299387,True
15,1,0,4,0,1122,0,-0.9171866862104823,True
10,0,2,3,1,1123,1,0.17539545648009375,True
3,0,0,4,0,1123,0,-0.6175139645047878,True
12,1,0,1,1,1123,1,0.0005184636403470777,True
15,1,0,4,0,1123,0,-0.38811626568893937,True
4,0,1,1,1,1124,1,0.5286331708265221,True
3,0,0,4,0,1124,0,-0.9882851625760675,True
22,1,2,3,1,1124,1,0.29831207130799176,True
17,1,1,2,0,1124,0,-0.0645164631024161,True
8,0,2,1,1,1125,1,0.8791369311580768,True
9,0,2,2,0,1125,0,-0.4204819453017743,True
12,1,0,1,1,1125,1,0.5394720237610562,True
13,1,0,2,0,1125,0,-0.8083070395527026,True
2,0,0,3,1,1126,1,1.1962583642135156,True
11,0,2,4,0,1126,0,-0.22158794141832683,True
16,1,1,1,1,1126,0,-0.8316778081584806,False
19,1,1,4,0,1126,0,-1.493438024308948,True
8,0,2,1,1,1127,1,0.36989885163820285,True
11,0,2,4,0,1127,0,-0.6507799737852495,True
16,1,1,1,1,1127,0,-0.18283510084226845,False
13,1,0,2,0,1127,0,-0.8784482687848116,True
2,0,0,3,1,1128,1,1.5377129517874755,True
5,0,1,2,0,1128,0,-1.6153030225412417,True
20,1,2,1,1,1128,1,0.25512182308955916,True
21,1,2,2,0,1128,0,-1.1264228999443384,True
2,0,0,3,1,1129,1,1.1922110760918643,True
1,0,0,2,0,1129,0,-0.08875065221402023,True
22,1,2,3,1,1129,1,0.45358001239594126,True
23,1,2,4,0,1129,0,-0.9716842908367762,True
8,0,2,1,1,1130,1,0.3028836430780066,True
7,0,1,4,0,1130,1,0.07304364975219019,False
22,1,2,3,1,1130,0,-0.0627002945273139,False
23,1,2,4,0,1130,0,-1.3072619774256375,True
10,0,2,3,1,1131,1,0.19585352564370812,True
3,0,0,4,0,1131,0,-0.9485180530195634,True
20,1,2,1,1,1131,1,0.01267095032579086,True
13,1,0,2,0,1131,0,-0.20107260212315353,True
10,0,2,3,1,1132,1,0.3670276320690897,True
1,0,0,2,0,1132,1,0.06259412625935923,False
18,1,1,3,1,1132,1,0.9945985800143022,True
21,1,2,2,0,1132,0,-0.44365487858852415,True
6,0,1,3,1,1133,1,1.2508198825585248,True
11,0,2,4,0,1133,0,-0.6088302898358947,True
16,1,1,1,1,1133,0,-0.665329294910929,False
21,1,2,2,0,1133,0,-0.4380437304979786,True
6,0,1,3,1,1134,1,1.406230814312187,True
7,0,1,4,0,1134,0,-1.00024975383481,True
12,1,0,1,1,1134,1,0.12912621670341268,True
21,1,2,2,0,1134,0,-0.7442464925615566,True
2,0,0,3,1,1135,1,0.9398207833409922,True
9,0,2,2,0,1135,0,-0.7146888943157776,True
16,1,1,1,1,1135,0,-0.4241236073164671,False
21,1,2,2,0,1135,0,-0.26904522025838146,True
10,0,2,3,1,1136,0,-0.2554767464129718,False
1,0,0,2,0,1136,0,-0.4244000024517899,True
14,1,0,3,1,1136,1,0.4422770580258838,True
15,1,0,4,0,1136,0,-1.1161844067714486,True
2,0,0,3,1,1137,1,0.7970404263083012,True
3,0,0,4,0,1137,0,-0.6069986233874619,True
18,1,1,3,1,1137,1,0.5964361196490945,True
13,1,0,2,0,1137,0,-0.11473266635602145,True
8,0,2,1,1,1138,1,0.6785411462620972,True
9,0,2,2,0,1138,0,-0.14566217433569717,True
20,1,2,1,1,1138,1,0.2628334534610208,True
23,1,2,4,0,1138,0,-0.7401171813866152,True
8,0,2,1,1,1139,1,0.5183028023044262,True
7,0,1,4,0,1139,0,-0.2635061301400402,True
16,1,1,1,1,1139,1,0.24568208734597474,True
17,1,1,2,0,1139,0,-0.19519668906185006,True
6,0,1,3,1,1140,1,1.6350222418613756,True
7,0,1,4,0,1140,0,-0.513453001008087,True
22,1,2,3,1,1140,1,0.01105510462316335,True
17,1,1,2,0,1140,0,-0.18697820558784256,True
0,0,0,1,1,1141,1,1.4911980064403751,True
9,0,2,2,0,1141,0,-0.7503441960351855,True
16,1,1,1,1,1141,1,0.06205001357856421,True
23,1,2,4,0,1141,0,-1.1717370941856844,True
2,0,0,3,1,1142,1,0.9116613823360655,True
9,0,2,2,0,1142,0,-0.47126924004088266,True
22,1,2,3,1,1142,0,-0.2360263802412863,False
17,1,1,2,0,1142,1,0.23753802641149946,False
0,0,0,1,1,1143,1,1.3032281055886084,True
11,0,2,4,0,1143,0,-0.4989763209510215,True
20,1,2,1,1,1143,1,0.5195267884539044,True
19,1,1,4,0,1143,0,-1.579284794988982,True
10,0,2,3,1,1144,1,0.2193069553316917,True
3,0,0,4,0,1144,0,-0.6524941351127882,True
18,1,1,3,1,1144,1,0.9939838620312151,True
17,1,1,2,0,1144,0,-0.1164333213118594,True
4,0,1,1,1,1145,0,-0.42971429796798316,False
5,0,1,2,0,1145,0,-1.6093341514240798,True
12,1,0,1,1,1145,0,-0.004228178417606199,False
19,1,1,4,0,1145,0,-1.2333628022855192,True
8,0,2,1,1,1146,1,0.1305132170609151,True
9,0,2,2,0,1146,1,0.0881022788381762,False
22,1,2,3,1,1146,1,0.027449990314855267,True
21,1,2,2,0,1146,0,-0.0980167177026661,True
6,0,1,3,1,1147,1,1.357361017406952,True
1,0,0,2,0,1147,0,-0.263096520052312,True
16,1,1,1,1,1147,0,-0.7201290892146958,False
23,1,2,4,0,1147,0,-1.1229696781845067,True
4,0,1,1,1,1148,0,-0.2555170731773689,False
5,0,1,2,0,1148,0,-1.5944421453912718,True
18,1,1,3,1,1148,1,0.6438158589093841,True
15,1,0,4,0,1148,0,-0.8782918749026032,True
8,0,2,1,1,1149,1,0.5364793265851842,True
1,0,0,2,0,1149,1,0.008497607336444946,False
20,1,2,1,1,1149,1,0.08471565567417955,True
23,1,2,4,0,1149,0,-0.5398957809281568,True
0,0,0,1,1,1150,1,1.3634111707499394,True
11,0,2,4,0,1150,0,-0.5355694518395604,True
20,1,2,1,1,1150,1,0.4692752443482851,True
15,1,0,4,0,1150,0,-0.9464075921546764,True
2,0,0,3,1,1151,1,1.1267247952236135,True
7,0,1,4,0,1151,0,-0.37849061656678096,True
14,1,0,3,1,1151,1,0.24768560811808624,True
23,1,2,4,0,1151,0,-0.6653250385374356,True
4,0,1,1,1,1152,0,-0.45551613844585337,False
1,0,0,2,0,1152,0,-0.38594427125178943,True
20,1,2,1,1,1152,0,-0.11004580541620976,False
17,1,1,2,0,1152,0,-0.15750256171129182,True
0,0,0,1,1,1153,1,0.6203756337223991,True
5,0,1,2,0,1153,0,-1.1769801453632294,True
12,1,0,1,1,1153,1,0.08895743628886074,True
21,1,2,2,0,1153,0,-0.5794422773196519,True
2,0,0,3,1,1154,1,0.7224282553699904,True
9,0,2,2,0,1154,0,-0.8664201255939336,True
12,1,0,1,1,1154,1,0.14897621483735135,True
17,1,1,2,0,1154,0,-0.0047542427543921795,True
10,0,2,3,1,1155,1,0.31066992166613205,True
9,0,2,2,0,1155,0,-0.7706553059102715,True
16,1,1,1,1,1155,0,-0.25300403368027224,False
19,1,1,4,0,1155,0,-1.4077851723836,True
2,0,0,3,1,1156,1,1.0272796336826784,True
11,0,2,4,0,1156,0,-0.6625259952421739,True
14,1,0,3,1,1156,0,-0.43445696038841264,False
23,1,2,4,0,1156,0,-0.49995830523381135,True
10,0,2,3,1,1157,1,0.09116609091084174,True
9,0,2,2,0,1157,0,-0.9705953422958934,True
18,1,1,3,1,1157,1,1.2772947569933546,True
17,1,1,2,0,1157,0,-0.044837940341763,True
8,0,2,1,1,1158,1,0.9538558723999255,True
7,0,1,4,0,1158,0,-0.10146312567075633,True
12,1,0,1,1,1158,1,0.34498117079206736,True
23,1,2,4,0,1158,0,-0.6726147320199836,True
8,0,2,1,1,1159,1,0.570249466361805,True
9,0,2,2,0,1159,0,-0.269530853574542,True
18,1,1,3,1,1159,1,0.820147824479051,True
17,1,1,2,0,1159,0,-0.37931004013693204,True
10,0,2,3,1,1160,1,0.3745365424341236,True
3,0,0,4,0,1160,0,-0.9041590321275697,True
12,1,0,1,1,1160,1,0.09466370148995315,True
17,1,1,2,0,1160,0,-0.0806406396497488,True
4,0,1,1,1,1161,0,-0.6854313918843549,False
7,0,1,4,0,1161,0,-0.7409413608466562,True
18,1,1,3,1,1161,1,0.5450106593281923,True
17,1,1,2,0,1161,0,-0.4750741743862019,True
4,0,1,1,1,1162,1,0.1383860023281518,True
3,0,0,4,0,1162,0,-0.9636402031052771,True
22,1,2,3,1,1162,1,0.4330481257630734,True
15,1,0,4,0,1162,0,-0.971684724664512,True
2,0,0,3,1,1163,1,0.01770308812180832,True
5,0,1,2,0,1163,0,-1.2075338164431255,True
22,1,2,3,1,1163,1,0.18745263687854297,True
23,1,2,4,0,1163,0,-0.6010643829381268,True
0,0,0,1,1,1164,1,0.938550661777293,True
5,0,1,2,0,1164,0,-1.4162557974892145,True
18,1,1,3,1,1164,1,0.9183881997126646,True
19,1,1,4,0,1164,0,-1.3633790736567384,True
6,0,1,3,1,1165,1,1.201091313078345,True
11,0,2,4,0,1165,0,-0.7913334377892939,True
22,1,2,3,1,1165,1,0.6028987627799337,True
21,1,2,2,0,1165,0,-0.4413588583002038,True
8,0,2,1,1,1166,1,0.6099347927642379,True
9,0,2,2,0,1166,0,-0.7049824304774605,True
16,1,1,1,1,1166,1,0.35554953083436003,True
17,1,1,2,0,1166,0,-0.1690105310388249,True
6,0,1,3,1,1167,1,1.347348275177632,True
11,0,2,4,0,1167,0,-0.49579027496554307,True
16,1,1,1,1,1167,0,-0.46685860721391215,False
13,1,0,2,0,1167,0,-0.5120692645452979,True
6,0,1,3,1,1168,1,1.4843845600169678,True
7,0,1,4,0,1168,0,-0.89154374950303,True
14,1,0,3,1,1168,1,0.41193798997872205,True
15,1,0,4,0,1168,0,-1.0345523927848692,True
4,0,1,1,1,1169,0,-0.548759490558892,False
7,0,1,4,0,1169,0,-1.3111538231930402,True
20,1,2,1,1,1169,1,0.11498522248392878,True
13,1,0,2,0,1169,0,-0.5114952371137493,True
0,0,0,1,1,1170,1,1.4750216216202858,True
1,0,0,2,0,1170,0,-0.42185364582647367,True
22,1,2,3,1,1170,0,-0.3056654366701608,False
17,1,1,2,0,1170,1,0.03439018952122372,False
2,0,0,3,1,1171,1,0.8341685648575038,True
9,0,2,2,0,1171,0,-0.5556765847737594,True
12,1,0,1,1,1171,1,0.18909658094930293,True
21,1,2,2,0,1171,0,-0.5205985343371761,True
6,0,1,3,1,1172,1,1.3008788139727867,True
1,0,0,2,0,1172,1,0.07070090284549813,False
18,1,1,3,1,1172,1,0.9055535025303489,True
15,1,0,4,0,1172,0,-1.3013532260812488,True
4,0,1,1,1,1173,0,-0.21021712690903785,False
1,0,0,2,0,1173,0,-0.5434910323393376,True
14,1,0,3,1,1173,1,0.7171044357301819,True
17,1,1,2,0,1173,0,-0.3180372045604274,True
4,0,1,1,1,1174,0,-0.47374355839787835,False
11,0,2,4,0,1174,0,-0.4779707746926624,True
18,1,1,3,1,1174,1,0.8021668716793742,True
19,1,1,4,0,1174,0,-1.3432918843648447,True
4,0,1,1,1,1175,0,-0.09507214576628012,False
11,0,2,4,0,1175,0,-0.7119167696488599,True
22,1,2,3,1,1175,1,0.2147858050007557,True
13,1,0,2,0,1175,0,-0.22459699753308474,True
2,0,0,3,1,1176,1,1.01575962971525,True
11,0,2,4,0,1176,0,-0.1672562932565123,True
18,1,1,3,1,1176,1,1.5069438235735364,True
17,1,1,2,0,1176,1,0.13204326082800238,False
4,0,1,1,1,1177,0,-0.46151018748997774,False
1,0,0,2,0,1177,0,-0.30596009181287076,True
18,1,1,3,1,1177,1,0.7284652297039714,True
17,1,1,2,0,1177,0,-0.4043553178422029,True
0,0,0,1,1,1178,1,0.6299830173126597,True
5,0,1,2,0,1178,0,-1.4941081529000055,True
14,1,0,3,1,1178,1,0.30390176643658934,True
19,1,1,4,0,1178,0,-1.4093395760174918,True
10,0,2,3,1,1179,1,0.36767542296235256,True
5,0,1,2,0,1179,0,-1.16584754119984,True
20,1,2,1,1,1179,1,0.0009104785603516463,True
23,1,2,4,0,1179,0,-0.7828316146959392,True
6,0,1,3,1,1180,1,1.3363823522271732,True
9,0,2,2,0,1180,0,-0.31700653354888353,True
20,1,2,1,1,1180,1,0.8959298721178549,True
21,1,2,2,0,1180,0,-0.45317353166195595,True
10,0,2,3,1,1181,1,0.27931646036173685,True
11,0,2,4,0,1181,0,-0.7447818084283568,True
12,1,0,1,1,1181,0,-0.07146602938132937,False
21,1,2,2,0,1181,0,-0.5653990353137814,True
2,0,0,3,1,1182,1,0.10444032685026439,True
5,0,1,2,0,1182,0,-1.3213638824926672,True
18,1,1,3,1,1182,1,0.7824839004460927,True
23,1,2,4,0,1182,0,-0.5543542204050605,True
8,0,2,1,1,1183,1,0.48965490320193006,True
1,0,0,2,0,1183,0,-0.13413650151406553,True
14,1,0,3,1,1183,1,0.5506535429635796,True
19,1,1,4,0,1183,0,-1.3043787161228213,True
4,0,1,1,1,1184,0,-0.35951268217446025,False
1,0,0,2,0,1184,1,0.15529447936462698,False
18,1,1,3,1,1184,1,0.289361002607705,True
13,1,0,2,0,1184,1,0.10907659266168973,False
8,0,2,1,1,1185,0,-0.007972090900366657,False
11,0,2,4,0,1185,0,-1.1094113289955982,True
22,1,2,3,1,1185,0,-0.552120311419724,False
17,1,1,2,0,1185,1,0.02753373532990744,False
6,0,1,3,1,1186,1,1.0373118364655707,True
5,0,1,2,0,1186,0,-1.0505234423032153,True
12,1,0,1,1,1186,0,-0.19811129719381598,False
15,1,0,4,0,1186,0,-0.62900450471857,True
0,0,0,1,1,1187,1,0.8999229015083603,True
5,0,1,2,0,1187,0,-1.3352698980244668,True
22,1,2,3,1,1187,1,0.24848027232937647,True
21,1,2,2,0,1187,0,-0.31330951586294037,True
10,0,2,3,1,1188,1,0.15284529066841424,True
3,0,0,4,0,1188,0,-0.7269774066853879,True
22,1,2,3,1,1188,1,0.7352513129548063,True
13,1,0,2,0,1188,0,-0.17184208839150605,True
8,0,2,1,1,1189,1,0.8552342584942676,True
1,0,0,2,0,1189,1,0.5962032280697103,False
20,1,2,1,1,1189,1,0.0801891305226072,True
13,1,0,2,0,1189,0,-0.11794779001662328,True
4,0,1,1,1,1190,0,-0.44147277710530036,False
5,0,1,2,0,1190,0,-1.8538560558278443,True
20,1,2,1,1,1190,1,0.03691040351869806,True
23,1,2,4,0,1190,0,-0.6951898692295002,True
6,0,1,3,1,1191,1,1.473600232686751,True
5,0,1,2,0,1191,0,-1.4151195394037046,True
14,1,0,3,1,1191,1,0.4021053061369235,True
21,1,2,2,0,1191,0,-0.4779217838001033,True
0,0,0,1,1,1192,1,0.9751378369602652,True
5,0,1,2,0,1192,0,-1.4592393049344845,True
22,1,2,3,1,1192,1,0.062088245679064374,True
19,1,1,4,0,1192,0,-1.5219467981544592,True
2,0,0,3,1,1193,1,1.4152197916100997,True
3,0,0,4,0,1193,0,-0.854190734229146,True
16,1,1,1,1,1193,1,0.10679970071830336,True
17,1,1,2,0,1193,0,-0.14826040988468592,True
10,0,2,3,1,1194,1,0.2018824333731511,True
7,0,1,4,0,1194,0,-0.3713312831711217,True
16,1,1,1,1,1194,0,-0.32087625782636126,False
23,1,2,4,0,1194,0,-0.963852559528096,True
8,0,2,1,1,1195,1,0.5061809980570007,True
7,0,1,4,0,1195,0,-0.2257490618427202,True
14,1,0,3,1,1195,1,0.8331568317641938,True
13,1,0,2,0,1195,0,-0.7898908789765628,True
10,0,2,3,1,1196,0,-0.12244807711871109,False
7,0,1,4,0,1196,0,-0.45619420035380265,True
14,1,0,3,1,1196,1,0.19076253548226263,True
19,1,1,4,0,1196,0,-1.3973768101615385,True
0,0,0,1,1,1197,1,0.6484696961197625,True
3,0,0,4,0,1197,0,-0.8769642511357769,True
12,1,0,1,1,1197,0,-0.06897485482392773,False
19,1,1,4,0,1197,0,-1.4079264538379686,True
2,0,0,3,1,1198,1,1.1013032667354543,True
7,0,1,4,0,1198,1,0.064306415866064,False
16,1,1,1,1,1198,0,-0.7447470069718665,False
19,1,1,4,0,1198,0,-1.023403644056755,True
8,0,2,1,1,1199,1,0.6714133433496894,True
5,0,1,2,0,1199,0,-1.5086586992100823,True
20,1,2,1,1,1199,1,0.21194906299671246,True
15,1,0,4,0,1199,0,-1.1923150002143892,True
4,0,1,1,1,1200,0,-0.4915303137869841,False
5,0,1,2,0,1200,0,-1.8336040575716899,True
18,1,1,3,1,1200,1,0.5098715535747321,True
19,1,1,4,0,1200,0,-1.3551247418601298,True
0,0,0,1,1,1201,1,1.0152238877878996,True
11,0,2,4,0,1201,0,-0.6853747462399353,True
14,1,0,3,1,1201,1,0.06704838136891728,True
19,1,1,4,0,1201,0,-1.2994415624355773,True
10,0,2,3,1,1202,1,0.3102033341859338,True
1,0,0,2,0,1202,0,-0.13628397329400044,True
22,1,2,3,1,1202,0,-0.03392495299535425,False
15,1,0,4,0,1202,0,-1.0887306660102565,True
6,0,1,3,1,1203,1,1.386784522107882,True
5,0,1,2,0,1203,0,-1.1534739313941713,True
16,1,1,1,1,1203,0,-0.43476528242913737,False
13,1,0,2,0,1203,0,-0.6511778863338672,True
0,0,0,1,1,1204,1,0.6689817401584159,True
1,0,0,2,0,1204,0,-0.21618073009911493,True
12,1,0,1,1,1204,0,-0.24781273579586122,False
23,1,2,4,0,1204,0,-0.6929881628407193,True
4,0,1,1,1,1205,0,-0.5239795672734643,False
1,0,0,2,0,1205,0,-0.25934458620211565,True
14,1,0,3,1,1205,1,0.528610060854101,True
21,1,2,2,0,1205,0,-0.3095327792226009,True
6,0,1,3,1,1206,1,0.9124801968116618,True
11,0,2,4,0,1206,0,-1.1382425792822992,True
22,1,2,3,1,1206,1,0.2874947907429945,True
19,1,1,4,0,1206,0,-1.0851061284600056,True
8,0,2,1,1,1207,1,0.5800908006963083,True
1,0,0,2,0,1207,0,-0.30826384181716315,True
16,1,1,1,1,1207,1,0.09751974573841748,True
17,1,1,2,0,1207,0,-0.2419520902058595,True
10,0,2,3,1,1208,1,0.30996017259436914,True
3,0,0,4,0,1208,0,-0.6907590568524978,True
18,1,1,3,1,1208,1,0.6317013516343798,True
21,1,2,2,0,1208,0,-0.35829305396054256,True
10,0,2,3,1,1209,0,-0.32926650955519976,False
7,0,1,4,0,1209,0,-0.7146736778421875,True
14,1,0,3,1,1209,1,0.35594456785735107,True
13,1,0,2,0,1209,0,-0.4452252206157826,True
6,0,1,3,1,1210,1,1.2786366459899503,True
11,0,2,4,0,1210,0,-0.6747860779287425,True
18,1,1,3,1,1210,1,0.9805884406730432,True
23,1,2,4,0,1210,0,-1.0037798463411025,True
10,0,2,3,1,1211,1,0.5213116561496884,True
3,0,0,4,0,1211,0,-0.6914299393120424,True
22,1,2,3,1,1211,1,0.7077079252775678,True
15,1,0,4,0,1211,0,-0.8377637803727394,True
2,0,0,3,1,1212,1,1.3713150868674369,True
5,0,1,2,0,1212,0,-1.2627752418736513,True
16,1,1,1,1,1212,0,-0.640556371698068,False
15,1,0,4,0,1212,0,-0.7046717919604681,True
10,0,2,3,1,1213,1,0.2938352588481725,True
9,0,2,2,0,1213,0,-1.0232725406476615,True
16,1,1,1,1,1213,1,0.012122096214583392,True
17,1,1,2,0,1213,0,-0.35572351059819884,True
6,0,1,3,1,1214,1,0.968818330827607,True
3,0,0,4,0,1214,0,-0.5682976920422422,True
22,1,2,3,1,1214,1,0.7662808601557327,True
21,1,2,2,0,1214,0,-0.4924698004958053,True
8,0,2,1,1,1215,1,0.49328394474193943,True
7,0,1,4,0,1215,0,-0.21896538255740722,True
20,1,2,1,1,1215,1,0.14784430843041435,True
17,1,1,2,0,1215,1,0.09451056999182911,False
6,0,1,3,1,1216,1,1.2096312463382417,True
1,0,0,2,0,1216,1,0.522392182907859,False
14,1,0,3,1,1216,1,0.6163891989047561,True
13,1,0,2,0,1216,0,-0.05129343947839128,True
10,0,2,3,1,1217,1,0.34135287456529995,True
3,0,0,4,0,1217,0,-0.5351959560192573,True
18,1,1,3,1,1217,1,0.6223183156837649,True
15,1,0,4,0,1217,0,-0.7626794103665312,True
2,0,0,3,1,1218,1,0.8336007829771768,True
7,0,1,4,0,1218,0,-0.7438307151764214,True
12,1,0,1,1,1218,0,-0.1446959927598315,False
23,1,2,4,0,1218,0,-0.6698744605221958,True
2,0,0,3,1,1219,1,1.2413561520560905,True
3,0,0,4,0,1219,0,-0.533606527697749,True
20,1,2,1,1,1219,1,0.2566418390080013,True
19,1,1,4,0,1219,0,-1.5400094198286713,True
2,0,0,3,1,1220,1,1.4545211921556793,True
3,0,0,4,0,1220,0,-0.6608444400378748,True
20,1,2,1,1,1220,1,0.07745512043462871,True
15,1,0,4,0,1220,0,-0.7516623405657274,True
8,0,2,1,1,1221,1,0.09998459311427177,True
3,0,0,4,0,1221,0,-0.5374801533203912,True
18,1,1,3,1,1221,1,0.5968967955530264,True
15,1,0,4,0,1221,0,-1.1331965302736238,True
2,0,0,3,1,1222,1,1.4094348546097981,True
7,0,1,4,0,1222,0,-0.6021074278605605,True
20,1,2,1,1,1222,1,0.4151025279608697,True
15,1,0,4,0,1222,0,-0.9052345328744726,True
10,0,2,3,1,1223,0,-0.3345976837442258,False
11,0,2,4,0,1223,0,-1.1173017183450082,True
14,1,0,3,1,1223,1,0.3513955526743716,True
13,1,0,2,0,1223,0,-0.0666804840399925,True
10,0,2,3,1,1224,1,0.17248834911233474,True
7,0,1,4,0,1224,0,-0.34360242149845927,True
18,1,1,3,1,1224,1,0.9539707094876408,True
23,1,2,4,0,1224,0,-1.0675718170387907,True
0,0,0,1,1,1225,1,1.0017486575450048,True
3,0,0,4,0,1225,0,-0.6049748789405512,True
20,1,2,1,1,1225,1,0.12259300741879342,True
23,1,2,4,0,1225,0,-0.8418603670764758,True
10,0,2,3,1,1226,1,0.22141809209571328,True
11,0,2,4,0,1226,0,-0.8092069138453332,True
18,1,1,3,1,1226,1,0.977332295997592,True
21,1,2,2,0,1226,0,-0.44184068816204547,True
10,0,2,3,1,1227,1,0.07220274123404496,True
1,0,0,2,0,1227,0,-0.45018296910369643,True
16,1,1,1,1,1227,0,-0.581689790089478,False
15,1,0,4,0,1227,0,-0.560906834300894,True
2,0,0,3,1,1228,1,1.2122613979757988,True
11,0,2,4,0,1228,0,-0.35158777547790343,True
16,1,1,1,1,1228,1,0.03984262223518009,True
17,1,1,2,0,1228,0,-0.10669242678908908,True
6,0,1,3,1,1229,1,1.0685056841975438,True
3,0,0,4,0,1229,0,-0.7369513251406288,True
12,1,0,1,1,1229,1,0.12874712311070424,True
23,1,2,4,0,1229,0,-0.8875101246452257,True
0,0,0,1,1,1230,1,1.1526032332490153,True
9,0,2,2,0,1230,1,0.034471879968517055,False
22,1,2,3,1,1230,0,-0.339131008556008,False
19,1,1,4,0,1230,0,-1.3669081351269363,True
4,0,1,1,1,1231,0,-0.046366485538073904,False
5,0,1,2,0,1231,0,-1.5362835300641013,True
22,1,2,3,1,1231,1,0.2773742231524554,True
13,1,0,2,0,1231,0,-0.5435907174814407,True
0,0,0,1,1,1232,1,0.9525184698991396,True
7,0,1,4,0,1232,0,-0.508600301724865,True
14,1,0,3,1,1232,1,0.5050258179798917,True
19,1,1,4,0,1232,0,-1.3502042707075006,True
2,0,0,3,1,1233,1,0.7210696592673906,True
9,0,2,2,0,1233,0,-1.005433901518414,True
16,1,1,1,1,1233,0,-0.27101005814555124,False
13,1,0,2,0,1233,0,-0.6404565483944256,True
8,0,2,1,1,1234,1,0.5165514877628357,True
9,0,2,2,0,1234,0,-0.34609235187783977,True
20,1,2,1,1,1234,1,0.20663131692906195,True
17,1,1,2,0,1234,0,-0.07656068738551663,True
4,0,1,1,1,1235,0,-0.22126730499862018,False
11,0,2,4,0,1235,0,-0.5835231755414982,True
16,1,1,1,1,1235,0,-0.5903661232076058,False
21,1,2,2,0,1235,0,-0.2613809429976199,True
6,0,1,3,1,1236,1,1.4263659185077588,True
9,0,2,2,0,1236,0,-0.6524634683075896,True
20,1,2,1,1,1236,1,0.3789217066157895,True
23,1,2,4,0,1236,0,-0.7417696774661864,True
6,0,1,3,1,1237,1,1.3654582932738322,True
1,0,0,2,0,1237,1,0.3789756819282317,False
18,1,1,3,1,1237,1,0.888248926091844,True
19,1,1,4,0,1237,0,-0.9952577906813023,True
0,0,0,1,1,1238,1,1.0374579966536408,True
3,0,0,4,0,1238,0,-0.6781750895239137,True
20,1,2,1,1,1238,1,0.17019363673010124,True
19,1,1,4,0,1238,0,-1.650337693587598,True
6,0,1,3,1,1239,1,1.43906252350944,True
5,0,1,2,0,1239,0,-1.2411582790784133,True
16,1,1,1,1,1239,0,-0.7381786707126449,False
19,1,1,4,0,1239,0,-1.4298712981993393,True
8,0,2,1,1,1240,1,0.5390546917427153,True
5,0,1,2,0,1240,0,-1.5312051368056703,True
16,1,1,1,1,1240,0,-0.5665714559125345,False
19,1,1,4,0,1240,0,-1.3625623823800095,True
8,0,2,1,1,1241,1,0.6927750005281952,True
9,0,2,2,0,1241,0,-0.47265150773420417,True
16,1,1,1,1,1241,0,-0.01256512036286872,False
23,1,2,4,0,1241,0,-1.1791749944958598,True
0,0,0,1,1,1242,1,0.9735665173893499,True
3,0,0,4,0,1242,0,-0.512373468444567,True
14,1,0,3,1,1242,1,0.615247493351985,True
13,1,0,2,0,1242,0,-0.30484117776959885,True
0,0,0,1,1,1243,1,1.3674799287997115,True
9,0,2,2,0,1243,0,-0.7053304487583476,True
18,1,1,3,1,1243,1,1.083206141373058,True
23,1,2,4,0,1243,0,-1.2226508156663003,True
6,0,1,3,1,1244,1,1.4667340791027197,True
9,0,2,2,0,1244,0,-0.930161293735611,True
16,1,1,1,1,1244,0,-0.5923570284200581,False
23,1,2,4,0,1244,0,-1.1106556364489446,True
10,0,2,3,1,1245,1,0.09730436356610755,True
1,0,0,2,0,1245,0,-0.31937344388519645,True
18,1,1,3,1,1245,1,1.3232002433902228,True
17,1,1,2,0,1245,0,-0.05935115792039153,True
2,0,0,3,1,1246,1,1.4833800877172907,True
5,0,1,2,0,1246,0,-1.4806673534653259,True
20,1,2,1,1,1246,1,0.23171403327419515,True
15,1,0,4,0,1246,0,-1.016282130560957,True
2,0,0,3,1,1247,1,1.4266627495735047,True
5,0,1,2,0,1247,0,-1.084410148706085,True
14,1,0,3,1,1247,1,0.1740551259924324,True
17,1,1,2,0,1247,1,0.13451694103858075,False
4,0,1,1,1,1248,0,-0.7290837992898428,False
3,0,0,4,0,1248,0,-1.1612354639431381,True
18,1,1,3,1,1248,1,0.3708754316498029,True
21,1,2,2,0,1248,0,-0.06992254080539421,True
4,0,1,1,1,1249,0,-0.6582769270395166,False
7,0,1,4,0,1249,0,-0.9257385370065001,True
12,1,0,1,1,1249,0,-0.09608452328562533,False
19,1,1,4,0,1249,0,-1.1862592700135663,True
4,0,1,1,1,1250,0,-0.5777092543873591,False
11,0,2,4,0,1250,0,-0.5437422552491643,True
20,1,2,1,1,1250,1,0.0665742323167754,True
23,1,2,4,0,1250,0,-0.7850489091414058,True
2,0,0,3,1,1251,1,0.6481177846341739,True
5,0,1,2,0,1251,0,-0.7003425741309675,True
12,1,0,1,1,1251,1,0.09323427304720533,True
17,1,1,2,0,1251,1,0.1543902707500051,False
4,0,1,1,1,1252,0,-0.44485497592296747,False
11,0,2,4,0,1252,0,-0.36729573033124724,True
12,1,0,1,1,1252,0,-0.26204127722756515,False
23,1,2,4,0,1252,0,-0.8706273473174571,True
6,0,1,3,1,1253,1,1.4012226873978684,True
7,0,1,4,0,1253,0,-0.6807399450836795,True
18,1,1,3,1,1253,1,0.9363364794223463,True
23,1,2,4,0,1253,0,-0.7966254390884095,True
8,0,2,1,1,1254,1,0.28734895705237856,True
3,0,0,4,0,1254,0,-0.698497901854499,True
14,1,0,3,1,1254,1,0.7639189760785963,True
21,1,2,2,0,1254,0,-0.4112994333418703,True
0,0,0,1,1,1255,1,1.7274092956817526,True
11,0,2,4,0,1255,0,-0.7825457533917318,True
22,1,2,3,1,1255,1,0.02200548557796375,True
17,1,1,2,0,1255,1,0.05700238174207514,False
8,0,2,1,1,1256,1,0.6670727939901493,True
7,0,1,4,0,1256,0,-0.23818427673137596,True
14,1,0,3,1,1256,1,0.5154013784294555,True
15,1,0,4,0,1256,0,-1.1680136368381806,True
4,0,1,1,1,1257,0,-0.36524270506809803,False
7,0,1,4,0,1257,0,-0.5413412598131804,True
16,1,1,1,1,1257,0,-0.38395279775457386,False
19,1,1,4,0,1257,0,-0.9968002992413436,True
8,0,2,1,1,1258,1,0.6518845475822487,True
11,0,2,4,0,1258,0,-0.5439619882136953,True
16,1,1,1,1,1258,1,0.2233911320785199,True
17,1,1,2,0,1258,0,-0.1080351867599828,True
6,0,1,3,1,1259,1,1.5285388702579785,True
1,0,0,2,0,1259,1,0.6822648698975724,False
20,1,2,1,1,1259,1,0.09005516420675957,True
13,1,0,2,0,1259,1,0.11485924434487221,False
2,0,0,3,1,1260,1,1.2483312018570634,True
5,0,1,2,0,1260,0,-1.478878687685714,True
20,1,2,1,1,1260,1,0.26222998857379715,True
23,1,2,4,0,1260,0,-0.3356697089131306,True
10,0,2,3,1,1261,1,0.014947127278756966,True
1,0,0,2,0,1261,0,-0.3480987283349061,True
12,1,0,1,1,1261,0,-0.2558355626401851,False
15,1,0,4,0,1261,0,-0.5247515842799444,True
4,0,1,1,1,1262,1,0.01712634436093175,True
5,0,1,2,0,1262,0,-1.445224292516656,True
22,1,2,3,1,1262,1,0.15834203405860925,True
15,1,0,4,0,1262,0,-0.7972452749958772,True
8,0,2,1,1,1263,1,0.190873410128429,True
9,0,2,2,0,1263,0,-0.05881368038586371,True
22,1,2,3,1,1263,0,-0.4215377693645442,False
15,1,0,4,0,1263,0,-1.0792517036333231,True
4,0,1,1,1,1264,0,-0.5221763038835321,False
1,0,0,2,0,1264,1,0.21622266193574763,False
12,1,0,1,1,1264,0,-0.10692926039820755,False
13,1,0,2,0,1264,0,-0.6434261812831825,True
6,0,1,3,1,1265,1,1.0776902675616662,True
11,0,2,4,0,1265,0,-0.4692690236904044,True
12,1,0,1,1,1265,1,0.038142743500426735,True
13,1,0,2,0,1265,0,-0.6380650643296568,True
4,0,1,1,1,1266,0,-0.2273590326394223,False
11,0,2,4,0,1266,0,-0.7027906993879707,True
14,1,0,3,1,1266,1,0.47215874000136476,True
19,1,1,4,0,1266,0,-1.3230466101104328,True
10,0,2,3,1,1267,0,-0.08509059590284881,False
5,0,1,2,0,1267,0,-1.1244615671818854,True
14,1,0,3,1,1267,1,0.11765821254193135,True
19,1,1,4,0,1267,0,-1.5962861019741152,True
2,0,0,3,1,1268,1,1.4125685086422393,True
3,0,0,4,0,1268,0,-0.5697758815557016,True
22,1,2,3,1,1268,1,0.4980190236518919,True
23,1,2,4,0,1268,0,-1.1532591417811564,True
4,0,1,1,1,1269,0,-0.5116979833390909,False
1,0,0,2,0,1269,0,-0.19914487030377168,True
18,1,1,3,1,1269,1,0.6585083749222571,True
15,1,0,4,0,1269,0,-1.2228195777157813,True
8,0,2,1,1,1270,1,1.146560703900855,True
9,0,2,2,0,1270,0,-0.357043443934237,True
12,1,0,1,1,1270,1,0.4919648056338834,True
23,1,2,4,0,1270,0,-1.0181533292229394,True
4,0,1,1,1,1271,0,-0.47929720990033037,False
5,0,1,2,0,1271,0,-1.97918291459446,True
20,1,2,1,1,1271,0,-0.0072410435089085845,False
13,1,0,2,0,1271,0,-0.608209830133116,True
2,0,0,3,1,1272,1,1.2775665506965352,True
5,0,1,2,0,1272,0,-1.1695897946192635,True
16,1,1,1,1,1272,0,-0.4222707654829213,False
13,1,0,2,0,1272,0,-0.7034627125466001,True
6,0,1,3,1,1273,1,1.0748938951098412,True
5,0,1,2,0,1273,0,-0.7245712946243904,True
22,1,2,3,1,1273,0,-0.08036962237622856,False
17,1,1,2,0,1273,1,0.12246609966094492,False
4,0,1,1,1,1274,0,-0.4812830694653584,False
11,0,2,4,0,1274,0,-0.6950057675146228,True
14,1,0,3,1,1274,1,0.362883171774165,True
21,1,2,2,0,1274,0,-0.3438762101611352,True
8,0,2,1,1,1275,1,0.5512065676497231,True
7,0,1,4,0,1275,1,0.041113062641796594,False
18,1,1,3,1,1275,1,0.9332771349754869,True
23,1,2,4,0,1275,0,-0.7792520420911038,True
10,0,2,3,1,1276,1,0.30398939629837707,True
7,0,1,4,0,1276,0,-0.5306491166256,True
22,1,2,3,1,1276,1,0.34768184673984615,True
15,1,0,4,0,1276,0,-0.7885195132644147,True
0,0,0,1,1,1277,1,1.0624777821065579,True
1,0,0,2,0,1277,0,-0.2335310255108582,True
22,1,2,3,1,1277,0,-0.000719158900022776,False
21,1,2,2,0,1277,0,-0.3196544559111422,True
2,0,0,3,1,1278,1,1.5420022780488685,True
3,0,0,4,0,1278,0,-0.6542190982050179,True
22,1,2,3,1,1278,1,0.4832103977454406,True
21,1,2,2,0,1278,0,-0.48406406220987386,True
2,0,0,3,1,1279,1,1.4526166658423088,True
5,0,1,2,0,1279,0,-1.0848032309816893,True
20,1,2,1,1,1279,1,0.18039726672404333,True
17,1,1,2,0,1279,1,0.3185383355000123,False
2,0,0,3,1,1280,1,0.9038932743928036,True
7,0,1,4,0,1280,0,-0.47777954602262795,True
14,1,0,3,1,1280,1,0.4202660778303411,True
19,1,1,4,0,1280,0,-1.1226789505188624,True
0,0,0,1,1,1281,1,0.7753533578267664,True
11,0,2,4,0,1281,0,-0.4644467844884854,True
12,1,0,1,1,1281,0,-0.16234908104742818,False
17,1,1,2,0,1281,0,-0.07616929695959575,True
0,0,0,1,1,1282,1,1.3688591364005394,True
3,0,0,4,0,1282,0,-0.4496605235896852,True
16,1,1,1,1,1282,1,0.0067874371105273446,True
15,1,0,4,0,1282,0,-0.4852657188969466,True
0,0,0,1,1,1283,1,1.2205932479396997,True
5,0,1,2,0,1283,0,-1.0797346554434635,True
22,1,2,3,1,1283,1,0.06427513123752396,True
13,1,0,2,0,1283,0,-0.44789586690888716,True
6,0,1,3,1,1284,1,0.7987624655200333,True
3,0,0,4,0,1284,0,-0.6558429810641279,True
12,1,0,1,1,1284,1,0.119779103195171,True
19,1,1,4,0,1284,0,-1.3494151787588233,True
0,0,0,1,1,1285,1,0.8133903737007474,True
3,0,0,4,0,1285,0,-0.8271357579805126,True
12,1,0,1,1,1285,1,0.09698594490508727,True
23,1,2,4,0,1285,0,-0.8133838845749887,True
2,0,0,3,1,1286,1,0.9571880926728767,True
3,0,0,4,0,1286,0,-0.202452479325559,True
18,1,1,3,1,1286,1,0.6654921126737346,True
23,1,2,4,0,1286,0,-0.8037944427684512,True
6,0,1,3,1,1287,1,1.562777445529436,True
1,0,0,2,0,1287,1,0.4080509567115333,False
20,1,2,1,1,1287,1,0.46474704940464656,True
19,1,1,4,0,1287,0,-1.447711535347425,True
10,0,2,3,1,1288,1,0.18305538916041209,True
3,0,0,4,0,1288,0,-0.6275599051596347,True
18,1,1,3,1,1288,1,0.7094414528067541,True
19,1,1,4,0,1288,0,-1.6011978671976093,True
6,0,1,3,1,1289,1,1.6527284908383035,True
5,0,1,2,0,1289,0,-1.3731774920445559,True
20,1,2,1,1,1289,1,0.11294069634078896,True
23,1,2,4,0,1289,0,-0.4863204056645186,True
8,0,2,1,1,1290,1,0.11656358748393636,True
3,0,0,4,0,1290,0,-0.5064588769725997,True
14,1,0,3,1,1290,1,0.8681247539073578,True
17,1,1,2,0,1290,1,0.0689300561696875,False
4,0,1,1,1,1291,0,-0.5604750366213889,False
1,0,0,2,0,1291,1,0.05087574608457851,False
12,1,0,1,1,1291,0,-0.19918228445933567,False
23,1,2,4,0,1291,0,-0.9589780753197914,True
4,0,1,1,1,1292,0,-0.5735734596045843,False
3,0,0,4,0,1292,0,-1.0574780238573211,True
18,1,1,3,1,1292,1,0.37543877799847225,True
23,1,2,4,0,1292,0,-1.20092644054504,True
0,0,0,1,1,1293,1,0.9873686868590861,True
7,0,1,4,0,1293,0,-0.2108184947815835,True
22,1,2,3,1,1293,1,0.08933961576183064,True
19,1,1,4,0,1293,0,-1.3439170579192536,True
6,0,1,3,1,1294,1,1.0438479135615086,True
3,0,0,4,0,1294,0,-0.6019003380886401,True
18,1,1,3,1,1294,1,0.5450074934141411,True
21,1,2,2,0,1294,0,-0.4417624736312991,True
8,0,2,1,1,1295,1,0.9202829351326509,True
7,0,1,4,0,1295,0,-0.3056393936137984,True
12,1,0,1,1,1295,1,0.41631076464375233,True
15,1,0,4,0,1295,0,-0.7827086727721955,True
